arm,replay/abandoned,replay/active_goals,replay/admitted,replay/chunks,replay/episodes,replay/episodes_seen,replay/goal_0/episodes,replay/goal_0/sampled,replay/goal_0/sampled_total,replay/goal_0/transitions,replay/goal_1/episodes,replay/goal_1/sampled,replay/goal_1/sampled_total,replay/goal_1/transitions,replay/goal_2/episodes,replay/goal_2/sampled,replay/goal_2/sampled_total,replay/goal_2/transitions,replay/goal_3/episodes,replay/goal_3/sampled,replay/goal_3/sampled_total,replay/goal_3/transitions,replay/goal_4/episodes,replay/goal_4/sampled,replay/goal_4/sampled_total,replay/goal_4/transitions,replay/goal_5/episodes,replay/goal_5/sampled,replay/goal_5/sampled_total,replay/goal_5/transitions,replay/inserts,replay/items,replay/ram_gb,replay/rejected,replay/replaced,replay/replay_ratio,replay/samples,replay/sampling/current_fraction,replay/sampling/current_group,replay/sampling/is_current_old,replay/streams,replay/updates,seed,step
current_old_50_50,0.0,1.0,820.0,0.0,820.0,820.0,820.0,23376.0,23376.0,23562.0,0.0,0.0,0.0,0.0,0.0,0.0,0.0,0.0,0.0,0.0,0.0,0.0,0.0,0.0,0.0,0.0,0.0,0.0,0.0,0.0,23620.0,23562.0,0.2704576123505831,0.0,0.0,31.66943268416596,23376.0,0.5,0.0,1.0,1.0,0.0,0,23620
current_old_50_50,0.0,1.0,282.0,0.0,1000.0,1108.0,1000.0,23672.0,47048.0,41848.0,0.0,0.0,0.0,0.0,0.0,0.0,0.0,0.0,0.0,0.0,0.0,0.0,0.0,0.0,0.0,0.0,0.0,0.0,0.0,0.0,23670.0,41848.0,0.4803543910384178,6.0,102.0,32.00270384452894,23672.0,0.5,0.0,1.0,1.0,0.0,0,47290
current_old_50_50,0.0,1.0,285.0,0.0,1000.0,1483.0,1000.0,23776.0,70824.0,45994.0,0.0,0.0,0.0,0.0,0.0,0.0,0.0,0.0,0.0,0.0,0.0,0.0,0.0,0.0,0.0,0.0,0.0,0.0,0.0,0.0,23780.0,45994.0,0.5279444623738527,90.0,285.0,31.9946173254836,23776.0,0.5,0.0,1.0,1.0,0.0,0,71070
current_old_50_50,0.0,1.0,310.0,0.0,1000.0,2030.0,1000.0,23752.0,94576.0,46088.0,0.0,0.0,0.0,0.0,0.0,0.0,0.0,0.0,0.0,0.0,0.0,0.0,0.0,0.0,0.0,0.0,0.0,0.0,0.0,0.0,23750.0,46088.0,0.5290234461426735,237.0,310.0,32.0026947368421,23752.0,0.5,0.0,1.0,0.0,0.0,0,94820
current_old_50_50,0.0,1.0,490.0,0.0,1000.0,3328.0,1000.0,23640.0,118216.0,35170.0,0.0,0.0,0.0,0.0,0.0,0.0,0.0,0.0,0.0,0.0,0.0,0.0,0.0,0.0,0.0,0.0,0.0,0.0,0.0,0.0,23640.0,35170.0,0.4037006292492151,808.0,490.0,32.0,23640.0,0.5,0.0,1.0,1.0,0.0,0,118460
current_old_50_50,0.0,1.0,323.0,0.0,1000.0,4597.0,1000.0,23728.0,141944.0,30877.0,0.0,0.0,0.0,0.0,0.0,0.0,0.0,0.0,0.0,0.0,0.0,0.0,0.0,0.0,0.0,0.0,0.0,0.0,0.0,0.0,23730.0,30877.0,0.35442321095615625,946.0,323.0,31.99730299199326,23728.0,0.5,0.0,1.0,1.0,0.0,0,142190
current_old_50_50,0.0,1.0,241.0,0.0,1000.0,5867.0,1000.0,23712.0,165656.0,28571.0,0.0,0.0,0.0,0.0,0.0,0.0,0.0,0.0,0.0,0.0,0.0,0.0,0.0,0.0,0.0,0.0,0.0,0.0,0.0,0.0,23710.0,28571.0,0.32795367296785116,1029.0,241.0,32.002699283002954,23712.0,0.5,0.0,1.0,1.0,0.0,0,165900
current_old_50_50,0.0,1.0,187.0,0.0,1000.0,7061.0,1000.0,23712.0,189368.0,27094.0,0.0,0.0,0.0,0.0,0.0,0.0,0.0,0.0,0.0,0.0,0.0,0.0,0.0,0.0,0.0,0.0,0.0,0.0,0.0,0.0,23710.0,27094.0,0.3109998535364866,1007.0,187.0,32.002699283002954,23712.0,0.5,0.0,1.0,1.0,0.0,0,189610
current_old_50_50,1.0,2.0,311.0,0.0,1240.0,7931.0,1000.0,22604.0,211972.0,26574.0,240.0,11940.0,11940.0,24046.0,0.0,0.0,0.0,0.0,0.0,0.0,0.0,0.0,0.0,0.0,0.0,0.0,0.0,0.0,0.0,0.0,34530.0,50620.0,0.5810442380607128,559.0,71.0,32.012974225311325,34544.0,0.5,1.0,1.0,1.0,0.0,0,224140
current_old_50_50,0.0,2.0,237.0,0.0,1477.0,8168.0,1000.0,11808.0,223780.0,26574.0,477.0,11904.0,23844.0,47799.0,0.0,0.0,0.0,0.0,0.0,0.0,0.0,0.0,0.0,0.0,0.0,0.0,0.0,0.0,0.0,0.0,23710.0,74373.0,0.8536942536011338,0.0,0.0,32.002699283002954,23712.0,0.5,1.0,1.0,1.0,0.0,0,247850
current_old_50_50,0.0,2.0,247.0,0.0,1724.0,8415.0,1000.0,11910.0,235690.0,26574.0,724.0,11746.0,35590.0,71497.0,0.0,0.0,0.0,0.0,0.0,0.0,0.0,0.0,0.0,0.0,0.0,0.0,0.0,0.0,0.0,0.0,23660.0,98071.0,1.1257129488512874,0.0,0.0,31.994590025359255,23656.0,0.5,1.0,1.0,1.0,0.0,0,271510
current_old_50_50,0.0,2.0,245.0,0.0,1969.0,8660.0,1000.0,11742.0,247432.0,26574.0,969.0,11898.0,47488.0,95069.0,0.0,0.0,0.0,0.0,0.0,0.0,0.0,0.0,0.0,0.0,0.0,0.0,0.0,0.0,0.0,0.0,23640.0,121643.0,1.3962853467091918,0.0,0.0,32.0,23640.0,0.5,1.0,1.0,1.0,0.0,0,295150
current_old_50_50,0.0,2.0,265.0,0.0,2000.0,8954.0,1000.0,11696.0,259128.0,26574.0,1000.0,11784.0,59272.0,93843.0,0.0,0.0,0.0,0.0,0.0,0.0,0.0,0.0,0.0,0.0,0.0,0.0,0.0,0.0,0.0,0.0,23480.0,120417.0,1.3822126435115933,29.0,234.0,32.0,23480.0,0.5,1.0,1.0,1.0,0.0,0,318630
current_old_50_50,0.0,2.0,265.0,0.0,2000.0,9324.0,1000.0,11732.0,270860.0,26574.0,1000.0,11828.0,71100.0,87385.0,0.0,0.0,0.0,0.0,0.0,0.0,0.0,0.0,0.0,0.0,0.0,0.0,0.0,0.0,0.0,0.0,23560.0,113959.0,1.3080841628834605,105.0,265.0,32.0,23560.0,0.5,1.0,1.0,1.0,0.0,0,342190
current_old_50_50,0.0,2.0,313.0,0.0,2000.0,9921.0,1000.0,11670.0,282530.0,26574.0,1000.0,11930.0,83030.0,74931.0,0.0,0.0,0.0,0.0,0.0,0.0,0.0,0.0,0.0,0.0,0.0,0.0,0.0,0.0,0.0,0.0,23600.0,101505.0,1.1651302920654416,284.0,313.0,32.0,23600.0,0.5,1.0,1.0,1.0,0.0,0,365790
current_old_50_50,0.0,2.0,329.0,0.0,2000.0,10871.0,1000.0,11782.0,294312.0,26574.0,1000.0,11770.0,94800.0,61338.0,0.0,0.0,0.0,0.0,0.0,0.0,0.0,0.0,0.0,0.0,0.0,0.0,0.0,0.0,0.0,0.0,23550.0,87912.0,1.00910235196352,621.0,329.0,32.00271762208068,23552.0,0.5,1.0,1.0,1.0,0.0,0,389340
current_old_50_50,1.0,3.0,374.0,0.0,2250.0,11562.0,1000.0,11251.0,305563.0,26574.0,1000.0,11344.0,106144.0,56981.0,250.0,11981.0,11981.0,23891.0,0.0,0.0,0.0,0.0,0.0,0.0,0.0,0.0,0.0,0.0,0.0,0.0,34570.0,107446.0,1.2333243619650602,317.0,124.0,32.00555394851027,34576.0,0.5,2.0,1.0,1.0,0.0,0,423910
current_old_50_50,0.0,3.0,236.0,0.0,2486.0,11798.0,1000.0,5920.0,311483.0,26574.0,1000.0,5829.0,111973.0,56981.0,486.0,11755.0,23736.0,47315.0,0.0,0.0,0.0,0.0,0.0,0.0,0.0,0.0,0.0,0.0,0.0,0.0,23500.0,130870.0,1.5021979343146086,0.0,0.0,32.00544680851064,23504.0,0.5,2.0,1.0,1.0,0.0,0,447410
current_old_50_50,0.0,3.0,273.0,0.0,2759.0,12071.0,1000.0,5958.0,317441.0,26574.0,1000.0,5855.0,117828.0,56981.0,759.0,11627.0,35363.0,70795.0,0.0,0.0,0.0,0.0,0.0,0.0,0.0,0.0,0.0,0.0,0.0,0.0,23440.0,154350.0,1.7717143055051565,0.0,0.0,32.0,23440.0,0.5,2.0,1.0,1.0,0.0,0,470850
current_old_50_50,0.0,3.0,233.0,0.0,2992.0,12304.0,1000.0,5804.0,323245.0,26574.0,1000.0,5758.0,123586.0,56981.0,992.0,11838.0,47201.0,94239.0,0.0,0.0,0.0,0.0,0.0,0.0,0.0,0.0,0.0,0.0,0.0,0.0,23400.0,177794.0,2.0408174488693476,0.0,0.0,32.0,23400.0,0.5,2.0,1.0,1.0,0.0,0,494250
current_old_50_50,0.0,3.0,211.0,0.0,3000.0,12551.0,1000.0,5808.0,329053.0,26574.0,1000.0,5944.0,129530.0,56981.0,1000.0,11624.0,58825.0,94505.0,0.0,0.0,0.0,0.0,0.0,0.0,0.0,0.0,0.0,0.0,0.0,0.0,23380.0,178060.0,2.0438707433640957,36.0,203.0,31.9945252352438,23376.0,0.5,2.0,1.0,1.0,0.0,0,517630
current_old_50_50,0.0,3.0,187.0,0.0,3000.0,12805.0,1000.0,5953.0,335006.0,26574.0,1000.0,5841.0,135371.0,56981.0,1000.0,11630.0,70455.0,94521.0,0.0,0.0,0.0,0.0,0.0,0.0,0.0,0.0,0.0,0.0,0.0,0.0,23420.0,178076.0,2.04405440017581,67.0,187.0,32.005465414175916,23424.0,0.5,2.0,1.0,1.0,0.0,0,541050
current_old_50_50,0.0,3.0,159.0,0.0,3000.0,13045.0,1000.0,5827.0,340833.0,26574.0,1000.0,5929.0,141300.0,56981.0,1000.0,11620.0,82075.0,94648.0,0.0,0.0,0.0,0.0,0.0,0.0,0.0,0.0,0.0,0.0,0.0,0.0,23380.0,178203.0,2.045512176118791,81.0,159.0,31.9945252352438,23376.0,0.5,2.0,1.0,1.0,0.0,0,564430
current_old_50_50,0.0,3.0,125.0,0.0,3000.0,13278.0,1000.0,5901.0,346734.0,26574.0,1000.0,5840.0,147140.0,56981.0,1000.0,11571.0,93646.0,95044.0,0.0,0.0,0.0,0.0,0.0,0.0,0.0,0.0,0.0,0.0,0.0,0.0,23310.0,178599.0,2.050057682208717,108.0,125.0,32.002745602745605,23312.0,0.5,2.0,1.0,1.0,0.0,0,587740
current_old_50_50,1.0,4.0,295.0,0.0,3235.0,13636.0,1000.0,6970.0,353704.0,26574.0,1000.0,7008.0,154148.0,56981.0,1000.0,10110.0,103756.0,95651.0,235.0,11968.0,11968.0,23735.0,0.0,0.0,0.0,0.0,0.0,0.0,0.0,0.0,36050.0,202941.0,2.329468564130366,63.0,60.0,32.005325936199725,36056.0,0.5,3.0,1.0,1.0,0.0,0,623790
current_old_50_50,0.0,4.0,231.0,0.0,3466.0,13867.0,1000.0,3859.0,357563.0,26574.0,1000.0,3996.0,158144.0,56981.0,1000.0,3952.0,107708.0,95651.0,466.0,11537.0,23505.0,47066.0,0.0,0.0,0.0,0.0,0.0,0.0,0.0,0.0,23340.0,226272.0,2.5972746312618256,0.0,0.0,32.00548414738646,23344.0,0.5,3.0,1.0,1.0,0.0,0,647130
current_old_50_50,0.0,4.0,231.0,0.0,3697.0,14098.0,1000.0,3920.0,361483.0,26574.0,1000.0,3846.0,161990.0,56981.0,1000.0,3783.0,111491.0,95651.0,697.0,11747.0,35252.0,70397.0,0.0,0.0,0.0,0.0,0.0,0.0,0.0,0.0,23300.0,249603.0,2.8650806983932853,0.0,0.0,31.99450643776824,23296.0,0.5,3.0,1.0,1.0,0.0,0,670430
current_old_50_50,0.0,4.0,231.0,0.0,3928.0,14329.0,1000.0,3889.0,365372.0,26574.0,1000.0,3948.0,165938.0,56981.0,1000.0,3941.0,115432.0,95651.0,928.0,11534.0,46786.0,93728.0,0.0,0.0,0.0,0.0,0.0,0.0,0.0,0.0,23310.0,272934.0,3.132886765524745,0.0,0.0,32.002745602745605,23312.0,0.5,3.0,1.0,1.0,0.0,0,693740
current_old_50_50,0.0,4.0,218.0,0.0,4000.0,14558.0,1000.0,3942.0,369314.0,26574.0,1000.0,3851.0,169789.0,56981.0,1000.0,3736.0,119168.0,95651.0,1000.0,11679.0,58465.0,101000.0,0.0,0.0,0.0,0.0,0.0,0.0,0.0,0.0,23210.0,280206.0,3.2163587864488363,11.0,146.0,31.99724256785868,23208.0,0.5,3.0,1.0,1.0,0.0,0,716950
current_old_50_50,0.0,4.0,178.0,0.0,4000.0,14789.0,1000.0,3890.0,373204.0,26574.0,1000.0,3961.0,173750.0,56981.0,1000.0,3855.0,123023.0,95651.0,1000.0,11534.0,69999.0,101000.0,0.0,0.0,0.0,0.0,0.0,0.0,0.0,0.0,23240.0,280206.0,3.2163587864488363,53.0,178.0,32.0,23240.0,0.5,3.0,1.0,1.0,0.0,0,740190
current_old_50_50,0.0,4.0,156.0,0.0,4000.0,15019.0,1000.0,3865.0,377069.0,26574.0,1000.0,3888.0,177638.0,56981.0,1000.0,3947.0,126970.0,95651.0,1000.0,11580.0,81579.0,101000.0,0.0,0.0,0.0,0.0,0.0,0.0,0.0,0.0,23280.0,280206.0,3.2163587864488363,74.0,156.0,32.0,23280.0,0.5,3.0,1.0,1.0,0.0,0,763470
current_old_50_50,0.0,4.0,127.0,0.0,4000.0,15249.0,1000.0,3817.0,380886.0,26574.0,1000.0,3895.0,181533.0,56981.0,1000.0,3873.0,130843.0,95651.0,1000.0,11663.0,93242.0,101000.0,0.0,0.0,0.0,0.0,0.0,0.0,0.0,0.0,23250.0,280206.0,3.2163587864488363,103.0,127.0,31.997247311827955,23248.0,0.5,3.0,1.0,1.0,0.0,0,786720
current_old_50_50,0.0,1.0,778.0,0.0,778.0,778.0,778.0,23208.0,23208.0,23424.0,0.0,0.0,0.0,0.0,0.0,0.0,0.0,0.0,0.0,0.0,0.0,0.0,0.0,0.0,0.0,0.0,0.0,0.0,0.0,0.0,23450.0,23424.0,0.26887357234954834,0.0,0.0,31.669765458422177,23208.0,0.5,0.0,1.0,1.0,0.0,1,23450
current_old_50_50,0.0,1.0,294.0,0.0,1000.0,1077.0,1000.0,23456.0,46664.0,43118.0,0.0,0.0,0.0,0.0,0.0,0.0,0.0,0.0,0.0,0.0,0.0,0.0,0.0,0.0,0.0,0.0,0.0,0.0,0.0,0.0,23460.0,43118.0,0.49493215046823025,5.0,72.0,31.99454390451833,23456.0,0.5,0.0,1.0,1.0,0.0,1,46910
current_old_50_50,0.0,1.0,375.0,0.0,1000.0,1566.0,1000.0,23448.0,70112.0,45286.0,0.0,0.0,0.0,0.0,0.0,0.0,0.0,0.0,0.0,0.0,0.0,0.0,0.0,0.0,0.0,0.0,0.0,0.0,0.0,0.0,23450.0,45286.0,0.5198176484555006,114.0,375.0,31.99727078891258,23448.0,0.5,0.0,1.0,1.0,0.0,1,70360
current_old_50_50,0.0,1.0,427.0,0.0,1000.0,2346.0,1000.0,23504.0,93616.0,39952.0,0.0,0.0,0.0,0.0,0.0,0.0,0.0,0.0,0.0,0.0,0.0,0.0,0.0,0.0,0.0,0.0,0.0,0.0,0.0,0.0,23500.0,39952.0,0.4585910588502884,353.0,427.0,32.00544680851064,23504.0,0.5,0.0,1.0,1.0,0.0,1,93860
current_old_50_50,0.0,1.0,283.0,0.0,1000.0,3121.0,1000.0,23448.0,117064.0,38754.0,0.0,0.0,0.0,0.0,0.0,0.0,0.0,0.0,0.0,0.0,0.0,0.0,0.0,0.0,0.0,0.0,0.0,0.0,0.0,0.0,23450.0,38754.0,0.44483975507318974,492.0,283.0,31.99727078891258,23448.0,0.5,0.0,1.0,1.0,0.0,1,117310
current_old_50_50,0.0,1.0,225.0,0.0,1000.0,3960.0,1000.0,23488.0,140552.0,35590.0,0.0,0.0,0.0,0.0,0.0,0.0,0.0,0.0,0.0,0.0,0.0,0.0,0.0,0.0,0.0,0.0,0.0,0.0,0.0,0.0,23490.0,35590.0,0.40852162055671215,614.0,225.0,31.997275436355896,23488.0,0.5,0.0,1.0,1.0,0.0,1,140800
current_old_50_50,0.0,1.0,240.0,0.0,1000.0,4981.0,1000.0,23512.0,164064.0,32710.0,0.0,0.0,0.0,0.0,0.0,0.0,0.0,0.0,0.0,0.0,0.0,0.0,0.0,0.0,0.0,0.0,0.0,0.0,0.0,0.0,23510.0,32710.0,0.3754633944481611,781.0,240.0,32.00272224585283,23512.0,0.5,0.0,1.0,1.0,0.0,1,164310
current_old_50_50,0.0,1.0,218.0,0.0,1000.0,6182.0,1000.0,23488.0,187552.0,30316.0,0.0,0.0,0.0,0.0,0.0,0.0,0.0,0.0,0.0,0.0,0.0,0.0,0.0,0.0,0.0,0.0,0.0,0.0,0.0,0.0,23490.0,30316.0,0.3479837439954281,983.0,218.0,31.997275436355896,23488.0,0.5,0.0,1.0,1.0,0.0,1,187800
current_old_50_50,1.0,2.0,332.0,0.0,1239.0,7071.0,1000.0,24299.0,211851.0,29927.0,239.0,12029.0,12029.0,24060.0,0.0,0.0,0.0,0.0,0.0,0.0,0.0,0.0,0.0,0.0,0.0,0.0,0.0,0.0,0.0,0.0,36320.0,53987.0,0.619692518375814,557.0,93.0,32.00704845814978,36328.0,0.5,1.0,1.0,1.0,0.0,1,224120
current_old_50_50,0.0,2.0,235.0,0.0,1474.0,7306.0,1000.0,11874.0,223725.0,29927.0,474.0,11838.0,23867.0,47795.0,0.0,0.0,0.0,0.0,0.0,0.0,0.0,0.0,0.0,0.0,0.0,0.0,0.0,0.0,0.0,0.0,23710.0,77722.0,0.8921359200030565,0.0,0.0,32.002699283002954,23712.0,0.5,1.0,1.0,1.0,0.0,1,247830
current_old_50_50,0.0,2.0,233.0,0.0,1707.0,7539.0,1000.0,11832.0,235557.0,29927.0,707.0,11752.0,35619.0,71328.0,0.0,0.0,0.0,0.0,0.0,0.0,0.0,0.0,0.0,0.0,0.0,0.0,0.0,0.0,0.0,0.0,23580.0,101255.0,1.1622606543824077,0.0,0.0,32.00542832909245,23584.0,0.5,1.0,1.0,1.0,0.0,1,271410
current_old_50_50,0.0,2.0,414.0,0.0,2000.0,7960.0,1000.0,11807.0,247364.0,29927.0,1000.0,11769.0,47388.0,84127.0,0.0,0.0,0.0,0.0,0.0,0.0,0.0,0.0,0.0,0.0,0.0,0.0,0.0,0.0,0.0,0.0,23580.0,114054.0,1.3091746252030134,7.0,121.0,31.99457167090755,23576.0,0.5,1.0,1.0,1.0,0.0,1,294990
current_old_50_50,0.0,2.0,603.0,0.0,2000.0,8898.0,1000.0,11494.0,258858.0,29927.0,1000.0,11994.0,59382.0,59102.0,0.0,0.0,0.0,0.0,0.0,0.0,0.0,0.0,0.0,0.0,0.0,0.0,0.0,0.0,0.0,0.0,23490.0,89029.0,1.0219238931313157,335.0,603.0,31.997275436355896,23488.0,0.5,1.0,1.0,1.0,0.0,1,318480
current_old_50_50,0.0,2.0,425.0,0.0,2000.0,9947.0,1000.0,11746.0,270604.0,29927.0,1000.0,11790.0,71172.0,45785.0,0.0,0.0,0.0,0.0,0.0,0.0,0.0,0.0,0.0,0.0,0.0,0.0,0.0,0.0,0.0,0.0,23530.0,75712.0,0.8690640330314636,624.0,425.0,32.0081597960051,23536.0,0.5,1.0,1.0,0.0,0.0,1,342010
current_old_50_50,0.0,2.0,337.0,0.0,2000.0,11154.0,1000.0,11747.0,282351.0,29927.0,1000.0,11789.0,82961.0,38834.0,0.0,0.0,0.0,0.0,0.0,0.0,0.0,0.0,0.0,0.0,0.0,0.0,0.0,0.0,0.0,0.0,23540.0,68761.0,0.7892766268923879,870.0,337.0,31.994562446898897,23536.0,0.5,1.0,1.0,1.0,0.0,1,365550
current_old_50_50,0.0,2.0,247.0,0.0,2000.0,12363.0,1000.0,11763.0,294114.0,29927.0,1000.0,11765.0,94726.0,35340.0,0.0,0.0,0.0,0.0,0.0,0.0,0.0,0.0,0.0,0.0,0.0,0.0,0.0,0.0,0.0,0.0,23530.0,65267.0,0.7491705706343055,962.0,247.0,31.9972800679983,23528.0,0.5,1.0,1.0,0.0,0.0,1,389080
current_old_50_50,1.0,3.0,344.0,0.0,2258.0,13100.0,1000.0,11407.0,305521.0,29927.0,1000.0,11463.0,106189.0,33479.0,258.0,12034.0,12034.0,23923.0,0.0,0.0,0.0,0.0,0.0,0.0,0.0,0.0,0.0,0.0,0.0,0.0,34890.0,87329.0,1.002410356886685,393.0,86.0,32.012840355402695,34904.0,0.5,2.0,1.0,1.0,0.0,1,423970
current_old_50_50,0.0,3.0,236.0,0.0,2494.0,13336.0,1000.0,5887.0,311408.0,29927.0,1000.0,5786.0,111975.0,33479.0,494.0,11871.0,23905.0,47456.0,0.0,0.0,0.0,0.0,0.0,0.0,0.0,0.0,0.0,0.0,0.0,0.0,23550.0,110862.0,1.272535091266036,0.0,0.0,31.99184713375796,23544.0,0.5,2.0,1.0,1.0,0.0,1,447520
current_old_50_50,0.0,3.0,261.0,0.0,2755.0,13597.0,1000.0,5998.0,317406.0,29927.0,1000.0,5934.0,117909.0,33479.0,755.0,11564.0,35469.0,70982.0,0.0,0.0,0.0,0.0,0.0,0.0,0.0,0.0,0.0,0.0,0.0,0.0,23490.0,134388.0,1.5425794757902622,0.0,0.0,32.00817369093231,23496.0,0.5,2.0,1.0,1.0,0.0,1,471010
current_old_50_50,0.0,3.0,264.0,0.0,3000.0,13861.0,1000.0,5916.0,323322.0,29927.0,1000.0,5852.0,123761.0,33479.0,1000.0,11640.0,47109.0,92575.0,0.0,0.0,0.0,0.0,0.0,0.0,0.0,0.0,0.0,0.0,0.0,0.0,23410.0,155981.0,1.79043582174927,0.0,19.0,31.997266125587355,23408.0,0.5,2.0,1.0,1.0,0.0,1,494420
current_old_50_50,0.0,3.0,611.0,0.0,3000.0,14728.0,1000.0,5951.0,329273.0,29927.0,1000.0,5920.0,129681.0,33479.0,1000.0,11489.0,58598.0,63837.0,0.0,0.0,0.0,0.0,0.0,0.0,0.0,0.0,0.0,0.0,0.0,0.0,23360.0,127243.0,1.4605652308091521,256.0,611.0,32.0,23360.0,0.5,2.0,1.0,1.0,0.0,1,517780
current_old_50_50,0.0,3.0,262.0,0.0,3000.0,15270.0,1000.0,5887.0,335160.0,29927.0,1000.0,5960.0,135641.0,33479.0,1000.0,11585.0,70183.0,59955.0,0.0,0.0,0.0,0.0,0.0,0.0,0.0,0.0,0.0,0.0,0.0,0.0,23430.0,123361.0,1.416005496867001,280.0,262.0,32.00273154075971,23432.0,0.5,2.0,1.0,1.0,0.0,1,541210
current_old_50_50,0.0,3.0,86.0,0.0,3000.0,15504.0,1000.0,5898.0,341058.0,29927.0,1000.0,5894.0,141535.0,33479.0,1000.0,11648.0,81831.0,63257.0,0.0,0.0,0.0,0.0,0.0,0.0,0.0,0.0,0.0,0.0,0.0,0.0,23440.0,126663.0,1.4539076713845134,148.0,86.0,32.0,23440.0,0.5,2.0,1.0,1.0,0.0,1,564650
current_old_50_50,0.0,3.0,91.0,0.0,3000.0,15749.0,1000.0,5813.0,346871.0,29927.0,1000.0,6010.0,147545.0,33479.0,1000.0,11561.0,93392.0,66496.0,0.0,0.0,0.0,0.0,0.0,0.0,0.0,0.0,0.0,0.0,0.0,0.0,23390.0,129902.0,1.4910866972059011,154.0,91.0,31.991791363830696,23384.0,0.5,2.0,1.0,1.0,0.0,1,588040
current_old_50_50,1.0,4.0,369.0,0.0,3235.0,16371.0,1000.0,7025.0,353896.0,29927.0,1000.0,6867.0,154412.0,33479.0,1000.0,10076.0,103468.0,61338.0,235.0,11776.0,11776.0,23697.0,0.0,0.0,0.0,0.0,0.0,0.0,0.0,0.0,35730.0,148441.0,1.7038875492289662,253.0,134.0,32.01253848306745,35744.0,0.5,3.0,1.0,1.0,0.0,1,623770
current_old_50_50,0.0,4.0,230.0,0.0,3465.0,16601.0,1000.0,3912.0,357808.0,29927.0,1000.0,3885.0,158297.0,33479.0,1000.0,3907.0,107375.0,61338.0,465.0,11544.0,23320.0,46927.0,0.0,0.0,0.0,0.0,0.0,0.0,0.0,0.0,23250.0,171671.0,1.9705342827364802,0.0,0.0,31.997247311827955,23248.0,0.5,3.0,1.0,1.0,0.0,1,647020
current_old_50_50,0.0,4.0,231.0,0.0,3696.0,16832.0,1000.0,3897.0,361705.0,29927.0,1000.0,4046.0,162343.0,33479.0,1000.0,3796.0,111171.0,61338.0,696.0,11533.0,34853.0,70258.0,0.0,0.0,0.0,0.0,0.0,0.0,0.0,0.0,23270.0,195002.0,2.23834034986794,0.0,0.0,32.00275032230339,23272.0,0.5,3.0,1.0,1.0,0.0,1,670290
current_old_50_50,0.0,4.0,230.0,0.0,3926.0,17062.0,1000.0,3814.0,365519.0,29927.0,1000.0,3791.0,166134.0,33479.0,1000.0,3881.0,115052.0,61338.0,926.0,11754.0,46607.0,93488.0,0.0,0.0,0.0,0.0,0.0,0.0,0.0,0.0,23240.0,218232.0,2.504987083375454,0.0,0.0,32.0,23240.0,0.5,3.0,1.0,1.0,0.0,1,693530
current_old_50_50,0.0,4.0,213.0,0.0,4000.0,17291.0,1000.0,3913.0,369432.0,29927.0,1000.0,3782.0,169916.0,33479.0,1000.0,3939.0,118991.0,61338.0,1000.0,11494.0,58101.0,100962.0,0.0,0.0,0.0,0.0,0.0,0.0,0.0,0.0,23130.0,225706.0,2.5907777715474367,16.0,139.0,31.997233030696066,23128.0,0.5,3.0,1.0,1.0,0.0,1,716660
current_old_50_50,0.0,4.0,184.0,0.0,4000.0,17521.0,1000.0,3903.0,373335.0,29927.0,1000.0,3835.0,173751.0,33479.0,1000.0,3874.0,122865.0,61338.0,1000.0,11604.0,69705.0,100962.0,0.0,0.0,0.0,0.0,0.0,0.0,0.0,0.0,23220.0,225706.0,2.5907777715474367,46.0,184.0,31.994487510766582,23216.0,0.5,3.0,1.0,1.0,0.0,1,739880
current_old_50_50,0.0,4.0,156.0,0.0,4000.0,17751.0,1000.0,3981.0,377316.0,29927.0,1000.0,3839.0,177590.0,33479.0,1000.0,3870.0,126735.0,61338.0,1000.0,11606.0,81311.0,100962.0,0.0,0.0,0.0,0.0,0.0,0.0,0.0,0.0,23290.0,225706.0,2.5907777715474367,74.0,156.0,32.0082438814942,23296.0,0.5,3.0,1.0,1.0,0.0,1,763170
current_old_50_50,0.0,4.0,136.0,0.0,4000.0,17981.0,1000.0,3887.0,381203.0,29927.0,1000.0,3849.0,181439.0,33479.0,1000.0,3856.0,130591.0,61338.0,1000.0,11584.0,92895.0,100962.0,0.0,0.0,0.0,0.0,0.0,0.0,0.0,0.0,23180.0,225706.0,2.5907777715474367,94.0,136.0,31.994477998274373,23176.0,0.5,3.0,1.0,1.0,0.0,1,786350
current_old_50_50,0.0,1.0,790.0,0.0,790.0,790.0,790.0,23336.0,23336.0,23523.0,0.0,0.0,0.0,0.0,0.0,0.0,0.0,0.0,0.0,0.0,0.0,0.0,0.0,0.0,0.0,0.0,0.0,0.0,0.0,0.0,23580.0,23523.0,0.2700099488720298,0.0,0.0,31.668871925360474,23336.0,0.5,0.0,1.0,1.0,0.0,2,23580
current_old_50_50,0.0,1.0,235.0,0.0,1000.0,1025.0,1000.0,23672.0,47008.0,46086.0,0.0,0.0,0.0,0.0,0.0,0.0,0.0,0.0,0.0,0.0,0.0,0.0,0.0,0.0,0.0,0.0,0.0,0.0,0.0,0.0,23670.0,46086.0,0.5290004890412092,0.0,25.0,32.00270384452894,23672.0,0.5,0.0,1.0,1.0,0.0,2,47250
current_old_50_50,0.0,1.0,207.0,0.0,1000.0,1260.0,1000.0,23696.0,70704.0,56893.0,0.0,0.0,0.0,0.0,0.0,0.0,0.0,0.0,0.0,0.0,0.0,0.0,0.0,0.0,0.0,0.0,0.0,0.0,0.0,0.0,23700.0,56893.0,0.6530491868034005,28.0,207.0,31.994599156118145,23696.0,0.5,0.0,1.0,1.0,0.0,2,70950
current_old_50_50,0.0,1.0,224.0,0.0,1000.0,1577.0,1000.0,23736.0,94440.0,62171.0,0.0,0.0,0.0,0.0,0.0,0.0,0.0,0.0,0.0,0.0,0.0,0.0,0.0,0.0,0.0,0.0,0.0,0.0,0.0,0.0,23730.0,62171.0,0.7136329775676131,93.0,224.0,32.008091024020224,23736.0,0.5,0.0,1.0,1.0,0.0,2,94680
current_old_50_50,0.0,1.0,136.0,0.0,1000.0,1817.0,1000.0,23720.0,118160.0,67767.0,0.0,0.0,0.0,0.0,0.0,0.0,0.0,0.0,0.0,0.0,0.0,0.0,0.0,0.0,0.0,0.0,0.0,0.0,0.0,0.0,23720.0,67767.0,0.7778669474646449,104.0,136.0,32.0,23720.0,0.5,0.0,1.0,1.0,0.0,2,118400
current_old_50_50,0.0,1.0,278.0,0.0,1000.0,2384.0,1000.0,23728.0,141888.0,60728.0,0.0,0.0,0.0,0.0,0.0,0.0,0.0,0.0,0.0,0.0,0.0,0.0,0.0,0.0,0.0,0.0,0.0,0.0,0.0,0.0,23730.0,60728.0,0.6970694288611412,289.0,278.0,31.99730299199326,23728.0,0.5,0.0,1.0,1.0,0.0,2,142130
current_old_50_50,0.0,1.0,368.0,0.0,1000.0,3433.0,1000.0,23640.0,165528.0,49248.0,0.0,0.0,0.0,0.0,0.0,0.0,0.0,0.0,0.0,0.0,0.0,0.0,0.0,0.0,0.0,0.0,0.0,0.0,0.0,0.0,23640.0,49248.0,0.5652956664562225,681.0,368.0,32.0,23640.0,0.5,0.0,1.0,1.0,0.0,2,165770
current_old_50_50,0.0,1.0,320.0,0.0,1000.0,4554.0,1000.0,23592.0,189120.0,41943.0,0.0,0.0,0.0,0.0,0.0,0.0,0.0,0.0,0.0,0.0,0.0,0.0,0.0,0.0,0.0,0.0,0.0,0.0,0.0,0.0,23590.0,41943.0,0.4814448533579707,801.0,320.0,32.00271301398898,23592.0,0.5,0.0,1.0,1.0,0.0,2,189360
current_old_50_50,1.0,2.0,338.0,0.0,1240.0,5274.0,1000.0,22789.0,211909.0,40054.0,240.0,12043.0,12043.0,24162.0,0.0,0.0,0.0,0.0,0.0,0.0,0.0,0.0,0.0,0.0,0.0,0.0,0.0,0.0,0.0,0.0,34820.0,64216.0,0.7371066138148308,382.0,98.0,32.0110281447444,34832.0,0.5,1.0,1.0,1.0,0.0,2,224180
current_old_50_50,0.0,2.0,242.0,0.0,1482.0,5516.0,1000.0,11935.0,223844.0,40054.0,482.0,11697.0,23740.0,47803.0,0.0,0.0,0.0,0.0,0.0,0.0,0.0,0.0,0.0,0.0,0.0,0.0,0.0,0.0,0.0,0.0,23630.0,87857.0,1.0084710316732526,0.0,0.0,32.0027084214981,23632.0,0.5,1.0,1.0,1.0,0.0,2,247810
current_old_50_50,0.0,2.0,234.0,0.0,1716.0,5750.0,1000.0,11895.0,235739.0,40054.0,716.0,11801.0,35541.0,71437.0,0.0,0.0,0.0,0.0,0.0,0.0,0.0,0.0,0.0,0.0,0.0,0.0,0.0,0.0,0.0,0.0,23700.0,111491.0,1.2797550996765494,0.0,0.0,31.994599156118145,23696.0,0.5,1.0,1.0,1.0,0.0,2,271510
current_old_50_50,0.0,2.0,234.0,0.0,1950.0,5984.0,1000.0,11725.0,247464.0,40054.0,950.0,11875.0,47416.0,95071.0,0.0,0.0,0.0,0.0,0.0,0.0,0.0,0.0,0.0,0.0,0.0,0.0,0.0,0.0,0.0,0.0,23600.0,135125.0,1.5510391676798463,0.0,0.0,32.0,23600.0,0.5,1.0,1.0,1.0,0.0,2,295110
current_old_50_50,0.0,2.0,224.0,0.0,2000.0,6218.0,1000.0,11679.0,259143.0,40054.0,1000.0,11961.0,59377.0,100244.0,0.0,0.0,0.0,0.0,0.0,0.0,0.0,0.0,0.0,0.0,0.0,0.0,0.0,0.0,0.0,0.0,23640.0,140298.0,1.6104177106171846,10.0,174.0,32.0,23640.0,0.5,1.0,1.0,1.0,0.0,2,318750
current_old_50_50,0.0,2.0,184.0,0.0,2000.0,6452.0,1000.0,11853.0,270996.0,40054.0,1000.0,11755.0,71132.0,100322.0,0.0,0.0,0.0,0.0,0.0,0.0,0.0,0.0,0.0,0.0,0.0,0.0,0.0,0.0,0.0,0.0,23610.0,140376.0,1.6113130375742912,50.0,184.0,31.99728928420161,23608.0,0.5,1.0,1.0,1.0,0.0,2,342360
current_old_50_50,0.0,2.0,153.0,0.0,2000.0,6687.0,1000.0,11777.0,282773.0,40054.0,1000.0,11815.0,82947.0,100216.0,0.0,0.0,0.0,0.0,0.0,0.0,0.0,0.0,0.0,0.0,0.0,0.0,0.0,0.0,0.0,0.0,23590.0,140270.0,1.6100963111966848,82.0,153.0,32.00271301398898,23592.0,0.5,1.0,1.0,1.0,0.0,2,365950
current_old_50_50,0.0,2.0,142.0,0.0,2000.0,6921.0,1000.0,11721.0,294494.0,40054.0,1000.0,11839.0,94786.0,100293.0,0.0,0.0,0.0,0.0,0.0,0.0,0.0,0.0,0.0,0.0,0.0,0.0,0.0,0.0,0.0,0.0,23560.0,140347.0,1.6109801596030593,92.0,142.0,32.0,23560.0,0.5,1.0,1.0,1.0,0.0,2,389510
current_old_50_50,1.0,3.0,284.0,0.0,2241.0,7266.0,1000.0,11136.0,305630.0,40054.0,1000.0,11255.0,106041.0,100386.0,241.0,11905.0,11905.0,23755.0,0.0,0.0,0.0,0.0,0.0,0.0,0.0,0.0,0.0,0.0,0.0,0.0,34290.0,164195.0,1.8847206374630332,61.0,43.0,32.00559930008749,34296.0,0.5,2.0,1.0,1.0,0.0,2,423800
current_old_50_50,0.0,3.0,234.0,0.0,2475.0,7500.0,1000.0,5990.0,311620.0,40054.0,1000.0,5803.0,111844.0,100386.0,475.0,11671.0,23576.0,47208.0,0.0,0.0,0.0,0.0,0.0,0.0,0.0,0.0,0.0,0.0,0.0,0.0,23460.0,187648.0,2.1539270877838135,0.0,0.0,32.00545609548167,23464.0,0.5,2.0,1.0,1.0,0.0,2,447260
current_old_50_50,0.0,3.0,239.0,0.0,2714.0,7739.0,1000.0,5871.0,317491.0,40054.0,1000.0,5847.0,117691.0,100386.0,714.0,11794.0,35370.0,70698.0,0.0,0.0,0.0,0.0,0.0,0.0,0.0,0.0,0.0,0.0,0.0,0.0,23510.0,211138.0,2.4235582444816828,0.0,0.0,32.00272224585283,23512.0,0.5,2.0,1.0,1.0,0.0,2,470770
current_old_50_50,0.0,3.0,253.0,0.0,2967.0,7992.0,1000.0,5798.0,323289.0,40054.0,1000.0,5908.0,123599.0,100386.0,967.0,11750.0,47120.0,94219.0,0.0,0.0,0.0,0.0,0.0,0.0,0.0,0.0,0.0,0.0,0.0,0.0,23460.0,234659.0,2.6935452362522483,0.0,0.0,31.99454390451833,23456.0,0.5,2.0,1.0,1.0,0.0,2,494230
current_old_50_50,0.0,3.0,1336.0,0.0,3000.0,10666.0,1000.0,5830.0,329119.0,40054.0,1000.0,5730.0,129329.0,100386.0,1000.0,11608.0,58728.0,32908.0,0.0,0.0,0.0,0.0,0.0,0.0,0.0,0.0,0.0,0.0,0.0,0.0,23170.0,173348.0,1.989783812314272,1338.0,1303.0,31.997237807509713,23168.0,0.5,2.0,1.0,1.0,0.0,2,517400
current_old_50_50,0.0,3.0,139.0,0.0,3000.0,11250.0,1000.0,5846.0,334965.0,40054.0,1000.0,5802.0,135131.0,100386.0,1000.0,11808.0,70536.0,34138.0,0.0,0.0,0.0,0.0,0.0,0.0,0.0,0.0,0.0,0.0,0.0,0.0,23450.0,174578.0,2.003902429714799,445.0,139.0,32.00818763326226,23456.0,0.5,2.0,1.0,1.0,0.0,2,540850
current_old_50_50,0.0,3.0,50.0,0.0,3000.0,11484.0,1000.0,6006.0,340971.0,40054.0,1000.0,5898.0,141029.0,100386.0,1000.0,11584.0,82120.0,37324.0,0.0,0.0,0.0,0.0,0.0,0.0,0.0,0.0,0.0,0.0,0.0,0.0,23490.0,177764.0,2.0404730923473835,184.0,50.0,31.997275436355896,23488.0,0.5,2.0,1.0,1.0,0.0,2,564340
current_old_50_50,0.0,3.0,43.0,0.0,3000.0,11718.0,1000.0,5818.0,346789.0,40054.0,1000.0,5806.0,146835.0,100386.0,1000.0,11824.0,93944.0,39892.0,0.0,0.0,0.0,0.0,0.0,0.0,0.0,0.0,0.0,0.0,0.0,0.0,23450.0,180332.0,2.069950010627508,191.0,43.0,31.99727078891258,23448.0,0.5,2.0,1.0,1.0,0.0,2,587790
current_old_50_50,1.0,4.0,260.0,0.0,3236.0,12075.0,1000.0,7201.0,353990.0,40054.0,1000.0,6918.0,153753.0,100386.0,1000.0,10032.0,103976.0,41435.0,236.0,11929.0,11929.0,23836.0,0.0,0.0,0.0,0.0,0.0,0.0,0.0,0.0,36070.0,205711.0,2.361264149658382,97.0,24.0,32.008871638480734,36080.0,0.5,3.0,1.0,1.0,0.0,2,623860
current_old_50_50,0.0,4.0,232.0,0.0,3468.0,12307.0,1000.0,3924.0,357914.0,40054.0,1000.0,3883.0,157636.0,100386.0,1000.0,3916.0,107892.0,41435.0,468.0,11709.0,23638.0,47268.0,0.0,0.0,0.0,0.0,0.0,0.0,0.0,0.0,23430.0,229143.0,2.6302295504137874,0.0,0.0,32.00273154075971,23432.0,0.5,3.0,1.0,1.0,0.0,2,647290
current_old_50_50,0.0,4.0,231.0,0.0,3699.0,12538.0,1000.0,3952.0,361866.0,40054.0,1000.0,3960.0,161596.0,100386.0,1000.0,3833.0,111725.0,41435.0,699.0,11559.0,35197.0,70599.0,0.0,0.0,0.0,0.0,0.0,0.0,0.0,0.0,23310.0,252474.0,2.898035617545247,0.0,0.0,31.99176319176319,23304.0,0.5,3.0,1.0,1.0,0.0,2,670600
current_old_50_50,0.0,4.0,231.0,0.0,3930.0,12769.0,1000.0,3897.0,365763.0,40054.0,1000.0,3855.0,165451.0,100386.0,1000.0,3851.0,115576.0,41435.0,930.0,11757.0,46954.0,93930.0,0.0,0.0,0.0,0.0,0.0,0.0,0.0,0.0,23360.0,275805.0,3.165841684676707,0.0,0.0,32.0,23360.0,0.5,3.0,1.0,1.0,0.0,2,693960
current_old_50_50,0.0,4.0,220.0,0.0,4000.0,12999.0,1000.0,3903.0,369666.0,40054.0,1000.0,3874.0,169325.0,100386.0,1000.0,3881.0,119457.0,41435.0,1000.0,11606.0,58560.0,101000.0,0.0,0.0,0.0,0.0,0.0,0.0,0.0,0.0,23260.0,282875.0,3.2469950383529067,10.0,150.0,32.005503009458295,23264.0,0.5,3.0,1.0,1.0,0.0,2,717220
current_old_50_50,0.0,4.0,179.0,0.0,4000.0,13230.0,1000.0,3900.0,373566.0,40054.0,1000.0,3955.0,173280.0,100386.0,1000.0,3763.0,123220.0,41435.0,1000.0,11678.0,70238.0,101000.0,0.0,0.0,0.0,0.0,0.0,0.0,0.0,0.0,23300.0,282875.0,3.2469950383529067,52.0,179.0,31.99450643776824,23296.0,0.5,3.0,1.0,1.0,0.0,2,740520
current_old_50_50,0.0,4.0,141.0,0.0,4000.0,13460.0,1000.0,3780.0,377346.0,40054.0,1000.0,3938.0,177218.0,100386.0,1000.0,3884.0,127104.0,41435.0,1000.0,11654.0,81892.0,101000.0,0.0,0.0,0.0,0.0,0.0,0.0,0.0,0.0,23250.0,282875.0,3.2469950383529067,89.0,141.0,32.00825806451613,23256.0,0.5,3.0,1.0,1.0,0.0,2,763770
current_old_50_50,0.0,4.0,118.0,0.0,4000.0,13691.0,1000.0,3853.0,381199.0,40054.0,1000.0,3899.0,181117.0,100386.0,1000.0,3882.0,130986.0,41435.0,1000.0,11654.0,93546.0,101000.0,0.0,0.0,0.0,0.0,0.0,0.0,0.0,0.0,23290.0,282875.0,3.2469950383529067,113.0,118.0,31.997252039501934,23288.0,0.5,3.0,1.0,1.0,0.0,2,787060
fifo_100k,,,,24.0,,,,,,,,,,,,,,,,,,,,,,,,,,,23649.0,23649.0,0.28209686279296875,,,31.67389741638124,23408.0,,,,1.0,0.0,0,23680
fifo_100k,,,,48.0,,,,,,,,,,,,,,,,,,,,,,,,,,,23970.0,47619.0,0.5641937255859375,,,31.997329995828117,23968.0,,,,1.0,0.0,0,47650
fifo_100k,,,,72.0,,,,,,,,,,,,,,,,,,,,,,,,,,,24000.0,71619.0,0.8462905883789062,,,32.0,24000.0,,,,1.0,0.0,0,71650
fifo_100k,,,,96.0,,,,,,,,,,,,,,,,,,,,,,,,,,,23850.0,95469.0,1.128387451171875,,,31.997316561844865,23848.0,,,,1.0,0.0,0,95500
fifo_100k,,,,101.0,,,,,,,,,,,,,,,,,,,,,,,,,,,23880.0,100000.0,1.1871576309204102,,,32.0,23880.0,,,,1.0,0.0,0,119380
fifo_100k,,,,101.0,,,,,,,,,,,,,,,,,,,,,,,,,,,23840.0,100000.0,1.1871576309204102,,,32.0,23840.0,,,,1.0,0.0,0,143220
fifo_100k,,,,101.0,,,,,,,,,,,,,,,,,,,,,,,,,,,23800.0,100000.0,1.1871576309204102,,,32.0,23800.0,,,,1.0,0.0,0,167020
fifo_100k,,,,101.0,,,,,,,,,,,,,,,,,,,,,,,,,,,23780.0,100000.0,1.1871576309204102,,,32.0053826745164,23784.0,,,,1.0,0.0,0,190800
fifo_100k,,,,101.0,,,,,,,,,,,,,,,,,,,,,,,,,,,24169.0,100000.0,1.1596091091632843,,,32.0516363937275,24208.0,,,,1.0,0.0,0,224200
fifo_100k,,,,101.0,,,,,,,,,,,,,,,,,,,,,,,,,,,24100.0,100000.0,1.1664962396025658,,,32.0053112033195,24104.0,,,,1.0,0.0,0,248300
fifo_100k,,,,101.0,,,,,,,,,,,,,,,,,,,,,,,,,,,24030.0,100000.0,1.1733833700418472,,,32.002663337494795,24032.0,,,,1.0,0.0,0,272330
fifo_100k,,,,100.0,,,,,,,,,,,,,,,,,,,,,,,,,,,24060.0,100000.0,1.1721436865627766,,,31.994679966749793,24056.0,,,,1.0,0.0,0,296390
fifo_100k,,,,101.0,,,,,,,,,,,,,,,,,,,,,,,,,,,23910.0,100000.0,1.1871576309204102,,,32.002676704307824,23912.0,,,,1.0,0.0,0,320300
fifo_100k,,,,101.0,,,,,,,,,,,,,,,,,,,,,,,,,,,24040.0,100000.0,1.1871576309204102,,,32.0,24040.0,,,,1.0,0.0,0,344340
fifo_100k,,,,101.0,,,,,,,,,,,,,,,,,,,,,,,,,,,24070.0,100000.0,1.1871576309204102,,,32.0026589115081,24072.0,,,,1.0,0.0,0,368410
fifo_100k,,,,102.0,,,,,,,,,,,,,,,,,,,,,,,,,,,23940.0,100000.0,1.1989116668701172,,,31.994653299916457,23936.0,,,,1.0,0.0,0,392350
fifo_100k,,,,102.0,,,,,,,,,,,,,,,,,,,,,,,,,,,24139.0,100000.0,1.1596091091632843,,,32.059654501014954,24184.0,,,,1.0,0.0,0,424170
fifo_100k,,,,102.0,,,,,,,,,,,,,,,,,,,,,,,,,,,23890.0,100000.0,1.1664962396025658,,,31.997321054834657,23888.0,,,,1.0,0.0,0,448060
fifo_100k,,,,102.0,,,,,,,,,,,,,,,,,,,,,,,,,,,23990.0,100000.0,1.1733833700418472,,,32.002667778240934,23992.0,,,,1.0,0.0,0,472050
fifo_100k,,,,101.0,,,,,,,,,,,,,,,,,,,,,,,,,,,24000.0,100000.0,1.1788930743932724,,,32.0,24000.0,,,,1.0,0.0,0,496050
fifo_100k,,,,101.0,,,,,,,,,,,,,,,,,,,,,,,,,,,23960.0,100000.0,1.1871576309204102,,,32.0,23960.0,,,,1.0,0.0,0,520010
fifo_100k,,,,101.0,,,,,,,,,,,,,,,,,,,,,,,,,,,23940.0,100000.0,1.1871576309204102,,,31.994653299916457,23936.0,,,,1.0,0.0,0,543950
fifo_100k,,,,101.0,,,,,,,,,,,,,,,,,,,,,,,,,,,23870.0,100000.0,1.1871576309204102,,,32.00268118977797,23872.0,,,,1.0,0.0,0,567820
fifo_100k,,,,101.0,,,,,,,,,,,,,,,,,,,,,,,,,,,23900.0,100000.0,1.1871576309204102,,,31.994644351464434,23896.0,,,,1.0,0.0,0,591720
fifo_100k,,,,101.0,,,,,,,,,,,,,,,,,,,,,,,,,,,24099.0,100000.0,1.1596091091632843,,,32.059753516743434,24144.0,,,,1.0,0.0,0,624130
fifo_100k,,,,101.0,,,,,,,,,,,,,,,,,,,,,,,,,,,23970.0,100000.0,1.1664962396025658,,,31.997329995828117,23968.0,,,,1.0,0.0,0,648100
fifo_100k,,,,101.0,,,,,,,,,,,,,,,,,,,,,,,,,,,23970.0,100000.0,1.1733833700418472,,,31.997329995828117,23968.0,,,,1.0,0.0,0,672070
fifo_100k,,,,100.0,,,,,,,,,,,,,,,,,,,,,,,,,,,24050.0,100000.0,1.1740261688828468,,,31.997338877338876,24048.0,,,,1.0,0.0,0,696120
fifo_100k,,,,101.0,,,,,,,,,,,,,,,,,,,,,,,,,,,23960.0,100000.0,1.1871576309204102,,,32.0,23960.0,,,,1.0,0.0,0,720080
fifo_100k,,,,101.0,,,,,,,,,,,,,,,,,,,,,,,,,,,23810.0,100000.0,1.1871576309204102,,,32.008063838723224,23816.0,,,,1.0,0.0,0,743890
fifo_100k,,,,101.0,,,,,,,,,,,,,,,,,,,,,,,,,,,23720.0,100000.0,1.1871576309204102,,,32.0,23720.0,,,,1.0,0.0,0,767610
fifo_100k,,,,101.0,,,,,,,,,,,,,,,,,,,,,,,,,,,23840.0,100000.0,1.1871576309204102,,,32.0,23840.0,,,,1.0,0.0,0,791450
fifo_100k,,,,23.0,,,,,,,,,,,,,,,,,,,,,,,,,,,23509.0,23509.0,0.2703428268432617,,,31.666510698030542,23264.0,,,,1.0,0.0,1,23540
fifo_100k,,,,47.0,,,,,,,,,,,,,,,,,,,,,,,,,,,23860.0,47369.0,0.5524396896362305,,,32.00536462699078,23864.0,,,,1.0,0.0,1,47400
fifo_100k,,,,71.0,,,,,,,,,,,,,,,,,,,,,,,,,,,23810.0,71179.0,0.8345365524291992,,,31.997312053758925,23808.0,,,,1.0,0.0,1,71210
fifo_100k,,,,95.0,,,,,,,,,,,,,,,,,,,,,,,,,,,23870.0,95049.0,1.116633415222168,,,32.00268118977797,23872.0,,,,1.0,0.0,1,95080
fifo_100k,,,,101.0,,,,,,,,,,,,,,,,,,,,,,,,,,,23830.0,100000.0,1.1871576309204102,,,31.99194292908099,23824.0,,,,1.0,0.0,1,118910
fifo_100k,,,,101.0,,,,,,,,,,,,,,,,,,,,,,,,,,,23930.0,100000.0,1.1871576309204102,,,32.00802340158796,23936.0,,,,1.0,0.0,1,142840
fifo_100k,,,,101.0,,,,,,,,,,,,,,,,,,,,,,,,,,,23880.0,100000.0,1.1871576309204102,,,32.0,23880.0,,,,1.0,0.0,1,166720
fifo_100k,,,,101.0,,,,,,,,,,,,,,,,,,,,,,,,,,,23760.0,100000.0,1.1871576309204102,,,32.0,23760.0,,,,1.0,0.0,1,190480
fifo_100k,,,,102.0,,,,,,,,,,,,,,,,,,,,,,,,,,,24139.0,100000.0,1.1596091091632843,,,32.059654501014954,24184.0,,,,1.0,0.0,1,224170
fifo_100k,,,,102.0,,,,,,,,,,,,,,,,,,,,,,,,,,,23890.0,100000.0,1.1664962396025658,,,31.997321054834657,23888.0,,,,1.0,0.0,1,248060
fifo_100k,,,,102.0,,,,,,,,,,,,,,,,,,,,,,,,,,,23930.0,100000.0,1.1733833700418472,,,31.997325532804012,23928.0,,,,1.0,0.0,1,271990
fifo_100k,,,,101.0,,,,,,,,,,,,,,,,,,,,,,,,,,,23960.0,100000.0,1.1759316083043814,,,32.0,23960.0,,,,1.0,0.0,1,295950
fifo_100k,,,,101.0,,,,,,,,,,,,,,,,,,,,,,,,,,,23880.0,100000.0,1.1871576309204102,,,32.0,23880.0,,,,1.0,0.0,1,319830
fifo_100k,,,,101.0,,,,,,,,,,,,,,,,,,,,,,,,,,,24040.0,100000.0,1.1871576309204102,,,32.0,24040.0,,,,1.0,0.0,1,343870
fifo_100k,,,,101.0,,,,,,,,,,,,,,,,,,,,,,,,,,,24020.0,100000.0,1.1871576309204102,,,32.00532889258951,24024.0,,,,1.0,0.0,1,367890
fifo_100k,,,,101.0,,,,,,,,,,,,,,,,,,,,,,,,,,,23850.0,100000.0,1.1871576309204102,,,31.997316561844865,23848.0,,,,1.0,0.0,1,391740
fifo_100k,,,,101.0,,,,,,,,,,,,,,,,,,,,,,,,,,,24099.0,100000.0,1.1596091091632843,,,32.059753516743434,24144.0,,,,1.0,0.0,1,424130
fifo_100k,,,,101.0,,,,,,,,,,,,,,,,,,,,,,,,,,,23920.0,100000.0,1.1664962396025658,,,32.0,23920.0,,,,1.0,0.0,1,448050
fifo_100k,,,,101.0,,,,,,,,,,,,,,,,,,,,,,,,,,,23970.0,100000.0,1.1733833700418472,,,31.997329995828117,23968.0,,,,1.0,0.0,1,472020
fifo_100k,,,,101.0,,,,,,,,,,,,,,,,,,,,,,,,,,,24050.0,100000.0,1.185206277295947,,,31.997338877338876,24048.0,,,,1.0,0.0,1,496070
fifo_100k,,,,101.0,,,,,,,,,,,,,,,,,,,,,,,,,,,23970.0,100000.0,1.1871576309204102,,,31.997329995828117,23968.0,,,,1.0,0.0,1,520040
fifo_100k,,,,101.0,,,,,,,,,,,,,,,,,,,,,,,,,,,24030.0,100000.0,1.1871576309204102,,,32.002663337494795,24032.0,,,,1.0,0.0,1,544070
fifo_100k,,,,101.0,,,,,,,,,,,,,,,,,,,,,,,,,,,23990.0,100000.0,1.1871576309204102,,,32.002667778240934,23992.0,,,,1.0,0.0,1,568060
fifo_100k,,,,101.0,,,,,,,,,,,,,,,,,,,,,,,,,,,23930.0,100000.0,1.1871576309204102,,,31.997325532804012,23928.0,,,,1.0,0.0,1,591990
fifo_100k,,,,101.0,,,,,,,,,,,,,,,,,,,,,,,,,,,24149.0,100000.0,1.1596091091632843,,,32.056979585075986,24192.0,,,,1.0,0.0,1,624180
fifo_100k,,,,101.0,,,,,,,,,,,,,,,,,,,,,,,,,,,23940.0,100000.0,1.1664962396025658,,,31.994653299916457,23936.0,,,,1.0,0.0,1,648120
fifo_100k,,,,101.0,,,,,,,,,,,,,,,,,,,,,,,,,,,23930.0,100000.0,1.1733833700418472,,,32.00802340158796,23936.0,,,,1.0,0.0,1,672050
fifo_100k,,,,101.0,,,,,,,,,,,,,,,,,,,,,,,,,,,23900.0,100000.0,1.1824514251202345,,,31.994644351464434,23896.0,,,,1.0,0.0,1,695950
fifo_100k,,,,101.0,,,,,,,,,,,,,,,,,,,,,,,,,,,23790.0,100000.0,1.1871576309204102,,,32.0026902059689,23792.0,,,,1.0,0.0,1,719740
fifo_100k,,,,101.0,,,,,,,,,,,,,,,,,,,,,,,,,,,23780.0,100000.0,1.1871576309204102,,,31.9946173254836,23776.0,,,,1.0,0.0,1,743520
fifo_100k,,,,101.0,,,,,,,,,,,,,,,,,,,,,,,,,,,23790.0,100000.0,1.1871576309204102,,,32.0026902059689,23792.0,,,,1.0,0.0,1,767310
fifo_100k,,,,101.0,,,,,,,,,,,,,,,,,,,,,,,,,,,23680.0,100000.0,1.1871576309204102,,,32.0,23680.0,,,,1.0,0.0,1,790990
fifo_100k,,,,23.0,,,,,,,,,,,,,,,,,,,,,,,,,,,23509.0,23509.0,0.2703428268432617,,,31.666510698030542,23264.0,,,,1.0,0.0,2,23540
fifo_100k,,,,47.0,,,,,,,,,,,,,,,,,,,,,,,,,,,23950.0,47459.0,0.5524396896362305,,,32.00267223382046,23952.0,,,,1.0,0.0,2,47490
fifo_100k,,,,71.0,,,,,,,,,,,,,,,,,,,,,,,,,,,23910.0,71369.0,0.8345365524291992,,,32.002676704307824,23912.0,,,,1.0,0.0,2,71400
fifo_100k,,,,95.0,,,,,,,,,,,,,,,,,,,,,,,,,,,23860.0,95229.0,1.116633415222168,,,31.99463537300922,23856.0,,,,1.0,0.0,2,95260
fifo_100k,,,,101.0,,,,,,,,,,,,,,,,,,,,,,,,,,,23860.0,100000.0,1.1871576309204102,,,32.00536462699078,23864.0,,,,1.0,0.0,2,119120
fifo_100k,,,,101.0,,,,,,,,,,,,,,,,,,,,,,,,,,,23840.0,100000.0,1.1871576309204102,,,32.0,23840.0,,,,1.0,0.0,2,142960
fifo_100k,,,,101.0,,,,,,,,,,,,,,,,,,,,,,,,,,,23780.0,100000.0,1.1871576309204102,,,31.9946173254836,23776.0,,,,1.0,0.0,2,166740
fifo_100k,,,,101.0,,,,,,,,,,,,,,,,,,,,,,,,,,,23680.0,100000.0,1.1871576309204102,,,32.0,23680.0,,,,1.0,0.0,2,190420
fifo_100k,,,,102.0,,,,,,,,,,,,,,,,,,,,,,,,,,,24139.0,100000.0,1.1596091091632843,,,32.059654501014954,24184.0,,,,1.0,0.0,2,224170
fifo_100k,,,,102.0,,,,,,,,,,,,,,,,,,,,,,,,,,,23900.0,100000.0,1.1664962396025658,,,31.994644351464434,23896.0,,,,1.0,0.0,2,248070
fifo_100k,,,,102.0,,,,,,,,,,,,,,,,,,,,,,,,,,,23930.0,100000.0,1.1733833700418472,,,31.997325532804012,23928.0,,,,1.0,0.0,2,272000
fifo_100k,,,,101.0,,,,,,,,,,,,,,,,,,,,,,,,,,,23960.0,100000.0,1.1759316083043814,,,32.0,23960.0,,,,1.0,0.0,2,295960
fifo_100k,,,,101.0,,,,,,,,,,,,,,,,,,,,,,,,,,,23970.0,100000.0,1.1871576309204102,,,32.00801001251565,23976.0,,,,1.0,0.0,2,319930
fifo_100k,,,,101.0,,,,,,,,,,,,,,,,,,,,,,,,,,,24030.0,100000.0,1.1871576309204102,,,31.992009987515605,24024.0,,,,1.0,0.0,2,343960
fifo_100k,,,,101.0,,,,,,,,,,,,,,,,,,,,,,,,,,,23980.0,100000.0,1.1871576309204102,,,32.00533778148457,23984.0,,,,1.0,0.0,2,367940
fifo_100k,,,,101.0,,,,,,,,,,,,,,,,,,,,,,,,,,,23930.0,100000.0,1.1871576309204102,,,31.997325532804012,23928.0,,,,1.0,0.0,2,391870
fifo_100k,,,,101.0,,,,,,,,,,,,,,,,,,,,,,,,,,,24189.0,100000.0,1.1596091091632843,,,32.05688536111455,24232.0,,,,1.0,0.0,2,424220
fifo_100k,,,,101.0,,,,,,,,,,,,,,,,,,,,,,,,,,,23940.0,100000.0,1.1664962396025658,,,31.994653299916457,23936.0,,,,1.0,0.0,2,448160
fifo_100k,,,,101.0,,,,,,,,,,,,,,,,,,,,,,,,,,,24040.0,100000.0,1.1733833700418472,,,32.0,24040.0,,,,1.0,0.0,2,472200
fifo_100k,,,,101.0,,,,,,,,,,,,,,,,,,,,,,,,,,,24010.0,100000.0,1.1834844946861267,,,32.00799666805498,24016.0,,,,1.0,0.0,2,496210
fifo_100k,,,,101.0,,,,,,,,,,,,,,,,,,,,,,,,,,,24070.0,100000.0,1.1871576309204102,,,31.992023265475694,24064.0,,,,1.0,0.0,2,520280
fifo_100k,,,,101.0,,,,,,,,,,,,,,,,,,,,,,,,,,,24040.0,100000.0,1.1871576309204102,,,32.0,24040.0,,,,1.0,0.0,2,544320
fifo_100k,,,,101.0,,,,,,,,,,,,,,,,,,,,,,,,,,,23960.0,100000.0,1.1871576309204102,,,32.0,23960.0,,,,1.0,0.0,2,568280
fifo_100k,,,,102.0,,,,,,,,,,,,,,,,,,,,,,,,,,,23980.0,100000.0,1.1989116668701172,,,32.00533778148457,23984.0,,,,1.0,0.0,2,592260
fifo_100k,,,,102.0,,,,,,,,,,,,,,,,,,,,,,,,,,,24009.0,100000.0,1.1596091091632843,,,32.05198050730976,24048.0,,,,1.0,0.0,2,624040
fifo_100k,,,,102.0,,,,,,,,,,,,,,,,,,,,,,,,,,,23890.0,100000.0,1.1664962396025658,,,32.00803683549602,23896.0,,,,1.0,0.0,2,647930
fifo_100k,,,,102.0,,,,,,,,,,,,,,,,,,,,,,,,,,,24000.0,100000.0,1.1733833700418472,,,32.0,24000.0,,,,1.0,0.0,2,671930
fifo_100k,,,,101.0,,,,,,,,,,,,,,,,,,,,,,,,,,,23910.0,100000.0,1.1798113584518433,,,31.991969887076536,23904.0,,,,1.0,0.0,2,695840
fifo_100k,,,,101.0,,,,,,,,,,,,,,,,,,,,,,,,,,,23880.0,100000.0,1.1871576309204102,,,32.0,23880.0,,,,1.0,0.0,2,719720
fifo_100k,,,,101.0,,,,,,,,,,,,,,,,,,,,,,,,,,,23980.0,100000.0,1.1871576309204102,,,32.00533778148457,23984.0,,,,1.0,0.0,2,743700
fifo_100k,,,,101.0,,,,,,,,,,,,,,,,,,,,,,,,,,,23890.0,100000.0,1.1871576309204102,,,31.997321054834657,23888.0,,,,1.0,0.0,2,767590
fifo_100k,,,,101.0,,,,,,,,,,,,,,,,,,,,,,,,,,,23880.0,100000.0,1.1871576309204102,,,32.0,23880.0,,,,1.0,0.0,2,791470
uniform_reservoir,0.0,1.0,820.0,0.0,820.0,820.0,820.0,23400.0,23400.0,23638.0,0.0,0.0,0.0,0.0,0.0,0.0,0.0,0.0,0.0,0.0,0.0,0.0,0.0,0.0,0.0,0.0,0.0,0.0,0.0,0.0,23640.0,23638.0,0.2713299822062254,0.0,0.0,31.6751269035533,23400.0,0.5,0.0,0.0,1.0,0.0,0,23640
uniform_reservoir,0.0,1.0,232.0,0.0,1000.0,1054.0,1000.0,23696.0,47096.0,44749.0,0.0,0.0,0.0,0.0,0.0,0.0,0.0,0.0,0.0,0.0,0.0,0.0,0.0,0.0,0.0,0.0,0.0,0.0,0.0,0.0,23700.0,44749.0,0.5136536667123437,2.0,52.0,31.994599156118145,23696.0,0.5,0.0,0.0,1.0,0.0,0,47340
uniform_reservoir,0.0,1.0,190.0,0.0,1000.0,1289.0,1000.0,23752.0,70848.0,53515.0,0.0,0.0,0.0,0.0,0.0,0.0,0.0,0.0,0.0,0.0,0.0,0.0,0.0,0.0,0.0,0.0,0.0,0.0,0.0,0.0,23750.0,53515.0,0.6142746424302459,45.0,190.0,32.0026947368421,23752.0,0.5,0.0,0.0,1.0,0.0,0,71090
uniform_reservoir,0.0,1.0,182.0,0.0,1000.0,1538.0,1000.0,23792.0,94640.0,60958.0,0.0,0.0,0.0,0.0,0.0,0.0,0.0,0.0,0.0,0.0,0.0,0.0,0.0,0.0,0.0,0.0,0.0,0.0,0.0,0.0,23790.0,60958.0,0.6997094955295324,67.0,182.0,32.0026902059689,23792.0,0.5,0.0,0.0,1.0,0.0,0,94880
uniform_reservoir,0.0,1.0,143.0,0.0,1000.0,1774.0,1000.0,23800.0,118440.0,66526.0,0.0,0.0,0.0,0.0,0.0,0.0,0.0,0.0,0.0,0.0,0.0,0.0,0.0,0.0,0.0,0.0,0.0,0.0,0.0,0.0,23800.0,66526.0,0.7636220660060644,93.0,143.0,32.0,23800.0,0.5,0.0,0.0,1.0,0.0,0,118680
uniform_reservoir,0.0,1.0,121.0,0.0,1000.0,2009.0,1000.0,23736.0,142176.0,70355.0,0.0,0.0,0.0,0.0,0.0,0.0,0.0,0.0,0.0,0.0,0.0,0.0,0.0,0.0,0.0,0.0,0.0,0.0,0.0,0.0,23740.0,70355.0,0.8075734367594123,114.0,121.0,31.994608256107835,23736.0,0.5,0.0,0.0,1.0,0.0,0,142420
uniform_reservoir,0.0,1.0,102.0,0.0,1000.0,2244.0,1000.0,23744.0,165920.0,73407.0,0.0,0.0,0.0,0.0,0.0,0.0,0.0,0.0,0.0,0.0,0.0,0.0,0.0,0.0,0.0,0.0,0.0,0.0,0.0,0.0,23740.0,73407.0,0.8426059735938907,133.0,102.0,32.00539174389216,23744.0,0.5,0.0,0.0,1.0,0.0,0,166160
uniform_reservoir,0.0,1.0,119.0,0.0,1000.0,2542.0,1000.0,23776.0,189696.0,73674.0,0.0,0.0,0.0,0.0,0.0,0.0,0.0,0.0,0.0,0.0,0.0,0.0,0.0,0.0,0.0,0.0,0.0,0.0,0.0,0.0,23780.0,73674.0,0.8456707466393709,179.0,119.0,31.9946173254836,23776.0,0.5,0.0,0.0,1.0,0.0,0,189940
uniform_reservoir,1.0,2.0,305.0,0.0,1245.0,2927.0,1000.0,22064.0,211760.0,73759.0,245.0,12128.0,12128.0,24022.0,0.0,0.0,0.0,0.0,0.0,0.0,0.0,0.0,0.0,0.0,0.0,0.0,0.0,0.0,0.0,0.0,34180.0,97781.0,1.122384169138968,80.0,60.0,32.01123464014043,34192.0,0.5,1.0,0.0,1.0,0.0,0,224120
uniform_reservoir,0.0,2.0,239.0,0.0,1484.0,3166.0,1000.0,11818.0,223578.0,73759.0,484.0,11854.0,23982.0,47706.0,0.0,0.0,0.0,0.0,0.0,0.0,0.0,0.0,0.0,0.0,0.0,0.0,0.0,0.0,0.0,0.0,23670.0,121465.0,1.3942421646788716,0.0,0.0,32.00270384452894,23672.0,0.5,1.0,0.0,1.0,0.0,0,247790
uniform_reservoir,0.0,2.0,242.0,0.0,1726.0,3408.0,1000.0,11795.0,235373.0,73759.0,726.0,11909.0,35891.0,71457.0,0.0,0.0,0.0,0.0,0.0,0.0,0.0,0.0,0.0,0.0,0.0,0.0,0.0,0.0,0.0,0.0,23700.0,145216.0,1.6668692231178284,0.0,0.0,32.00540084388186,23704.0,0.5,1.0,0.0,1.0,0.0,0,271490
uniform_reservoir,0.0,2.0,234.0,0.0,1960.0,3642.0,1000.0,11750.0,247123.0,73759.0,960.0,11898.0,47789.0,95057.0,0.0,0.0,0.0,0.0,0.0,0.0,0.0,0.0,0.0,0.0,0.0,0.0,0.0,0.0,0.0,0.0,23650.0,168816.0,1.9377630203962326,0.0,0.0,31.997293868921776,23648.0,0.5,1.0,0.0,1.0,0.0,0,295140
uniform_reservoir,0.0,2.0,216.0,0.0,2000.0,3878.0,1000.0,11725.0,258848.0,73759.0,1000.0,11875.0,59664.0,99199.0,0.0,0.0,0.0,0.0,0.0,0.0,0.0,0.0,0.0,0.0,0.0,0.0,0.0,0.0,0.0,0.0,23600.0,172958.0,1.985307177528739,20.0,176.0,32.0,23600.0,0.5,1.0,0.0,1.0,0.0,0,318740
uniform_reservoir,0.0,2.0,176.0,0.0,2000.0,4111.0,1000.0,11682.0,270530.0,73759.0,1000.0,11878.0,71542.0,99391.0,0.0,0.0,0.0,0.0,0.0,0.0,0.0,0.0,0.0,0.0,0.0,0.0,0.0,0.0,0.0,0.0,23560.0,173150.0,1.987511059269309,57.0,176.0,32.0,23560.0,0.5,1.0,0.0,1.0,0.0,0,342300
uniform_reservoir,0.0,2.0,153.0,0.0,2000.0,4345.0,1000.0,11678.0,282208.0,73759.0,1000.0,11922.0,83464.0,99603.0,0.0,0.0,0.0,0.0,0.0,0.0,0.0,0.0,0.0,0.0,0.0,0.0,0.0,0.0,0.0,0.0,23600.0,173362.0,1.9899445120245218,81.0,153.0,32.0,23600.0,0.5,1.0,0.0,1.0,0.0,0,365900
uniform_reservoir,0.0,2.0,132.0,0.0,2000.0,4585.0,1000.0,11868.0,294076.0,73759.0,1000.0,11668.0,95132.0,99561.0,0.0,0.0,0.0,0.0,0.0,0.0,0.0,0.0,0.0,0.0,0.0,0.0,0.0,0.0,0.0,0.0,23540.0,173320.0,1.9894624128937721,108.0,132.0,31.994562446898897,23536.0,0.5,1.0,0.0,1.0,0.0,0,389440
uniform_reservoir,1.0,3.0,292.0,0.0,2250.0,4940.0,1000.0,13301.0,307377.0,73759.0,1000.0,13269.0,108401.0,99653.0,250.0,7998.0,7998.0,23904.0,0.0,0.0,0.0,0.0,0.0,0.0,0.0,0.0,0.0,0.0,0.0,0.0,34560.0,197316.0,2.264901716262102,63.0,42.0,32.007407407407406,34568.0,0.5,2.0,0.0,1.0,0.0,0,424000
uniform_reservoir,0.0,3.0,236.0,0.0,2486.0,5176.0,1000.0,7890.0,315267.0,73759.0,1000.0,7896.0,116297.0,99653.0,486.0,7726.0,15724.0,47440.0,0.0,0.0,0.0,0.0,0.0,0.0,0.0,0.0,0.0,0.0,0.0,0.0,23510.0,220852.0,2.5350608862936497,0.0,0.0,32.00272224585283,23512.0,0.5,2.0,0.0,1.0,0.0,0,447510
uniform_reservoir,0.0,3.0,240.0,0.0,2726.0,5416.0,1000.0,7881.0,323148.0,73759.0,1000.0,7735.0,124032.0,99653.0,726.0,7848.0,23572.0,70879.0,0.0,0.0,0.0,0.0,0.0,0.0,0.0,0.0,0.0,0.0,0.0,0.0,23460.0,244291.0,2.80410663690418,0.0,0.0,32.00545609548167,23464.0,0.5,2.0,0.0,1.0,0.0,0,470970
uniform_reservoir,0.0,3.0,240.0,0.0,2966.0,5656.0,1000.0,7772.0,330920.0,73759.0,1000.0,7783.0,131815.0,99653.0,966.0,7893.0,31465.0,94416.0,0.0,0.0,0.0,0.0,0.0,0.0,0.0,0.0,0.0,0.0,0.0,0.0,23450.0,267828.0,3.0742772854864597,0.0,0.0,31.99727078891258,23448.0,0.5,2.0,0.0,1.0,0.0,0,494420
uniform_reservoir,0.0,3.0,225.0,0.0,3000.0,5901.0,1000.0,7698.0,338618.0,73759.0,1000.0,7724.0,139539.0,99653.0,1000.0,7946.0,39411.0,97187.0,0.0,0.0,0.0,0.0,0.0,0.0,0.0,0.0,0.0,0.0,0.0,0.0,23370.0,270599.0,3.106084349565208,20.0,191.0,31.997261446298673,23368.0,0.5,2.0,0.0,1.0,0.0,0,517790
uniform_reservoir,0.0,3.0,180.0,0.0,3000.0,6146.0,1000.0,7881.0,346499.0,73759.0,1000.0,7725.0,147264.0,99653.0,1000.0,7762.0,47173.0,97140.0,0.0,0.0,0.0,0.0,0.0,0.0,0.0,0.0,0.0,0.0,0.0,0.0,23370.0,270552.0,3.1055448576807976,65.0,180.0,31.997261446298673,23368.0,0.5,2.0,0.0,1.0,0.0,0,541160
uniform_reservoir,0.0,3.0,159.0,0.0,3000.0,6399.0,1000.0,7753.0,354252.0,73759.0,1000.0,7913.0,155177.0,99653.0,1000.0,7806.0,54979.0,96505.0,0.0,0.0,0.0,0.0,0.0,0.0,0.0,0.0,0.0,0.0,0.0,0.0,23470.0,269917.0,3.0982559779658914,94.0,159.0,32.0027268853856,23472.0,0.5,2.0,0.0,1.0,0.0,0,564630
uniform_reservoir,0.0,3.0,114.0,0.0,3000.0,6634.0,1000.0,7773.0,362025.0,73759.0,1000.0,7815.0,162992.0,99653.0,1000.0,7804.0,62783.0,96962.0,0.0,0.0,0.0,0.0,0.0,0.0,0.0,0.0,0.0,0.0,0.0,0.0,23390.0,270374.0,3.1035016756504774,121.0,114.0,32.00273621205643,23392.0,0.5,2.0,0.0,1.0,0.0,0,588020
uniform_reservoir,1.0,4.0,294.0,0.0,3241.0,6994.0,1000.0,9994.0,372019.0,73759.0,1000.0,9971.0,172963.0,99653.0,1000.0,10027.0,72810.0,96962.0,241.0,5928.0,5928.0,23871.0,0.0,0.0,0.0,0.0,0.0,0.0,0.0,0.0,35910.0,294245.0,3.3775061601772904,66.0,53.0,32.0089111668059,35920.0,0.5,3.0,0.0,1.0,0.0,0,623930
uniform_reservoir,0.0,4.0,231.0,0.0,3472.0,7225.0,1000.0,5865.0,377884.0,73759.0,1000.0,5835.0,178798.0,99653.0,1000.0,5781.0,78591.0,96962.0,472.0,5887.0,11815.0,47202.0,0.0,0.0,0.0,0.0,0.0,0.0,0.0,0.0,23370.0,317576.0,3.64531222730875,0.0,0.0,31.997261446298673,23368.0,0.5,3.0,0.0,1.0,0.0,0,647300
uniform_reservoir,0.0,4.0,232.0,0.0,3704.0,7457.0,1000.0,5949.0,383833.0,73759.0,1000.0,5792.0,184590.0,99653.0,1000.0,5848.0,84439.0,96962.0,704.0,5763.0,17578.0,70634.0,0.0,0.0,0.0,0.0,0.0,0.0,0.0,0.0,23350.0,341008.0,3.9142776280641556,0.0,0.0,32.002740899357605,23352.0,0.5,3.0,0.0,1.0,0.0,0,670650
uniform_reservoir,0.0,4.0,230.0,0.0,3934.0,7687.0,1000.0,5802.0,389635.0,73759.0,1000.0,5826.0,190416.0,99653.0,1000.0,5947.0,90386.0,96962.0,934.0,5729.0,23307.0,93864.0,0.0,0.0,0.0,0.0,0.0,0.0,0.0,0.0,23310.0,364238.0,4.18092436157167,0.0,0.0,31.99176319176319,23304.0,0.5,3.0,0.0,1.0,0.0,0,693960
uniform_reservoir,0.0,4.0,218.0,0.0,4000.0,7917.0,1000.0,5783.0,395418.0,73759.0,1000.0,5825.0,196241.0,99653.0,1000.0,5793.0,96179.0,96962.0,1000.0,5791.0,29098.0,100629.0,0.0,0.0,0.0,0.0,0.0,0.0,0.0,0.0,23190.0,371003.0,4.258576757274568,12.0,152.0,32.00275981026304,23192.0,0.5,3.0,0.0,1.0,0.0,0,717150
uniform_reservoir,0.0,4.0,191.0,0.0,4000.0,8149.0,1000.0,5829.0,401247.0,73759.0,1000.0,5815.0,202056.0,99653.0,1000.0,5834.0,102013.0,96962.0,1000.0,5874.0,34972.0,100728.0,0.0,0.0,0.0,0.0,0.0,0.0,0.0,0.0,23350.0,371102.0,4.2597131337970495,41.0,191.0,32.002740899357605,23352.0,0.5,3.0,0.0,1.0,0.0,0,740500
uniform_reservoir,0.0,4.0,150.0,0.0,4000.0,8380.0,1000.0,5801.0,407048.0,73759.0,1000.0,5867.0,207923.0,99653.0,1000.0,5836.0,107849.0,96962.0,1000.0,5792.0,40764.0,100728.0,0.0,0.0,0.0,0.0,0.0,0.0,0.0,0.0,23300.0,371102.0,4.2597131337970495,81.0,150.0,31.99450643776824,23296.0,0.5,3.0,0.0,1.0,0.0,0,763800
uniform_reservoir,0.0,4.0,116.0,0.0,4000.0,8610.0,1000.0,5873.0,412921.0,73759.0,1000.0,5826.0,213749.0,99653.0,1000.0,5875.0,113724.0,96962.0,1000.0,5706.0,46470.0,100728.0,0.0,0.0,0.0,0.0,0.0,0.0,0.0,0.0,23280.0,371102.0,4.2597131337970495,114.0,116.0,32.0,23280.0,0.5,3.0,0.0,1.0,0.0,0,787080
uniform_reservoir,0.0,1.0,782.0,0.0,782.0,782.0,782.0,23416.0,23416.0,23600.0,0.0,0.0,0.0,0.0,0.0,0.0,0.0,0.0,0.0,0.0,0.0,0.0,0.0,0.0,0.0,0.0,0.0,0.0,0.0,0.0,23660.0,23600.0,0.27089379727840424,0.0,0.0,31.669991546914623,23416.0,0.5,0.0,0.0,1.0,0.0,1,23660
uniform_reservoir,0.0,1.0,235.0,0.0,1000.0,1017.0,1000.0,23648.0,47064.0,46479.0,0.0,0.0,0.0,0.0,0.0,0.0,0.0,0.0,0.0,0.0,0.0,0.0,0.0,0.0,0.0,0.0,0.0,0.0,0.0,0.0,23650.0,46479.0,0.5335115594789386,0.0,17.0,31.997293868921776,23648.0,0.5,0.0,0.0,1.0,0.0,1,47310
uniform_reservoir,0.0,1.0,373.0,0.0,1000.0,1490.0,1000.0,23672.0,70736.0,47847.0,0.0,0.0,0.0,0.0,0.0,0.0,0.0,0.0,0.0,0.0,0.0,0.0,0.0,0.0,0.0,0.0,0.0,0.0,0.0,0.0,23670.0,47847.0,0.5492142168805003,100.0,373.0,32.00270384452894,23672.0,0.5,0.0,0.0,1.0,0.0,1,70980
uniform_reservoir,0.0,1.0,247.0,0.0,1000.0,1873.0,1000.0,23656.0,94392.0,50808.0,0.0,0.0,0.0,0.0,0.0,0.0,0.0,0.0,0.0,0.0,0.0,0.0,0.0,0.0,0.0,0.0,0.0,0.0,0.0,0.0,23660.0,50808.0,0.5832022055983543,136.0,247.0,31.994590025359255,23656.0,0.5,0.0,0.0,1.0,0.0,1,94640
uniform_reservoir,0.0,1.0,210.0,0.0,1000.0,2272.0,1000.0,23744.0,118136.0,51560.0,0.0,0.0,0.0,0.0,0.0,0.0,0.0,0.0,0.0,0.0,0.0,0.0,0.0,0.0,0.0,0.0,0.0,0.0,0.0,0.0,23740.0,51560.0,0.5918340757489204,189.0,210.0,32.00539174389216,23744.0,0.5,0.0,0.0,1.0,0.0,1,118380
uniform_reservoir,0.0,1.0,167.0,0.0,1000.0,2673.0,1000.0,23800.0,141936.0,54256.0,0.0,0.0,0.0,0.0,0.0,0.0,0.0,0.0,0.0,0.0,0.0,0.0,0.0,0.0,0.0,0.0,0.0,0.0,0.0,0.0,23800.0,54256.0,0.6227802485227585,234.0,167.0,32.0,23800.0,0.5,0.0,0.0,1.0,0.0,1,142180
uniform_reservoir,0.0,1.0,130.0,0.0,1000.0,3086.0,1000.0,23800.0,165736.0,54426.0,0.0,0.0,0.0,0.0,0.0,0.0,0.0,0.0,0.0,0.0,0.0,0.0,0.0,0.0,0.0,0.0,0.0,0.0,0.0,0.0,23800.0,54426.0,0.6247316021472216,283.0,130.0,32.0,23800.0,0.5,0.0,0.0,1.0,0.0,1,165980
uniform_reservoir,0.0,1.0,134.0,0.0,1000.0,3537.0,1000.0,23752.0,189488.0,53861.0,0.0,0.0,0.0,0.0,0.0,0.0,0.0,0.0,0.0,0.0,0.0,0.0,0.0,0.0,0.0,0.0,0.0,0.0,0.0,0.0,23750.0,53861.0,0.6182462209835649,317.0,134.0,32.0026947368421,23752.0,0.5,0.0,0.0,1.0,0.0,1,189730
uniform_reservoir,1.0,2.0,315.0,0.0,1243.0,4036.0,1000.0,22474.0,211962.0,52209.0,243.0,11934.0,11934.0,24075.0,0.0,0.0,0.0,0.0,0.0,0.0,0.0,0.0,0.0,0.0,0.0,0.0,0.0,0.0,0.0,0.0,34400.0,76284.0,0.8756297640502453,184.0,72.0,32.007441860465114,34408.0,0.5,1.0,0.0,1.0,0.0,1,224130
uniform_reservoir,0.0,2.0,237.0,0.0,1480.0,4273.0,1000.0,11892.0,223854.0,52209.0,480.0,11828.0,23762.0,47794.0,0.0,0.0,0.0,0.0,0.0,0.0,0.0,0.0,0.0,0.0,0.0,0.0,0.0,0.0,0.0,0.0,23720.0,100003.0,1.1478895088657737,0.0,0.0,32.0,23720.0,0.5,1.0,0.0,1.0,0.0,1,247850
uniform_reservoir,0.0,2.0,236.0,0.0,1716.0,4509.0,1000.0,11899.0,235753.0,52209.0,716.0,11845.0,35607.0,71534.0,0.0,0.0,0.0,0.0,0.0,0.0,0.0,0.0,0.0,0.0,0.0,0.0,0.0,0.0,0.0,0.0,23750.0,123743.0,1.420390303246677,0.0,0.0,31.991915789473683,23744.0,0.5,1.0,0.0,1.0,0.0,1,271600
uniform_reservoir,0.0,2.0,236.0,0.0,1952.0,4745.0,1000.0,11863.0,247616.0,52209.0,952.0,11793.0,47400.0,95242.0,0.0,0.0,0.0,0.0,0.0,0.0,0.0,0.0,0.0,0.0,0.0,0.0,0.0,0.0,0.0,0.0,23650.0,147451.0,1.6925237840041518,0.0,0.0,32.008118393234675,23656.0,0.5,1.0,0.0,1.0,0.0,1,295250
uniform_reservoir,0.0,2.0,219.0,0.0,2000.0,4984.0,1000.0,11685.0,259301.0,52209.0,1000.0,11859.0,59259.0,99767.0,0.0,0.0,0.0,0.0,0.0,0.0,0.0,0.0,0.0,0.0,0.0,0.0,0.0,0.0,0.0,0.0,23550.0,151976.0,1.7444642260670662,20.0,171.0,31.99184713375796,23544.0,0.5,1.0,0.0,1.0,0.0,1,318800
uniform_reservoir,0.0,2.0,177.0,0.0,2000.0,5220.0,1000.0,11723.0,271024.0,52209.0,1000.0,11909.0,71168.0,99756.0,0.0,0.0,0.0,0.0,0.0,0.0,0.0,0.0,0.0,0.0,0.0,0.0,0.0,0.0,0.0,0.0,23630.0,151965.0,1.7443379620090127,59.0,177.0,32.0027084214981,23632.0,0.5,1.0,0.0,0.0,0.0,1,342430
uniform_reservoir,0.0,2.0,164.0,0.0,2000.0,5455.0,1000.0,11961.0,282985.0,52209.0,1000.0,11743.0,82911.0,99755.0,0.0,0.0,0.0,0.0,0.0,0.0,0.0,0.0,0.0,0.0,0.0,0.0,0.0,0.0,0.0,0.0,23700.0,151964.0,1.7443264834582806,71.0,164.0,32.00540084388186,23704.0,0.5,1.0,0.0,1.0,0.0,1,366130
uniform_reservoir,0.0,2.0,133.0,0.0,2000.0,5689.0,1000.0,11886.0,294871.0,52209.0,1000.0,11722.0,94633.0,99847.0,0.0,0.0,0.0,0.0,0.0,0.0,0.0,0.0,0.0,0.0,0.0,0.0,0.0,0.0,0.0,0.0,23610.0,152056.0,1.745382510125637,101.0,133.0,31.99728928420161,23608.0,0.5,1.0,0.0,1.0,0.0,1,389740
uniform_reservoir,1.0,3.0,286.0,0.0,2243.0,6033.0,1000.0,13311.0,308182.0,52209.0,1000.0,12915.0,107548.0,99847.0,243.0,7902.0,7902.0,23859.0,0.0,0.0,0.0,0.0,0.0,0.0,0.0,0.0,0.0,0.0,0.0,0.0,34120.0,175915.0,2.0192492520436645,58.0,43.0,32.00750293083236,34128.0,0.5,2.0,0.0,1.0,0.0,1,423860
uniform_reservoir,0.0,3.0,233.0,0.0,2476.0,6266.0,1000.0,7821.0,316003.0,52209.0,1000.0,7960.0,115508.0,99847.0,476.0,7715.0,15617.0,47310.0,0.0,0.0,0.0,0.0,0.0,0.0,0.0,0.0,0.0,0.0,0.0,0.0,23500.0,199366.0,2.2884327452629805,0.0,0.0,31.994553191489363,23496.0,0.5,2.0,0.0,1.0,0.0,1,447360
uniform_reservoir,0.0,3.0,238.0,0.0,2714.0,6504.0,1000.0,7722.0,323725.0,52209.0,1000.0,7866.0,123374.0,99847.0,714.0,7892.0,23509.0,70790.0,0.0,0.0,0.0,0.0,0.0,0.0,0.0,0.0,0.0,0.0,0.0,0.0,23480.0,222846.0,2.5579491164535284,0.0,0.0,32.0,23480.0,0.5,2.0,0.0,1.0,0.0,1,470840
uniform_reservoir,0.0,3.0,233.0,0.0,2947.0,6737.0,1000.0,7932.0,331657.0,52209.0,1000.0,7906.0,131280.0,99847.0,947.0,7634.0,31143.0,94258.0,0.0,0.0,0.0,0.0,0.0,0.0,0.0,0.0,0.0,0.0,0.0,0.0,23470.0,246314.0,2.8273277450352907,0.0,0.0,32.0027268853856,23472.0,0.5,2.0,0.0,1.0,0.0,1,494310
uniform_reservoir,0.0,3.0,226.0,0.0,3000.0,6973.0,1000.0,7854.0,339511.0,52209.0,1000.0,7809.0,139089.0,99847.0,1000.0,7697.0,38840.0,99481.0,0.0,0.0,0.0,0.0,0.0,0.0,0.0,0.0,0.0,0.0,0.0,0.0,23360.0,251537.0,2.887280215509236,10.0,173.0,32.0,23360.0,0.5,2.0,0.0,1.0,0.0,1,517670
uniform_reservoir,0.0,3.0,178.0,0.0,3000.0,7212.0,1000.0,7864.0,347375.0,52209.0,1000.0,7843.0,146932.0,99847.0,1000.0,7717.0,46557.0,99303.0,0.0,0.0,0.0,0.0,0.0,0.0,0.0,0.0,0.0,0.0,0.0,0.0,23420.0,251359.0,2.8852370334789157,61.0,178.0,32.005465414175916,23424.0,0.5,2.0,0.0,1.0,0.0,1,541090
uniform_reservoir,0.0,3.0,157.0,0.0,3000.0,7456.0,1000.0,7850.0,355225.0,52209.0,1000.0,7748.0,154680.0,99847.0,1000.0,7922.0,54479.0,98838.0,0.0,0.0,0.0,0.0,0.0,0.0,0.0,0.0,0.0,0.0,0.0,0.0,23520.0,250894.0,2.8798995073884726,87.0,157.0,32.0,23520.0,0.5,2.0,0.0,1.0,0.0,1,564610
uniform_reservoir,0.0,3.0,454.0,0.0,3000.0,8421.0,1000.0,7852.0,363077.0,52209.0,1000.0,7770.0,162450.0,99847.0,1000.0,7754.0,62233.0,71889.0,0.0,0.0,0.0,0.0,0.0,0.0,0.0,0.0,0.0,0.0,0.0,0.0,23380.0,223945.0,2.5705640437081456,511.0,454.0,31.9945252352438,23376.0,0.5,2.0,0.0,1.0,0.0,1,587990
uniform_reservoir,1.0,4.0,387.0,0.0,3234.0,9077.0,1000.0,9792.0,372869.0,52209.0,1000.0,10016.0,172466.0,99847.0,1000.0,9993.0,72226.0,66123.0,234.0,5951.0,5951.0,23634.0,0.0,0.0,0.0,0.0,0.0,0.0,0.0,0.0,35740.0,241813.0,2.7756627881899476,269.0,153.0,32.010744264129826,35752.0,0.5,3.0,0.0,1.0,0.0,1,623730
uniform_reservoir,0.0,4.0,232.0,0.0,3466.0,9309.0,1000.0,5741.0,378610.0,52209.0,1000.0,5841.0,178307.0,99847.0,1000.0,5897.0,78123.0,66123.0,466.0,5857.0,11808.0,47066.0,0.0,0.0,0.0,0.0,0.0,0.0,0.0,0.0,23340.0,265245.0,3.044628188945353,0.0,0.0,31.99451585261354,23336.0,0.5,3.0,0.0,1.0,0.0,1,647070
uniform_reservoir,0.0,4.0,231.0,0.0,3697.0,9540.0,1000.0,5916.0,384526.0,52209.0,1000.0,5824.0,184131.0,99847.0,1000.0,5818.0,83941.0,66123.0,697.0,5762.0,17570.0,70386.0,0.0,0.0,0.0,0.0,0.0,0.0,0.0,0.0,23320.0,288565.0,3.3123079920187593,0.0,0.0,32.0,23320.0,0.5,3.0,0.0,1.0,0.0,1,670390
uniform_reservoir,0.0,4.0,232.0,0.0,3929.0,9772.0,1000.0,5841.0,390367.0,52209.0,1000.0,5783.0,189914.0,99847.0,1000.0,5912.0,89853.0,66123.0,929.0,5728.0,23298.0,93576.0,0.0,0.0,0.0,0.0,0.0,0.0,0.0,0.0,23260.0,311755.0,3.578495583496988,0.0,0.0,32.005503009458295,23264.0,0.5,3.0,0.0,1.0,0.0,1,693650
uniform_reservoir,0.0,4.0,219.0,0.0,4000.0,10003.0,1000.0,5717.0,396084.0,52209.0,1000.0,5860.0,195774.0,99847.0,1000.0,5928.0,95781.0,66123.0,1000.0,5743.0,29041.0,100773.0,0.0,0.0,0.0,0.0,0.0,0.0,0.0,0.0,23250.0,318952.0,3.661106713116169,12.0,148.0,31.997247311827955,23248.0,0.5,3.0,0.0,1.0,0.0,1,716900
uniform_reservoir,0.0,4.0,177.0,0.0,4000.0,10233.0,1000.0,5893.0,401977.0,52209.0,1000.0,5760.0,201534.0,99847.0,1000.0,5841.0,101622.0,66123.0,1000.0,5778.0,34819.0,100773.0,0.0,0.0,0.0,0.0,0.0,0.0,0.0,0.0,23270.0,318952.0,3.661106713116169,53.0,177.0,32.00275032230339,23272.0,0.5,3.0,0.0,1.0,0.0,1,740170
uniform_reservoir,0.0,4.0,159.0,0.0,4000.0,10463.0,1000.0,5743.0,407720.0,52209.0,1000.0,5804.0,207338.0,99847.0,1000.0,5910.0,107532.0,66123.0,1000.0,5783.0,40602.0,100773.0,0.0,0.0,0.0,0.0,0.0,0.0,0.0,0.0,23240.0,318952.0,3.661106713116169,71.0,159.0,32.0,23240.0,0.5,3.0,0.0,1.0,0.0,1,763410
uniform_reservoir,0.0,4.0,129.0,0.0,4000.0,10693.0,1000.0,5675.0,413395.0,52209.0,1000.0,5697.0,213035.0,99847.0,1000.0,5953.0,113485.0,66123.0,1000.0,5819.0,46421.0,100709.0,0.0,0.0,0.0,0.0,0.0,0.0,0.0,0.0,23150.0,318888.0,3.6603720858693123,101.0,129.0,31.99170626349892,23144.0,0.5,3.0,0.0,1.0,0.0,1,786560
uniform_reservoir,0.0,1.0,789.0,0.0,789.0,789.0,789.0,23216.0,23216.0,23422.0,0.0,0.0,0.0,0.0,0.0,0.0,0.0,0.0,0.0,0.0,0.0,0.0,0.0,0.0,0.0,0.0,0.0,0.0,0.0,0.0,23460.0,23422.0,0.26885061524808407,0.0,0.0,31.667178175618073,23216.0,0.5,0.0,0.0,1.0,0.0,2,23460
uniform_reservoir,0.0,1.0,233.0,0.0,1000.0,1022.0,1000.0,23592.0,46808.0,45841.0,0.0,0.0,0.0,0.0,0.0,0.0,0.0,0.0,0.0,0.0,0.0,0.0,0.0,0.0,0.0,0.0,0.0,0.0,0.0,0.0,23590.0,45841.0,0.526188244111836,0.0,22.0,32.00271301398898,23592.0,0.5,0.0,0.0,1.0,0.0,2,47050
uniform_reservoir,0.0,1.0,321.0,0.0,1000.0,1410.0,1000.0,23648.0,70456.0,50433.0,0.0,0.0,0.0,0.0,0.0,0.0,0.0,0.0,0.0,0.0,0.0,0.0,0.0,0.0,0.0,0.0,0.0,0.0,0.0,0.0,23650.0,50433.0,0.5788977490738034,67.0,321.0,31.997293868921776,23648.0,0.5,0.0,0.0,1.0,0.0,2,70700
uniform_reservoir,0.0,1.0,686.0,0.0,1000.0,2790.0,1000.0,23592.0,94048.0,33997.0,0.0,0.0,0.0,0.0,0.0,0.0,0.0,0.0,0.0,0.0,0.0,0.0,0.0,0.0,0.0,0.0,0.0,0.0,0.0,0.0,23590.0,33997.0,0.39023628924041986,694.0,686.0,32.00271301398898,23592.0,0.5,0.0,0.0,1.0,0.0,2,94290
uniform_reservoir,0.0,1.0,502.0,0.0,1000.0,4444.0,1000.0,23600.0,117648.0,26076.0,0.0,0.0,0.0,0.0,0.0,0.0,0.0,0.0,0.0,0.0,0.0,0.0,0.0,0.0,0.0,0.0,0.0,0.0,0.0,0.0,23600.0,26076.0,0.2993146888911724,1152.0,502.0,32.0,23600.0,0.5,0.0,0.0,1.0,0.0,2,117890
uniform_reservoir,0.0,1.0,279.0,0.0,1000.0,5805.0,1000.0,23616.0,141264.0,23663.0,0.0,0.0,0.0,0.0,0.0,0.0,0.0,0.0,0.0,0.0,0.0,0.0,0.0,0.0,0.0,0.0,0.0,0.0,0.0,0.0,23620.0,23663.0,0.2716169459745288,1082.0,279.0,31.99458086367485,23616.0,0.5,0.0,0.0,1.0,0.0,2,141510
uniform_reservoir,0.0,1.0,281.0,0.0,1000.0,7449.0,1000.0,23664.0,164928.0,21525.0,0.0,0.0,0.0,0.0,0.0,0.0,0.0,0.0,0.0,0.0,0.0,0.0,0.0,0.0,0.0,0.0,0.0,0.0,0.0,0.0,23660.0,21525.0,0.2470758045092225,1363.0,281.0,32.00540997464074,23664.0,0.5,0.0,0.0,1.0,0.0,2,165170
uniform_reservoir,0.0,1.0,223.0,0.0,1000.0,9296.0,1000.0,23448.0,188376.0,19459.0,0.0,0.0,0.0,0.0,0.0,0.0,0.0,0.0,0.0,0.0,0.0,0.0,0.0,0.0,0.0,0.0,0.0,0.0,0.0,0.0,23450.0,19459.0,0.22336111869663,1624.0,223.0,31.99727078891258,23448.0,0.5,0.0,0.0,1.0,0.0,2,188620
uniform_reservoir,0.0,2.0,327.0,0.0,1243.0,10418.0,1000.0,23624.0,212000.0,18786.0,243.0,11872.0,11872.0,24028.0,0.0,0.0,0.0,0.0,0.0,0.0,0.0,0.0,0.0,0.0,0.0,0.0,0.0,0.0,0.0,0.0,35480.0,42814.0,0.491442671045661,795.0,84.0,32.014430665163474,35496.0,0.5,1.0,0.0,1.0,0.0,2,224100
uniform_reservoir,0.0,2.0,235.0,0.0,1478.0,10653.0,1000.0,11691.0,223691.0,18786.0,478.0,11949.0,23821.0,47730.0,0.0,0.0,0.0,0.0,0.0,0.0,0.0,0.0,0.0,0.0,0.0,0.0,0.0,0.0,0.0,0.0,23640.0,66516.0,0.7635072804987431,0.0,0.0,32.0,23640.0,0.5,1.0,0.0,1.0,0.0,2,247740
uniform_reservoir,0.0,2.0,234.0,0.0,1712.0,10887.0,1000.0,11869.0,235560.0,18786.0,712.0,11763.0,35584.0,71291.0,0.0,0.0,0.0,0.0,0.0,0.0,0.0,0.0,0.0,0.0,0.0,0.0,0.0,0.0,0.0,0.0,23630.0,90077.0,1.033953414298594,0.0,0.0,32.0027084214981,23632.0,0.5,1.0,0.0,1.0,0.0,2,271370
uniform_reservoir,0.0,2.0,234.0,0.0,1946.0,11121.0,1000.0,11781.0,247341.0,18786.0,946.0,11763.0,47347.0,94892.0,0.0,0.0,0.0,0.0,0.0,0.0,0.0,0.0,0.0,0.0,0.0,0.0,0.0,0.0,0.0,0.0,23550.0,113678.0,1.3048586901277304,0.0,0.0,31.99184713375796,23544.0,0.5,1.0,0.0,1.0,0.0,2,294920
uniform_reservoir,0.0,2.0,220.0,0.0,2000.0,11353.0,1000.0,11779.0,259120.0,18786.0,1000.0,11717.0,59064.0,100448.0,0.0,0.0,0.0,0.0,0.0,0.0,0.0,0.0,0.0,0.0,0.0,0.0,0.0,0.0,0.0,0.0,23490.0,119234.0,1.3686335179954767,12.0,166.0,32.00817369093231,23496.0,0.5,1.0,0.0,1.0,0.0,2,318410
uniform_reservoir,0.0,2.0,169.0,0.0,2000.0,11586.0,1000.0,11884.0,271004.0,18786.0,1000.0,11636.0,70700.0,100500.0,0.0,0.0,0.0,0.0,0.0,0.0,0.0,0.0,0.0,0.0,0.0,0.0,0.0,0.0,0.0,0.0,23520.0,119286.0,1.3692304026335478,64.0,169.0,32.0,23520.0,0.5,1.0,0.0,1.0,0.0,2,341930
uniform_reservoir,0.0,2.0,155.0,0.0,2000.0,11825.0,1000.0,11815.0,282819.0,18786.0,1000.0,11809.0,82509.0,100365.0,0.0,0.0,0.0,0.0,0.0,0.0,0.0,0.0,0.0,0.0,0.0,0.0,0.0,0.0,0.0,0.0,23630.0,119151.0,1.3676807982847095,84.0,155.0,31.991874735505714,23624.0,0.5,1.0,0.0,1.0,0.0,2,365560
uniform_reservoir,0.0,2.0,131.0,0.0,2000.0,12065.0,1000.0,11816.0,294635.0,18786.0,1000.0,11800.0,94309.0,100304.0,0.0,0.0,0.0,0.0,0.0,0.0,0.0,0.0,0.0,0.0,0.0,0.0,0.0,0.0,0.0,0.0,23610.0,119090.0,1.3669806066900492,109.0,131.0,32.00813214739517,23616.0,0.5,1.0,0.0,1.0,0.0,2,389170
uniform_reservoir,1.0,3.0,1115.0,0.0,3000.0,13235.0,1000.0,13488.0,308123.0,18786.0,1000.0,13158.0,107467.0,100213.0,1000.0,8106.0,8106.0,22133.0,0.0,0.0,0.0,0.0,0.0,0.0,0.0,0.0,0.0,0.0,0.0,0.0,34750.0,141132.0,1.6199908219277859,55.0,115.0,32.00184172661871,34752.0,0.5,2.0,0.0,1.0,0.0,2,423920
uniform_reservoir,0.0,3.0,230.0,0.0,3000.0,13517.0,1000.0,7769.0,315892.0,18786.0,1000.0,7719.0,115186.0,100213.0,1000.0,7832.0,15938.0,33891.0,0.0,0.0,0.0,0.0,0.0,0.0,0.0,0.0,0.0,0.0,0.0,0.0,23320.0,152890.0,1.7549556214362383,52.0,230.0,32.0,23320.0,0.5,2.0,0.0,1.0,0.0,2,447240
uniform_reservoir,0.0,3.0,155.0,0.0,3000.0,13751.0,1000.0,7840.0,323732.0,18786.0,1000.0,7987.0,123173.0,100213.0,1000.0,7637.0,23575.0,43506.0,0.0,0.0,0.0,0.0,0.0,0.0,0.0,0.0,0.0,0.0,0.0,0.0,23460.0,162505.0,1.8653218867257237,79.0,155.0,32.00545609548167,23464.0,0.5,2.0,0.0,1.0,0.0,2,470700
uniform_reservoir,0.0,3.0,143.0,0.0,3000.0,13984.0,1000.0,7937.0,331669.0,18786.0,1000.0,7801.0,130974.0,100213.0,1000.0,7750.0,31325.0,51071.0,0.0,0.0,0.0,0.0,0.0,0.0,0.0,0.0,0.0,0.0,0.0,0.0,23490.0,170070.0,1.9521571230143309,90.0,143.0,31.997275436355896,23488.0,0.5,2.0,0.0,1.0,0.0,2,494190
uniform_reservoir,0.0,3.0,132.0,0.0,3000.0,14217.0,1000.0,7801.0,339470.0,18786.0,1000.0,7821.0,138795.0,100213.0,1000.0,7826.0,39151.0,56317.0,0.0,0.0,0.0,0.0,0.0,0.0,0.0,0.0,0.0,0.0,0.0,0.0,23450.0,175316.0,2.012373600155115,101.0,132.0,31.99727078891258,23448.0,0.5,2.0,0.0,1.0,0.0,2,517640
uniform_reservoir,0.0,3.0,120.0,0.0,3000.0,14450.0,1000.0,7779.0,347249.0,18786.0,1000.0,7801.0,146596.0,100213.0,1000.0,7964.0,47115.0,61508.0,0.0,0.0,0.0,0.0,0.0,0.0,0.0,0.0,0.0,0.0,0.0,0.0,23540.0,180507.0,2.071958757005632,113.0,120.0,32.0054375531011,23544.0,0.5,2.0,0.0,1.0,0.0,2,541180
uniform_reservoir,0.0,3.0,93.0,0.0,3000.0,14683.0,1000.0,7876.0,355125.0,18786.0,1000.0,7757.0,154353.0,100213.0,1000.0,7903.0,55018.0,64902.0,0.0,0.0,0.0,0.0,0.0,0.0,0.0,0.0,0.0,0.0,0.0,0.0,23540.0,183901.0,2.1109169581905007,140.0,93.0,31.994562446898897,23536.0,0.5,2.0,0.0,1.0,0.0,2,564720
uniform_reservoir,0.0,3.0,79.0,0.0,3000.0,14914.0,1000.0,7742.0,362867.0,18786.0,1000.0,7745.0,162098.0,100213.0,1000.0,7889.0,62907.0,67280.0,0.0,0.0,0.0,0.0,0.0,0.0,0.0,0.0,0.0,0.0,0.0,0.0,23370.0,186279.0,2.1382129518315196,152.0,79.0,32.00821566110398,23376.0,0.5,2.0,0.0,1.0,0.0,2,588090
uniform_reservoir,1.0,4.0,269.0,0.0,3235.0,15267.0,1000.0,9984.0,372851.0,18786.0,1000.0,9784.0,171882.0,100213.0,1000.0,10105.0,73012.0,68019.0,235.0,5839.0,5839.0,23735.0,0.0,0.0,0.0,0.0,0.0,0.0,0.0,0.0,35710.0,210753.0,2.4191390024498105,84.0,34.0,32.001792215065805,35712.0,0.5,3.0,0.0,1.0,0.0,2,623800
uniform_reservoir,0.0,4.0,231.0,0.0,3466.0,15498.0,1000.0,5801.0,378652.0,18786.0,1000.0,5818.0,177700.0,100213.0,1000.0,5899.0,78911.0,68019.0,466.0,5786.0,11625.0,47066.0,0.0,0.0,0.0,0.0,0.0,0.0,0.0,0.0,23300.0,234084.0,2.68694506958127,0.0,0.0,32.00549356223176,23304.0,0.5,3.0,0.0,1.0,0.0,2,647100
uniform_reservoir,0.0,4.0,230.0,0.0,3696.0,15728.0,1000.0,5787.0,384439.0,18786.0,1000.0,5828.0,183528.0,100213.0,1000.0,5837.0,84748.0,68019.0,696.0,5764.0,17389.0,70296.0,0.0,0.0,0.0,0.0,0.0,0.0,0.0,0.0,23220.0,257314.0,2.953591803088784,0.0,0.0,31.994487510766582,23216.0,0.5,3.0,0.0,1.0,0.0,2,670320
uniform_reservoir,0.0,4.0,230.0,0.0,3926.0,15958.0,1000.0,5847.0,390286.0,18786.0,1000.0,5759.0,189287.0,100213.0,1000.0,5902.0,90650.0,68019.0,926.0,5708.0,23097.0,93526.0,0.0,0.0,0.0,0.0,0.0,0.0,0.0,0.0,23210.0,280544.0,3.220238536596298,0.0,0.0,32.008272296423954,23216.0,0.5,3.0,0.0,1.0,0.0,2,693530
uniform_reservoir,0.0,4.0,217.0,0.0,4000.0,16187.0,1000.0,5835.0,396121.0,18786.0,1000.0,5755.0,195042.0,100213.0,1000.0,5848.0,96498.0,68019.0,1000.0,5730.0,28827.0,101000.0,0.0,0.0,0.0,0.0,0.0,0.0,0.0,0.0,23170.0,288018.0,3.306029224768281,12.0,143.0,31.997237807509713,23168.0,0.5,3.0,0.0,1.0,0.0,2,716700
uniform_reservoir,0.0,4.0,186.0,0.0,4000.0,16416.0,1000.0,5768.0,401889.0,18786.0,1000.0,5779.0,200821.0,100213.0,1000.0,5768.0,102266.0,68019.0,1000.0,5861.0,34688.0,101000.0,0.0,0.0,0.0,0.0,0.0,0.0,0.0,0.0,23180.0,288018.0,3.306029224768281,43.0,186.0,31.994477998274373,23176.0,0.5,3.0,0.0,1.0,0.0,2,739880
uniform_reservoir,0.0,4.0,164.0,0.0,4000.0,16647.0,1000.0,5794.0,407683.0,18786.0,1000.0,5854.0,206675.0,100213.0,1000.0,5775.0,108041.0,68019.0,1000.0,5817.0,40505.0,101000.0,0.0,0.0,0.0,0.0,0.0,0.0,0.0,0.0,23240.0,288018.0,3.306029224768281,67.0,164.0,32.0,23240.0,0.5,3.0,0.0,1.0,0.0,2,763120
uniform_reservoir,0.0,4.0,139.0,0.0,4000.0,16876.0,1000.0,5746.0,413429.0,18786.0,1000.0,5753.0,212428.0,100213.0,1000.0,5877.0,113918.0,68019.0,1000.0,5800.0,46305.0,101000.0,0.0,0.0,0.0,0.0,0.0,0.0,0.0,0.0,23170.0,288018.0,3.306029224768281,90.0,139.0,32.00828657747087,23176.0,0.5,3.0,0.0,1.0,0.0,2,786290
