actor_bootstrap_mean,actor_minus_recorded_bootstrap,actor_minus_recorded_prior_entropy,actor_minus_recorded_return,actor_minus_recorded_reward_only,actor_prior_entropy_mean,actor_return_mean,actor_reward_only_mean,actor_rows,actual_goal,actual_goal_name,checkpoint,horizon,recorded_bootstrap_mean,recorded_prior_entropy_mean,recorded_return_mean,recorded_reward_only_mean,recorded_rows,relationship
1.5823030153740163,0.19609859370056015,0.04628974234703742,0.11567768643648102,-0.08042090726407915,0.8904048050984298,1.622220075042438,0.03991705966842163,2020,0,kill_goblin,strong,1,1.3862044216734561,0.8441150627513924,1.506542388605957,0.12033796693250078,2020,counterfactual
1.7875113287575,0.4256398220213624,0.0594381919273963,0.2875664903431505,-0.13807333167821217,0.8478755950927734,1.8431778028892198,0.05566647413171959,1664,1,bury_bones,strong,1,1.3618715067361375,0.7884374031653771,1.5556113125460693,0.19373980580993175,1664,counterfactual
0.7996939559890913,0.010493868702129094,0.02680070698261261,0.00888402921440079,-0.0016098394877282068,1.1250445693731308,0.8463292796639936,0.04663532367490241,2048,2,chop_logs,strong,1,0.7892000872869622,1.0982438623905182,0.8374452504495928,0.04824516316263062,2048,counterfactual
1.6070724856519711,0.1952166475053112,0.04451206320583223,0.12073873867248586,-0.07447790883282505,0.8886271259572246,1.6594434690848423,0.05237098343287115,505,0,kill_goblin,strong,1,1.41185583814666,0.8441150627513924,1.5387047304123564,0.1268488922656962,505,factual
1.7645950865070634,0.42953772493513176,0.06034454932579625,0.2875003990547842,-0.1420373258803475,0.8487819524911734,1.832548433303694,0.06795334679663077,416,1,bury_bones,strong,1,1.3350573615719317,0.7884374031653771,1.54504803424891,0.2099906726769783,416,factual
0.8001409789443064,0.007755877159908553,0.025965780019760132,0.00793534974088006,0.0001794725809715278,1.1242096424102783,0.8372997777983742,0.03715879885406789,512,2,chop_logs,strong,1,0.7923851017843978,1.0982438623905182,0.8293644280574941,0.036979326273096365,512,factual
1.6963816734467143,0.1333432394910734,0.05837647436543347,0.12602371910849564,-0.007319520382577585,0.8973845627277772,1.6989170340871913,0.0025353606404773135,1504,0,kill_goblin,strong,3,1.563038433955641,0.8390080883623438,1.5728933149786957,0.0098548810230549,1504,counterfactual
1.8991740354197628,0.29964857264561395,0.06916923273693432,0.2621786960605448,-0.037469876585069305,0.8689392225308852,1.9495639949754158,0.05038995955565282,1100,1,bury_bones,strong,3,1.5995254627741489,0.7997699897939509,1.687385298914871,0.08785983614072213,1100,counterfactual
0.8410354078960128,0.011191519276037343,0.03672257447055993,0.015188237049436726,0.003996717773399451,1.1513143260391823,0.853604431217918,0.012569023321905267,1532,2,chop_logs,strong,3,0.8298438886199755,1.1145917515686223,0.8384161941684812,0.008572305548505816,1532,counterfactual
1.726954058927629,0.12711266360800555,0.05529726970385995,0.11861667627377104,-0.00849598733423465,0.8943053580662037,1.732345865516584,0.005391806588954841,376,0,kill_goblin,strong,3,1.5998413953196235,0.8390080883623438,1.613729189242813,0.013887793923189493,376,factual
1.8618787395970386,0.29910712380175397,0.07031797387383198,0.25638714070378565,-0.04271998309796837,0.8700879636677828,1.9226993126180514,0.06082057302101275,275,1,bury_bones,strong,3,1.5627716157952847,0.7997699897939509,1.6663121719142657,0.10354055611898112,275,factual
0.8417748110309202,0.008710590280965214,0.035632022444946676,0.012081398600958249,0.003370808319993095,1.150223774013569,0.8492465735497493,0.007471762518829109,383,2,chop_logs,strong,3,0.833064220749955,1.1145917515686223,0.8371651749487911,0.004100954198836014,383,factual
1.702364822569229,0.14668352073016866,0.06442316558435968,0.13992489468586133,-0.006758626044306879,0.8742963266787959,1.706969811645636,0.004604989076407156,1464,0,kill_goblin,strong,6,1.5556813018390603,0.8098731610944362,1.5670449169597747,0.011363615120714035,1464,counterfactual
1.8785543304334233,0.2609981188800883,0.08196686454690416,0.2289369346588046,-0.03206118422128343,0.8755861089206659,1.9274705619236372,0.04891623149021401,1040,1,bury_bones,strong,6,1.617556211553335,0.7936192443737617,1.6985336272648326,0.08097741571149744,1040,counterfactual
0.8160163820862085,0.00917665777182064,0.05106541581235646,0.020542794838963152,0.01136613706714252,1.1567065757072694,0.8417778269835415,0.02576144489733317,1516,2,chop_logs,strong,6,0.8068397243143879,1.105641159894913,0.8212350321445784,0.01439530783019065,1516,counterfactual
1.7285272106670655,0.13762202793518807,0.06118020464162366,0.12945082594254065,-0.008171201992647311,0.8710533657360598,1.7364465230119603,0.007919312344894708,366,0,kill_goblin,strong,6,1.5909051827318774,0.8098731610944362,1.6069956970694197,0.01609051433754202,366,factual
1.841212517286647,0.2659125910558635,0.08279429490749646,0.22942555900953066,-0.036487032046333065,0.8764135392812582,1.90014998876343,0.05893747147678326,260,1,bury_bones,strong,6,1.5752999262307834,0.7936192443737617,1.6707244297538995,0.09542450352311632,260,factual
0.8325723129921815,0.00980573498099846,0.05105407076020363,0.018832956846721705,0.009027221865723033,1.1566952306551166,0.8495121397236204,0.016939826731438717,379,2,chop_logs,strong,6,0.822766578011183,1.105641159894913,0.8306791828768987,0.007912604865715683,379,factual
1.6852319086527685,0.15296242573126162,0.06724791133657415,0.15039789654577462,-0.0025645291854873124,0.8578664624219969,1.7051218337289424,0.019889925076173525,1316,0,kill_goblin,strong,15,1.5322694829215069,0.7906185510854228,1.5547239371831678,0.022454454261660838,1316,counterfactual
1.8449016349689236,0.2738581154541224,0.08214713252990347,0.265161941501858,-0.008696173952264241,0.8706347895295996,1.9158537288454227,0.07095209387649953,988,1,bury_bones,strong,15,1.5710435195148011,0.7884876569996961,1.6506917873435647,0.07964826782876377,988,counterfactual
0.7527620771018716,-0.003755923438734876,0.07674381385962636,0.026746001845530887,0.03050192528426608,1.1779727074357893,0.8089124434283101,0.056150366326438717,1388,2,chop_logs,strong,15,0.7565180005406065,1.101228893576163,0.7821664415827793,0.025648441042172638,1388,counterfactual
1.7072318576662913,0.14259136299907094,0.06465149949386861,0.13899076551823697,-0.0036005974808338663,0.8552700505792914,1.732680580290869,0.025448722624577827,329,0,kill_goblin,strong,15,1.5646404946672203,0.7906185510854228,1.593689814772632,0.029049320105411693,329,factual
1.7987403691840478,0.26959446364852657,0.08278648971546032,0.25939155060966357,-0.010202913038863046,0.8712741467151565,1.8820089267440734,0.08326855756002577,247,1,bury_bones,strong,15,1.5291459055355212,0.7884876569996961,1.6226173761344098,0.09347147059888881,247,factual
0.795762301784303,0.0007602246151173775,0.07770664676465633,0.026197501904872023,0.02543727728975486,1.1789355403408193,0.8364812778864283,0.040718976102125375,347,2,chop_logs,strong,15,0.7950020771691856,1.101228893576163,0.8102837759815563,0.015281698812370513,347,factual
1.6696399379322262,0.1446955369616334,0.0651707703158968,0.14928566522077702,0.004590128259143428,0.8560212225194961,1.6970737525496011,0.027433814617374763,1260,0,kill_goblin,strong,20,1.5249444009705928,0.7908504522035993,1.5477880873288241,0.022843686358231335,1260,counterfactual
1.8166101271322947,0.25670205673206525,0.07804895818981672,0.26236461940949707,0.005662562677431815,0.8685902880824261,1.900577334655281,0.08396720752298632,956,1,bury_bones,strong,20,1.5599080704002295,0.7905413298926094,1.638212715245784,0.07830464484555451,956,counterfactual
0.7337280780801343,-0.004666987503461284,0.08628959116744417,0.03133847010543578,0.03600545760889699,1.1837796165987298,0.7972142967187191,0.06348621863858474,1296,2,chop_logs,strong,20,0.7383950655835956,1.0974900254312856,0.7658758266132834,0.02748076102968774,1296,counterfactual
1.6915172879379252,0.13545426063738408,0.06257676245674249,0.13889642371366584,0.003442163076281618,0.8534272146603418,1.7255370611566831,0.03401977321875788,315,0,kill_goblin,strong,20,1.5560630273005411,0.7908504522035993,1.5866406374430173,0.030577610142476265,315,factual
1.7673779869928694,0.25216435802936865,0.07866867291877466,0.2557062806498105,0.003541922620441673,0.869210002811384,1.8635350951353449,0.09615710814247536,239,1,bury_bones,strong,20,1.5152136289635008,0.7905413298926094,1.6078288144855344,0.09261518552203368,239,factual
0.7834764755506641,-0.0002466106735380391,0.08731666639631186,0.030310948304759,0.030557558978297362,1.1848066918275975,0.8301812024722804,0.04670472692161653,324,2,chop_logs,strong,20,0.7837230862242022,1.0974900254312856,0.7998702541675214,0.016147167943319166,324,factual
1.9332008631358757,0.26595221031007377,0.044100204316696257,0.1794326197030367,-0.08651959060703694,0.8772923611178256,1.9644930118302395,0.03129214869436385,2020,0,kill_goblin,weak,1,1.667248652825802,0.8331921568011293,1.7850603921272028,0.11781173930140079,2020,counterfactual
2.1616918942185284,0.5569705834190606,0.049263889972980146,0.4085927545957142,-0.14837782882334688,0.8011452693205613,2.188849410825589,0.027157516607060003,1664,1,bury_bones,weak,1,1.6047213107994678,0.7518813793475811,1.7802566562298747,0.17553534543040689,1664,counterfactual
1.3613665913208903,0.08060372041904085,0.03033435344696045,0.05402161051028509,-0.026582109908755612,1.0133952498435974,1.3951021961263543,0.03373560480546403,2048,2,chop_logs,weak,1,1.2807628709018495,0.983060896396637,1.3410805856160692,0.06031771471421964,2048,counterfactual
1.9547084602485039,0.2620529818447983,0.046727246577196735,0.17908411270945046,-0.08296886913534765,0.8799194033783261,1.998814955772678,0.04410649552417409,505,0,kill_goblin,weak,1,1.6926554784037056,0.8331921568011293,1.8197308430632275,0.12707536465952174,505,factual
2.128696445964282,0.5575644838215248,0.04820141425499547,0.4058023365248624,-0.15176214729666251,0.8000827936025766,2.168506786269954,0.039810340305671606,416,1,bury_bones,weak,1,1.5711319621427573,0.7518813793475811,1.7627044497450914,0.1915724876023341,416,factual
1.3521725573601158,0.07469202587668677,0.030856162309646606,0.05131479203072509,-0.02337723384596158,1.0139170587062836,1.375981539772148,0.023808982412032335,512,2,chop_logs,weak,1,1.277480531483429,0.983060896396637,1.324666747741423,0.047186216257993914,512,factual
2.0729159631855993,0.2041385868159462,0.05890776363617567,0.1952083221944707,-0.0089302646214754,0.8860058948952467,2.0749015009352347,0.001985537749635392,1504,0,kill_goblin,weak,3,1.8687773763696531,0.8270981312590711,1.879693178740764,0.01091580237111079,1504,counterfactual
2.220796637255024,0.3363894864681707,0.0647152983871373,0.29312915080534196,-0.04326033566282794,0.8239859842983159,2.2397524801928532,0.018955842937829787,1100,1,bury_bones,weak,3,1.8844071507868532,0.7592706859111786,1.9466233293875113,0.06221617860065773,1100,counterfactual
1.4373011476461486,0.07228103108017514,0.055874900702708064,0.07114820184915294,-0.001132829231022119,1.0536765581478338,1.4407406644864156,0.003439516840267028,1532,2,chop_logs,weak,3,1.3650201165659734,0.9978016574451257,1.3695924626372626,0.004572346071289147,1532,counterfactual
2.104567686943504,0.1991189205599193,0.060409731925167964,0.18667640833743526,-0.012442512222483888,0.887507863184239,2.1080359268375353,0.0034682398940311383,376,0,kill_goblin,weak,3,1.9054487663835848,0.8270981312590711,1.9213595185001,0.015910752116515027,376,factual
2.1856343887978498,0.34355356205890564,0.06398911053484135,0.2948965183114094,-0.04865704374749627,0.82325979644602,2.2146130986766317,0.028978709878781775,275,1,bury_bones,weak,3,1.8420808267389441,0.7592706859111786,1.9197165803652223,0.07763575362627805,275,factual
1.4249293480872376,0.06714981696643596,0.0562784763602614,0.06647176232754748,-0.0006780546388890907,1.0540801338053871,1.4261727059171052,0.0012433578298672668,383,2,chop_logs,weak,3,1.3577795311208016,0.9978016574451257,1.3597009435895577,0.0019214124687563575,383,factual
2.079938138926991,0.21342056417604427,0.06827159771502334,0.20538765636881573,-0.008032907807228797,0.862520904326048,2.084061907348518,0.004123768421526796,1464,0,kill_goblin,weak,6,1.8665175747509468,0.7942493066110247,1.878674250979702,0.012156676228755593,1464,counterfactual
2.19497637000453,0.27575319113212715,0.07939656371107473,0.23800560378885827,-0.03774758734326841,0.8293430897478874,2.214771786447645,0.019795416443115242,1040,1,bury_bones,weak,6,1.919223178872403,0.7499465260368127,1.9767661826587868,0.057543003786383655,1040,counterfactual
1.427790541914815,0.09260995219056745,0.08203183173504236,0.08793265844973863,-0.0046772937408288175,1.0584284382476656,1.4316258970906095,0.003835355175794502,1516,2,chop_logs,weak,6,1.3351805897242475,0.9763966065126233,1.3436932386408709,0.00851264891662332,1516,counterfactual
2.110450841636728,0.20839053294935383,0.06834126023646903,0.1968074770213275,-0.011583055928026132,0.8625905668474937,2.1163693476581242,0.0059185060213963695,366,0,kill_goblin,weak,6,1.9020603086873742,0.7942493066110247,1.9195618706367967,0.0175015619494225,366,factual
2.156549873722311,0.2889322950700828,0.07891265566532435,0.24634768829358844,-0.04258460677649381,0.828859181702137,2.186993109176689,0.030443235454378863,260,1,bury_bones,weak,6,1.8676175786522282,0.7499465260368127,1.9406454208831008,0.07302784223087268,260,factual
1.4290286273247175,0.08479172685218361,0.08260711115394237,0.08119996607458257,-0.003591760777601244,1.0590037176665656,1.4303893760765818,0.0013607487518641798,379,2,chop_logs,weak,6,1.3442369004725339,0.9763966065126233,1.3491894100019992,0.004952509529465424,379,factual
2.06863919859903,0.20763285785269625,0.08008869458839163,0.19858284323286246,-0.009050014619833733,0.8510291118933437,2.078623772767967,0.009984574168937084,1316,0,kill_goblin,weak,15,1.8610063407463335,0.7709404173049521,1.8800409295351044,0.019034588788770818,1316,counterfactual
2.1804064815209663,0.29020046762486884,0.08719766381298488,0.25994126626903147,-0.03025920135583699,0.8267704680381034,2.2049824828720674,0.024576001351101287,988,1,bury_bones,weak,15,1.8902060138960974,0.7395728042251185,1.945041216603036,0.05483520270693828,988,counterfactual
1.3935349541899327,0.1117550136214136,0.108459292768745,0.10397390537151452,-0.007781108249899185,1.0651350574895353,1.3982395537103725,0.004704599520439716,1388,2,chop_logs,weak,15,1.281779940568519,0.9566757647207903,1.294265648338858,0.0124857077703389,1388,counterfactual
2.0970395113489038,0.2067735689424559,0.07960886804890843,0.19221507468040566,-0.014558494262050022,0.8505492853538605,2.1091213107325766,0.012081799383673306,329,0,kill_goblin,weak,15,1.8902659424064479,0.7709404173049521,1.916906236052171,0.026640293645723328,329,factual
2.1376604887371613,0.303124780726187,0.08668180877863152,0.2688039232632624,-0.03432085746292527,0.82625461300375,2.1729741301901067,0.03531364145294467,247,1,bury_bones,weak,15,1.8345357080109743,0.7395728042251185,1.9041702069268442,0.06963449891586994,247,factual
1.4173298667343763,0.09549718630863535,0.10923767562214859,0.08951249719189502,-0.005984689116740514,1.065913440342939,1.4189157840268638,0.0015859172924875065,347,2,chop_logs,weak,15,1.321832680425741,0.9566757647207903,1.3294032868349688,0.00757060640922802,347,factual
2.056137515813508,0.2000337472573399,0.07999204718877406,0.19407302216147437,-0.005960725095865194,0.8494811948329684,2.0703054094200617,0.0141678936065535,1260,0,kill_goblin,weak,20,1.856103768556168,0.7694891476441943,1.8762323872585873,0.020128618702418694,1260,counterfactual
2.162662332708932,0.2783377624716634,0.08799177719958162,0.25595411588104744,-0.022383646590615768,0.8285540812434512,2.1938618662463054,0.031199533537373317,956,1,bury_bones,weak,20,1.8843245702372686,0.7405623040438696,1.937907750365258,0.053583180127989086,956,counterfactual
1.3804853902367014,0.1173679849891669,0.1116595770933746,0.10954978163120765,-0.007818203357959214,1.0642935535698026,1.3857347276174041,0.005249337380702645,1296,2,chop_logs,weak,20,1.2631174052475345,0.952633976476428,1.2761849459861965,0.013067540738661858,1296,counterfactual
2.0842487846988,0.200638313319347,0.07915586261522212,0.18884020543426416,-0.011798107885082499,0.8486450102594164,2.1010463498431062,0.01679756514430669,315,0,kill_goblin,weak,20,1.8836104713794528,0.7694891476441943,1.912206144408842,0.028595673029389188,315,factual
2.1155756424385803,0.29091818335217434,0.08768781458483577,0.2645194557704087,-0.026398727581765487,0.8282501186287053,2.1578329128232796,0.0422572703846995,239,1,bury_bones,weak,20,1.824657459086406,0.7405623040438696,1.893313457052871,0.06865599796646499,239,factual
1.411969949166151,0.09744590077245086,0.11236649116984121,0.09213095127387727,-0.005314949498573515,1.0650004676462692,1.4137451693086684,0.0017752201425174775,324,2,chop_logs,weak,20,1.3145240483937002,0.952633976476428,1.3216142180347912,0.007090169641090993,324,factual
