actual_goal,actual_goal_name,all_action_unique_fraction,bootstrap_abs_mean,bootstrap_fraction,bootstrap_mean,checkpoint,control_scope,first_action_unique_fraction,horizon,imagined_reward_event_posterior_sample_rate,imagined_reward_sum_mean,imagined_stop_posterior_sample_rate,online_slow_start_gap,online_value_final_mean,online_value_start_mean,prior_entropy_mean,proposal,relationship,return_bias_vs_realized,return_max,return_mean,return_p95,reward_only_mean,rows,slow_value_final_mean,slow_value_start_mean
0.0,kill_goblin,0.10655940594059406,1.6070724856519711,0.9605513068308226,1.6070724856519711,strong,all,0.10655940594059406,1.0,0.05013923267326733,0.05237098282189751,0.04521967821782178,-0.005168893051767113,1.694150445602908,1.5757128903181246,0.8886271259572246,actor,factual,nan,1.784266739296253,1.6594434690848423,1.7349989685854081,0.05237098343287115,505.0,1.6976926372783019,1.5808817824514785
1.0,bury_bones,0.08090444711538461,1.7645950865070634,0.9565191188344789,1.7645950865070634,strong,all,0.08090444711538461,1.0,0.06533578725961539,0.06795334670423057,0.061598557692307696,-0.01764087690501653,1.9072673845176513,1.5890735359146044,0.8487819524911734,actor,factual,nan,2.063653885904502,1.832548433303694,1.9824968767627977,0.06795334679663077,416.0,1.9221481326967478,1.6067144183012156
2.0,chop_logs,0.3371124267578125,0.8001409789443064,0.9598326663772794,0.8001409789443064,strong,all,0.3371124267578125,1.0,0.0359649658203125,0.03715879846265999,0.0394134521484375,-0.006690994234304526,0.8414768477668986,0.8367013953393325,1.1242096424102783,actor,factual,nan,1.0267987697161203,0.8372997777983742,0.8890429127203596,0.03715879885406789,512.0,0.8484618248185143,0.843392385635525
0.0,kill_goblin,0.10642017326732674,1.5823030153740163,0.9689605876721527,1.5823030153740163,strong,all,0.10642017326732674,1.0,0.038103341584158415,0.03991705970586917,0.03616568688118812,-0.00720951359138114,1.6533965847279766,1.4999148311886457,0.8904048050984298,actor,counterfactual,nan,1.7477124097108796,1.622220075042438,1.7003989337224255,0.03991705966842163,2020.0,1.6573882914710754,1.5071243409178046
1.0,bury_bones,0.09520545372596154,1.7875113287575,0.9666741114983355,1.7875113287575,strong,all,0.09520545372596154,1.0,0.051832932692307696,0.05566647443381078,0.039583646334134616,-0.014583657190367095,1.8853734679018648,1.5170453453006654,0.8478755950927734,actor,counterfactual,nan,2.075666604240034,1.8431778028892198,1.9910001028817912,0.05566647413171959,1664.0,1.9010986144511173,1.531629005088829
2.0,chop_logs,0.304412841796875,0.7996939559890913,0.9477163711688228,0.7996939559890913,strong,all,0.304412841796875,1.0,0.044910430908203125,0.04663532350679244,0.05335235595703125,-0.011693763802895774,0.8585737842367962,0.9047587543609552,1.1250445693731308,actor,counterfactual,nan,1.0664427751324999,0.8463292796639936,0.9152243684618225,0.04663532367490241,2048.0,0.866449041175656,0.9164525174419396
0.0,kill_goblin,0.08479785478547856,1.6205797324523925,0.9548144642619768,1.6205797324523925,strong,all,0.10655940594059406,3.0,0.0567759900990099,0.07822282064731813,0.04735457920792079,-0.005168893051767113,1.7366549779873084,1.5757128903181246,0.869559239810056,actor,factual,nan,1.8543322076192623,1.6828394128229547,1.7773663816035778,0.06225968037056225,505.0,1.7413938969668776,1.5808817824514785
1.0,bury_bones,0.06939227764423077,1.8173339364969026,0.9513220376583333,1.8173339364969026,strong,all,0.08090444711538461,3.0,0.077880859375,0.09073420320218524,0.07059420072115384,-0.01764087690501653,2.0316578884823966,1.5890735359146044,0.8615476524887177,actor,factual,nan,2.180869426178511,1.8998236789175484,2.082323118029734,0.08248974242064581,416.0,2.0370045363043365,1.6067144183012156
2.0,chop_logs,0.28462727864583337,0.7967701007095509,0.950963749515965,0.7967701007095509,strong,all,0.3371124267578125,3.0,0.0430145263671875,0.04775533442438917,0.0458831787109375,-0.006690994234304526,0.8517615748569369,0.8367013953393325,1.1357482768944465,actor,factual,nan,1.1760318939580907,0.841619981972516,0.9324932922584795,0.04484988126296502,512.0,0.8585652995388955,0.843392385635525
0.0,kill_goblin,0.08791125206270627,1.605010775061584,0.9644205856910978,1.605010775061584,strong,all,0.10642017326732674,3.0,0.04317373143564356,0.05796723398160539,0.03847462871287129,-0.00720951359138114,1.7037858756757018,1.4999148311886457,0.8718547967695954,actor,counterfactual,nan,1.8211763934752407,1.6523012484087434,1.7496430741885125,0.0472904733471595,2020.0,1.7089237084778228,1.5071243409178046
1.0,bury_bones,0.0750153370392628,1.8611724549007191,0.9606877348653106,1.8611724549007191,strong,all,0.09520545372596154,3.0,0.06534987229567307,0.08009408823749836,0.04848538912259615,-0.014583657190367095,2.02630914747715,1.5170453453006654,0.8609027495751014,actor,counterfactual,nan,2.205792085532447,1.9337492391593765,2.0989997601576524,0.07257678425865739,1664.0,2.031656780745834,1.531629005088829
2.0,chop_logs,0.26735051472981775,0.7838412914184827,0.9337370165808007,0.7838412914184827,strong,all,0.304412841796875,3.0,0.055660247802734375,0.06369064583783929,0.06430435180664062,-0.011693763802895774,0.8678020730731077,0.9047587543609552,1.136670485167997,actor,counterfactual,nan,1.1939852818412902,0.8419231273866695,0.9541301823759176,0.05808183596818678,2048.0,0.8753447601920925,0.9164525174419396
0.0,kill_goblin,0.0671720297029703,1.6185912686935493,0.9493706413938974,1.6185912686935493,strong,all,0.10655940594059406,6.0,0.0640779702970297,0.09907411647261223,0.04982982673267327,-0.005168893051767113,1.7580490164237448,1.5757128903181246,0.8555583492364034,actor,factual,nan,1.896555556169704,1.690898657618321,1.8019973983487845,0.07230738892477151,505.0,1.7635766873265257,1.5808817824514785
1.0,bury_bones,0.056906675681089744,1.823361169632552,0.9504180868575474,1.823361169632552,strong,all,0.08090444711538461,6.0,0.07921424278846154,0.09407116379313789,0.07151442307692307,-0.01764087690501653,2.0650236712625394,1.5890735359146044,0.8688197244818394,actor,factual,nan,2.216896837724044,1.9075383893113438,2.1026852191149508,0.08417721967879185,416.0,2.068153578358201,1.6067144183012156
2.0,chop_logs,0.22713470458984375,0.7802585002935708,0.9333124499453953,0.7802585002935708,strong,all,0.3371124267578125,6.0,0.0609283447265625,0.07467712853395404,0.064483642578125,-0.006690994234304526,0.8598636704264209,0.8367013953393325,1.144835433224216,actor,factual,nan,1.239298132671319,0.8402697319386534,0.9606697152873145,0.060011231645082694,512.0,0.8665615317877382,0.843392385635525
0.0,kill_goblin,0.07019969575082508,1.6064164899181634,0.9590068205589429,1.6064164899181634,strong,all,0.10642017326732674,6.0,0.05114866955445545,0.07577025999991166,0.041734993811881185,-0.00720951359138114,1.729189863741988,1.4999148311886457,0.8580909662907666,actor,counterfactual,nan,1.8629127312981935,1.6630241653437627,1.7749877283656197,0.05660767542559924,2020.0,1.7351850490463843,1.5071243409178046
1.0,bury_bones,0.06006876627604167,1.869359087936041,0.9597313883847804,1.869359087936041,strong,all,0.09520545372596154,6.0,0.06668325570913461,0.0844796589282625,0.04910982572115385,-0.014583657190367095,2.0601056152596495,1.5170453453006654,0.8682625513308897,actor,counterfactual,nan,2.2446991449559723,1.9438803042245305,2.119670887905795,0.0745212162884893,1664.0,2.0630097350535483,1.531629005088829
2.0,chop_logs,0.2167383829752604,0.7530460705399769,0.9104561711370065,0.7530460705399769,strong,all,0.304412841796875,6.0,0.0782623291015625,0.10169998380516018,0.0897369384765625,-0.011693763802895774,0.8747007814818062,0.9047587543609552,1.1448369618447032,actor,counterfactual,nan,1.237625081039847,0.8293129747887287,0.9701154959439939,0.0762669042487519,2048.0,0.8821341134316754,0.9164525174419396
0.0,kill_goblin,0.04495255775577558,1.6018124189057286,0.9353926586903099,1.6018124189057286,strong,all,0.10655940594059406,15.0,0.08796410891089108,0.16009790282371697,0.059050123762376235,-0.005168893051767113,1.7953896066930035,1.5757128903181246,0.8456569132238332,actor,factual,nan,1.991721981566659,1.6973819456054966,1.8451093854812128,0.09556952669976815,505.0,1.8024556824476412,1.5808817824514785
1.0,bury_bones,0.04027569110576923,1.8155319981304343,0.9396577665075494,1.8155319981304343,strong,all,0.08090444711538461,15.0,0.1011493389423077,0.14224559720134972,0.08338341346153846,-0.01764087690501653,2.1401307006868033,1.5890735359146044,0.8644422165189798,actor,factual,nan,2.2949623421709897,1.9179321135154963,2.148822668383887,0.10240011538506184,416.0,2.141772141107,1.6067144183012156
2.0,chop_logs,0.1437347412109375,0.7390815774728282,0.8966177152222257,0.7390815774728282,strong,all,0.3371124267578125,15.0,0.1119842529296875,0.15747999409370966,0.1171722412109375,-0.006690994234304526,0.8714821859030053,0.8367013953393325,1.166048042010516,actor,factual,nan,1.3016393665270551,0.830652324343197,0.9841431976977135,0.09157074687036879,512.0,0.8786357543431222,0.843392385635525
0.0,kill_goblin,0.04737520627062706,1.594434627228588,0.9470092919435612,1.594434627228588,strong,all,0.10642017326732674,15.0,0.0720258353960396,0.12893318818692556,0.052096225247524754,-0.00720951359138114,1.7719259381884396,1.4999148311886457,0.8477146027111772,actor,counterfactual,nan,1.9494658783262673,1.6702230452951603,1.8143224070316486,0.07578841806657192,2020.0,1.7795294662218282,1.5071243409178046
1.0,bury_bones,0.04183913010817308,1.867255624918371,0.9497082331785976,1.867255624918371,strong,all,0.09520545372596154,15.0,0.08701265775240384,0.12604790368882404,0.05846698467548077,-0.014583657190367095,2.1350290251609225,1.5170453453006654,0.8639943328542778,actor,counterfactual,nan,2.334118478880165,1.9590596231743191,2.171850458287869,0.09180399825594848,1664.0,2.136767420022247,1.531629005088829
2.0,chop_logs,0.13915201822916667,0.6861996900163816,0.8628192541322671,0.6861996900163816,strong,all,0.304412841796875,15.0,0.14430999755859375,0.22292642231365928,0.1612548828125,-0.011693763802895774,0.8858129951695446,0.9047587543609552,1.1650151532667223,actor,counterfactual,nan,1.2782126401122746,0.799644092040195,0.9782682505807974,0.11344440202381342,2048.0,0.8938156461517792,0.9164525174419396
0.0,kill_goblin,0.039055538366336635,1.5925788825915081,0.9295864238927514,1.5925788825915081,strong,all,0.10655940594059406,20.0,0.10218131188118812,0.20108225701271187,0.06480507425742574,-0.005168893051767113,1.8085482323523796,1.5757128903181246,0.844257362054126,actor,factual,nan,2.0252188942967493,1.6979130033124512,1.859277073259881,0.10533412072094314,505.0,1.8160673161544423,1.5808817824514785
1.0,bury_bones,0.03546987680288462,1.8106606496025988,0.9355774224090248,1.8106606496025988,strong,all,0.08090444711538461,20.0,0.11260516826923077,0.1832907838564111,0.08798452524038461,-0.01764087690501653,2.1817673605221968,1.5890735359146044,0.8600481654015871,actor,factual,nan,2.324393565568626,1.9221811730043898,2.1683841059281637,0.11152052340179147,416.0,2.1831044889986515,1.6067144183012156
2.0,chop_logs,0.12056655883789061,0.7250430868714036,0.8844172426445716,0.7250430868714036,strong,all,0.3371124267578125,20.0,0.136322021484375,0.20319814986299178,0.141204833984375,-0.006690994234304526,0.8765175479929894,0.8367013953393325,1.1729774782434106,actor,factual,nan,1.3206349542501088,0.8269259140907825,0.9914727060758676,0.10188282721937905,512.0,0.8838071725331247,0.843392385635525
0.0,kill_goblin,0.04115021658415841,1.5856893788970605,0.9417988426663413,1.5856893788970605,strong,all,0.10642017326732674,20.0,0.08528001237623763,0.16648549079756067,0.05841197400990099,-0.00720951359138114,1.786332993253623,1.4999148311886457,0.8463266784011727,actor,counterfactual,nan,1.982404955517195,1.6697114850884625,1.8254953440532549,0.08402210619140196,2020.0,1.7943916713247205,1.5071243409178046
1.0,bury_bones,0.036683067908653846,1.863901627709364,0.9453256322151777,1.863901627709364,strong,all,0.09520545372596154,20.0,0.09866098257211539,0.16470649345065402,0.06283334585336539,-0.014583657190367095,2.17515058718765,1.5170453453006654,0.8596065597465405,actor,counterfactual,nan,2.371386167483397,1.9652401267473005,2.1948729319146163,0.10133849903793653,1664.0,2.176759434075883,1.531629005088829
2.0,chop_logs,0.1171274185180664,0.6645740761100932,0.8472031902029965,0.6645740761100932,strong,all,0.304412841796875,20.0,0.17662429809570312,0.29213636917785196,0.19458770751953125,-0.011693763802895774,0.8905930124456063,0.9047587543609552,1.1719220608938485,actor,counterfactual,nan,1.2908980313997995,0.7898458203013579,0.9798868720933576,0.12527174419126455,2048.0,0.8987774337874725,0.9164525174419396
0.0,kill_goblin,0.10655940594059406,1.6070724856519711,0.9605513068308226,1.6070724856519711,strong,paired_recorded,0.10655940594059406,1.0,0.05013923267326733,0.05237098282189751,0.04521967821782178,-0.005168893051767113,1.694150445602908,1.5757128903181246,0.8886271259572246,actor,factual,nan,1.784266739296253,1.6594434690848423,1.7349989685854081,0.05237098343287115,505.0,1.6976926372783019,1.5808817824514785
1.0,bury_bones,0.08090444711538461,1.7645950865070634,0.9565191188344789,1.7645950865070634,strong,paired_recorded,0.08090444711538461,1.0,0.06533578725961539,0.06795334670423057,0.061598557692307696,-0.01764087690501653,1.9072673845176513,1.5890735359146044,0.8487819524911734,actor,factual,nan,2.063653885904502,1.832548433303694,1.9824968767627977,0.06795334679663077,416.0,1.9221481326967478,1.6067144183012156
2.0,chop_logs,0.3371124267578125,0.8001409789443064,0.9598326663772794,0.8001409789443064,strong,paired_recorded,0.3371124267578125,1.0,0.0359649658203125,0.03715879846265999,0.0394134521484375,-0.006690994234304526,0.8414768477668986,0.8367013953393325,1.1242096424102783,actor,factual,nan,1.0267987697161203,0.8372997777983742,0.8890429127203596,0.03715879885406789,512.0,0.8484618248185143,0.843392385635525
0.0,kill_goblin,0.10642017326732674,1.5823030153740163,0.9689605876721527,1.5823030153740163,strong,paired_recorded,0.10642017326732674,1.0,0.038103341584158415,0.03991705970586917,0.03616568688118812,-0.00720951359138114,1.6533965847279766,1.4999148311886457,0.8904048050984298,actor,counterfactual,nan,1.7477124097108796,1.622220075042438,1.7003989337224255,0.03991705966842163,2020.0,1.6573882914710754,1.5071243409178046
1.0,bury_bones,0.09520545372596154,1.7875113287575,0.9666741114983355,1.7875113287575,strong,paired_recorded,0.09520545372596154,1.0,0.051832932692307696,0.05566647443381078,0.039583646334134616,-0.014583657190367095,1.8853734679018648,1.5170453453006654,0.8478755950927734,actor,counterfactual,nan,2.075666604240034,1.8431778028892198,1.9910001028817912,0.05566647413171959,1664.0,1.9010986144511173,1.531629005088829
2.0,chop_logs,0.304412841796875,0.7996939559890913,0.9477163711688228,0.7996939559890913,strong,paired_recorded,0.304412841796875,1.0,0.044910430908203125,0.04663532350679244,0.05335235595703125,-0.011693763802895774,0.8585737842367962,0.9047587543609552,1.1250445693731308,actor,counterfactual,nan,1.0664427751324999,0.8463292796639936,0.9152243684618225,0.04663532367490241,2048.0,0.866449041175656,0.9164525174419396
0.0,kill_goblin,0.08980912012411349,1.726954058927629,0.996705006946193,1.726954058927629,strong,paired_recorded,0.1166472739361702,3.0,0.002514128989361702,0.005679642304885945,0.0012882313829787233,-0.0060529156570679485,1.7513725134603522,1.6178804838911016,0.8943053580662037,actor,factual,nan,1.8653425432018729,1.732345865516584,1.8049105804830248,0.005391806588954841,376.0,1.7560066810630737,1.623933399928377
1.0,bury_bones,0.07023674242424241,1.8618787395970386,0.9662928925534454,1.8618787395970386,strong,paired_recorded,0.0796875,3.0,0.05568181818181818,0.06632947347185984,0.04704545454545454,-0.017606574581428006,2.019462707042694,1.6551739785887978,0.8700879636677828,actor,factual,nan,2.1993177647437268,1.9226993126180514,2.0899628601576326,0.06082057302101275,275.0,2.0254574526440012,1.6727805651317944
2.0,chop_logs,0.29718777197563095,0.8417748110309202,0.9918347929566423,0.8417748110309202,strong,paired_recorded,0.3478092362924282,3.0,0.006037859007832898,0.007990839680454193,0.0054871083550913835,-0.006539322227949651,0.8582692029581991,0.8359754736056215,1.150223774013569,actor,factual,nan,1.232729442604343,0.8492465735497493,0.943712811349414,0.007471762518829109,383.0,0.8652229211037837,0.8425147916255981
0.0,kill_goblin,0.093017578125,1.6963816734467143,0.9984026410009945,1.6963816734467143,strong,paired_recorded,0.11581096243351063,3.0,0.0009194232047872341,0.0026733473680350286,0.0005350315824468085,-0.008730543099908514,1.716601287946105,1.5301027527435662,0.8973845627277772,actor,counterfactual,nan,1.8402457647735577,1.6989170340871913,1.7799833314180435,0.0025353606404773135,1504.0,1.7216856359959918,1.5388332922011614
1.0,bury_bones,0.07743371212121211,1.8991740354197628,0.9747887378448714,1.8991740354197628,strong,paired_recorded,0.09853693181818182,3.0,0.04301846590909091,0.05480027721255786,0.028764204545454544,-0.015155328800478441,2.0142647579041393,1.5702881902456283,0.8689392225308852,actor,counterfactual,nan,2.220121885354489,1.9495639949754158,2.1022169881835393,0.05038995955565282,1100.0,2.0201818830858578,1.585443525260145
2.0,chop_logs,0.27670630711488253,0.8410354078960128,0.985890818527629,0.8410354078960128,strong,paired_recorded,0.30788491351174935,3.0,0.010020602154046997,0.013564989856718633,0.010535656005221931,-0.013063790507045606,0.8751328606596193,0.9222710157109926,1.1513143260391823,actor,counterfactual,nan,1.2613651946713014,0.853604431217918,0.9725413775689179,0.012569023321905267,1532.0,0.8828660674568256,0.9353348049420289
0.0,kill_goblin,0.07063624203096538,1.7285272106670655,0.9952006317999369,1.7285272106670655,strong,paired_recorded,0.11955686475409837,6.0,0.0043331625683060105,0.009165699521249574,0.001985143442622951,-0.006596476090257692,1.7706574997941003,1.6211464001181348,0.8710533657360598,actor,factual,nan,1.9047092409723785,1.7364465230119603,1.8238325548887793,0.007919312344894708,366.0,1.776378496585648,1.6277428770977291
1.0,bury_bones,0.06000100160256411,1.841212517286647,0.9669055622377263,1.841212517286647,strong,paired_recorded,0.08269230769230769,6.0,0.053786057692307696,0.06511020789646771,0.046274038461538464,-0.01629661930223497,2.0179910235680065,1.6735739765258937,0.8764135392812582,actor,factual,nan,2.207731295363049,1.90014998876343,2.0816218411328777,0.05893747147678326,260.0,2.0219797519537117,1.6898706080821844
2.0,chop_logs,0.23732272427440634,0.8325723129921815,0.9813045988117016,0.8325723129921815,strong,paired_recorded,0.35088225593667544,6.0,0.01647015171503958,0.020511551261848088,0.01620217678100264,-0.00650292107009754,0.8684201438697473,0.8362239064516053,1.1566952306551166,actor,factual,nan,1.3013711682789235,0.8495121397236204,0.9736713107629499,0.016939826731438717,379.0,0.8752103348835163,0.8427268230506172
0.0,kill_goblin,0.07393858862704918,1.702364822569229,0.9971712702498289,1.702364822569229,strong,paired_recorded,0.11870837602459017,6.0,0.002748249658469945,0.005441395805122756,0.0010779542349726775,-0.009336027723884647,1.7402354055822222,1.5326787807820925,0.8742963266787959,actor,counterfactual,nan,1.8791835000321226,1.706969811645636,1.8006526736234572,0.004604989076407156,1464.0,1.746460031494091,1.5420148048163111
1.0,bury_bones,0.06418018830128204,1.8785543304334233,0.9752791274766599,1.8785543304334233,strong,paired_recorded,0.1022686298076923,6.0,0.04198467548076923,0.05396686329751812,0.028402944711538463,-0.014272062985960824,2.011726402777892,1.5889910624004326,0.8755861089206659,actor,counterfactual,nan,2.229571839950882,1.9274705619236372,2.0919896459872533,0.04891623149021401,1040.0,2.0155639936717655,1.6032631316437171
2.0,chop_logs,0.22551808487247144,0.8160163820862085,0.9702100127096364,0.8160163820862085,strong,paired_recorded,0.3107427028364116,6.0,0.024756761213720318,0.0321706372130459,0.028518717018469655,-0.012967093244421057,0.88342816789578,0.9223207300995774,1.1567065757072694,actor,counterfactual,nan,1.3052549858819535,0.8417778269835415,0.9867057512889065,0.02576144489733317,1516.0,0.8909801679975439,0.9352878219298134
0.0,kill_goblin,0.04916729989868289,1.7072318576662913,0.9842855005010899,1.7072318576662913,strong,paired_recorded,0.12708966565349544,15.0,0.02422112462006079,0.04942471988786605,0.009878419452887538,-0.008220692831841736,1.8019092427198649,1.6288294516798212,0.8552700505792914,actor,factual,nan,1.9857095930270754,1.732680580290869,1.8553529984772608,0.025448722624577827,329.0,1.8091199957853392,1.6370501456652007
1.0,bury_bones,0.04500463900134953,1.7987403691840478,0.9509129874193405,1.7987403691840478,strong,paired_recorded,0.08590587044534413,15.0,0.08429276315789473,0.12767576991206436,0.06430288461538461,-0.015104127403062124,2.06211601650184,1.6747267615457295,0.8712741467151565,actor,factual,nan,2.277843003706351,1.8820089267440734,2.113020632882893,0.08326855756002577,247.0,2.0648419888396012,1.6898308999625296
2.0,chop_logs,0.15249009365994237,0.795762301784303,0.954360066580266,0.795762301784303,strong,paired_recorded,0.3548721181556196,15.0,0.05489012968299712,0.0749739213823551,0.055655619596541785,-0.006329427224983829,0.8781757440621983,0.8289869149411446,1.1789355403408193,actor,factual,nan,1.390037700255901,0.8364812778864283,1.0034322277253862,0.040718976102125375,347.0,0.885303762701128,0.8353163376665252
0.0,kill_goblin,0.052022780521783184,1.6852319086527685,0.9873151505261176,1.6852319086527685,strong,paired_recorded,0.12567083016717326,15.0,0.021288468844984802,0.04273734766563805,0.010169310410334347,-0.011270947435567875,1.7771742467097598,1.5393315853047154,0.8578664624219969,actor,counterfactual,nan,1.9608628226901421,1.7051218337289424,1.8331086912292844,0.019889925076173525,1316.0,1.7849626802927092,1.5506025279184243
1.0,bury_bones,0.047007316970310395,1.8449016349689236,0.9611817189402763,1.8449016349689236,strong,paired_recorded,0.10615669281376518,15.0,0.06897615131578948,0.10438441730454592,0.04185380819838057,-0.013278851327524042,2.0549874495760148,1.588456234770265,0.8706347895295996,actor,counterfactual,nan,2.314931650203204,1.9158537288454227,2.1308544496020474,0.07095209387649953,988.0,2.0578588167062173,1.6017350927900207
2.0,chop_logs,0.1475001500960615,0.7527620771018716,0.9329471350305135,0.7527620771018716,strong,paired_recorded,0.313304890129683,15.0,0.07756776837175793,0.11317969566991948,0.08550972622478387,-0.013248385273065063,0.8928081551271488,0.9209932249028676,1.1779727074357893,actor,counterfactual,nan,1.3709565533061252,0.8089124434283101,1.0018988860471016,0.056150366326438717,1388.0,0.9007930280667561,0.9342416089876241
0.0,kill_goblin,0.0437202380952381,1.6915172879379252,0.9791013494678225,1.6915172879379252,strong,paired_recorded,0.13072916666666667,20.0,0.03737599206349206,0.0803393554385607,0.014558531746031746,-0.00848152002260562,1.8093806501418825,1.6242436374936784,0.8534272146603418,actor,factual,nan,2.0175277113763603,1.7255370611566831,1.8653652234267906,0.03401977321875788,315.0,1.8168745886711848,1.632725158948747
1.0,bury_bones,0.0408538179916318,1.7673779869928694,0.9448187192252605,1.7673779869928694,strong,paired_recorded,0.08796417364016737,20.0,0.10100679916317992,0.1759422220890068,0.07093357740585773,-0.015296581692245466,2.0792032981517425,1.654715483408094,0.869210002811384,actor,factual,nan,2.2964015916866316,1.8635350951353449,2.115810623808807,0.09615710814247536,239.0,2.0827889372614137,1.6700120767788906
2.0,chop_logs,0.12926311728395062,0.7834764755506641,0.9472252692916082,0.7834764755506641,strong,paired_recorded,0.3583863811728395,20.0,0.07118055555555555,0.10282717033944215,0.07077064043209877,-0.006233336221438224,0.88270062852053,0.8240198320076789,1.1848066918275975,actor,factual,nan,1.4249133837725494,0.8301812024722804,1.0145145701367164,0.04670472692161653,324.0,0.8898657676246431,0.8302531630536656
0.0,kill_goblin,0.046243799603174596,1.6696399379322262,0.9826186375861674,1.6696399379322262,strong,paired_recorded,0.12922247023809524,20.0,0.03382936507936508,0.07330795454479289,0.01548859126984127,-0.011645216934959448,1.786034964710947,1.533587030333186,0.8560212225194961,actor,counterfactual,nan,1.9943931276079776,1.6970737525496011,1.8403810043332738,0.027433814617374763,1260.0,1.7940771439245768,1.545232243197305
1.0,bury_bones,0.042395479210251046,1.8166101271322947,0.9551986728968308,1.8166101271322947,strong,paired_recorded,0.10876209466527197,20.0,0.08472803347280335,0.14793671393584623,0.04720188284518829,-0.013514897071514825,2.0703596662277954,1.5659942748531637,0.8685902880824261,actor,counterfactual,nan,2.3432256847885617,1.900577334655281,2.1381260589967193,0.08396720752298632,956.0,2.0742535773804995,1.5795091774049663
2.0,chop_logs,0.1255301769868827,0.7337280780801343,0.9231697016480513,0.7337280780801343,strong,paired_recorded,0.3154296875,20.0,0.10044728973765432,0.1565065643167229,0.10800660686728394,-0.013410103555487033,0.8971036546116258,0.9201754487958955,1.1837796165987298,actor,counterfactual,nan,1.3999024151941255,0.7972142967187191,1.0075507856893662,0.06348621863858474,1296.0,0.9051617555504228,0.9335855507740268
0.0,kill_goblin,0.0078125,1.41185583814666,0.8807177137477167,1.41185583814666,strong,paired_recorded,0.0078125,1.0,0.12623762376237624,0.12684889224060833,0.12586633663366337,-0.005172440730551682,1.6010281128458457,1.5757104794577796,0.8441150627513924,recorded,factual,1.4119720571450296,1.6375546801440357,1.5387047304123564,1.5952086431188408,0.1268488922656962,505.0,1.6031425875012237,1.5808829178904542
1.0,bury_bones,0.0078125,1.3350573615719317,0.8004308543642064,1.3350573615719317,strong,paired_recorded,0.0078125,1.0,0.21074969951923078,0.2099906722794094,0.21287184495192307,-0.017633038477819916,1.673804385587573,1.589080876742418,0.7884374031653771,recorded,factual,1.3912018804027562,1.7422037411867133,1.54504803424891,1.6464459644650178,0.2099906726769783,416.0,1.693043133387199,1.6067139216913626
2.0,chop_logs,0.0078125,0.7923851017843978,0.9579467575397105,0.7923851017843978,strong,paired_recorded,0.0078125,1.0,0.03515625,0.03697932595365429,0.04180908203125,-0.006690419254482549,0.8367999300826341,0.8367015881231055,1.0982438623905182,recorded,factual,0.7043644280574941,0.975686544021699,0.8293644280574941,0.8768939400518647,0.036979326273096365,512.0,0.8437482732115313,0.8433920034440234
0.0,kill_goblin,0.0078125,1.3862044216734561,0.8891646917324725,1.3862044216734561,strong,paired_recorded,0.0078125,1.0,0.12208771658415841,0.12033796667386233,0.11952351485148514,-0.007213782269443099,1.5566850928091767,1.4999118656510173,0.8441150627513924,recorded,counterfactual,nan,1.612036893861454,1.506542388605957,1.569652135731124,0.12033796693250078,2020.0,1.559053646691955,1.507125643662887
1.0,bury_bones,0.0078125,1.3618715067361375,0.823854779937996,1.3618715067361375,strong,paired_recorded,0.0078125,1.0,0.1952796349158654,0.19373980561668425,0.18829345703125,-0.014581445411190193,1.6443800228074765,1.5170494376753385,0.7884374031653771,recorded,counterfactual,nan,1.7628323224274889,1.5556113125460693,1.6684834315399373,0.19373980580993175,1664.0,1.6627408648984363,1.5316308845694249
2.0,chop_logs,0.0078125,0.7892000872869622,0.9439658534822595,0.7892000872869622,strong,paired_recorded,0.0078125,1.0,0.045894622802734375,0.04824516325849642,0.057586669921875,-0.011692602773564431,0.8538650874397717,0.9047592166461982,1.0982438623905182,recorded,counterfactual,nan,1.009602137072464,0.8374452504495928,0.8995843582744514,0.04824516316263062,2048.0,0.8616221264819615,0.9164518194738775
0.0,kill_goblin,0.005741633421985816,1.5998413953196235,0.9897405943436403,1.5998413953196235,strong,paired_recorded,0.0078125,3.0,0.010201961436170214,0.016061872362467068,0.008394281914893617,-0.006057680491605734,1.6338842102187745,1.6178772459004789,0.8390080883623438,recorded,factual,1.6057504658385575,1.7261235749276282,1.613729189242813,1.6839135536914158,0.013887793923189493,376.0,1.636232002935511,1.6239349249195545
1.0,bury_bones,0.005464015151515151,1.5627716157952847,0.9113455534598265,1.5627716157952847,strong,paired_recorded,0.0078125,3.0,0.10238636363636364,0.11256543877224304,0.10465909090909091,-0.0175947171788324,1.7873749353668906,1.6551850832592356,0.7997699897939509,recorded,factual,1.655403081005175,1.902022298361234,1.6663121719142657,1.8042791318419098,0.10354055611898112,275.0,1.8022288820960306,1.672779813896526
2.0,chop_logs,0.0058474760661444735,0.833064220749955,0.9953800763429503,0.833064220749955,strong,paired_recorded,0.0078125,3.0,0.002447780678851175,0.004294894703601162,0.0020398172323759793,-0.006538553586516617,0.8466988330410292,0.835975731321788,1.1145917515686223,recorded,factual,0.8345542088913498,1.0926693785011283,0.8371651749487911,0.9041832124262716,0.004100954198836014,383.0,0.8536906839973311,0.8425142807064107
0.0,kill_goblin,0.0057416334219858155,1.563038433955641,0.9923527316067154,1.563038433955641,strong,paired_recorded,0.0078125,3.0,0.007521609042553191,0.011485818439476068,0.006996966422872341,-0.008736276297837476,1.5926573463576905,1.5300987697741453,0.8390080883623438,recorded,counterfactual,nan,1.6885255763247522,1.5728933149786957,1.6457611145306366,0.0098548810230549,1504.0,1.5953834745636646,1.5388350418986791
1.0,bury_bones,0.005464015151515151,1.5995254627741489,0.9308251081869271,1.5995254627741489,strong,paired_recorded,0.0078125,3.0,0.08545454545454545,0.09446816810217135,0.080078125,-0.015151982981796291,1.7699642699956895,1.5702943808924068,0.7997699897939509,recorded,counterfactual,nan,1.9194201990004753,1.687385298914871,1.8245728250727775,0.08785983614072213,1100.0,1.784010771242055,1.5854463684017008
2.0,chop_logs,0.005847476066144473,0.8298438886199755,0.9898634937852853,0.8298438886199755,strong,paired_recorded,0.0078125,3.0,0.0055330042428198434,0.009203412139294289,0.0071495593994778065,-0.013062238426059582,0.8628015685486109,0.9222716337006646,1.1145917515686223,recorded,counterfactual,nan,1.1172960234788285,0.8384161941684812,0.9194468570057864,0.008572305548505816,1532.0,0.8704496209677455,0.9353338718881183
0.0,kill_goblin,0.0044007570582877955,1.5909051827318774,0.9882046743796203,1.5909051827318774,strong,paired_recorded,0.0078125,6.0,0.011868169398907103,0.021010504988127735,0.009306693989071038,-0.006597040369954022,1.6384479668948169,1.6211459030870532,0.8098731610944362,recorded,factual,1.6015312161951027,1.7354870224192815,1.6069956970694197,1.6830326701741327,0.01609051433754202,366.0,1.6416742627412244,1.627742941913709
1.0,bury_bones,0.0038812099358974364,1.5752999262307834,0.9203922901845409,1.5752999262307834,strong,paired_recorded,0.0078125,6.0,0.09558293269230769,0.10449536587014742,0.09777644230769231,-0.016296656805878648,1.817007496036016,1.6735738674035439,0.7936192443737617,recorded,factual,1.6630321220615918,1.917215387494495,1.6707244297538995,1.8138261490497305,0.09542450352311632,260.0,1.8290741047033896,1.6898705356396162
2.0,chop_logs,0.004479991204925242,0.822766578011183,0.9908785263134586,0.822766578011183,strong,paired_recorded,0.0078125,6.0,0.0063077176781002635,0.009354408933369918,0.006596306068601583,-0.006502842595727038,0.8486960818081858,0.8362239916909653,1.105641159894913,recorded,factual,0.8227636155945768,1.1026559746178244,0.8306791828768987,0.9060744838340372,0.007912604865715683,379.0,0.8553538102273262,0.8427268304422223
0.0,kill_goblin,0.0044007570582877955,1.5556813018390603,0.9911535351940094,1.5556813018390603,strong,paired_recorded,0.0078125,6.0,0.008719689207650273,0.014875877205547113,0.008154030054644809,-0.009336056768871294,1.598873286014372,1.5326788274398266,0.8098731610944362,recorded,counterfactual,nan,1.6949120142363858,1.5670449169597747,1.6444668839328536,0.011363615120714035,1464.0,1.6022846033501494,1.5420148802992424
1.0,bury_bones,0.0038812099358974364,1.617556211553335,0.9387819881539294,1.617556211553335,strong,paired_recorded,0.0078125,6.0,0.08004056490384616,0.08786320025411383,0.07472956730769231,-0.014272271948776996,1.8046282982023862,1.5889909368868058,0.7936192443737617,recorded,counterfactual,nan,1.9398637864851473,1.6985336272648326,1.8417178017112192,0.08097741571149744,1040.0,1.8164645790480651,1.603263213714728
2.0,chop_logs,0.004479991204925242,0.8068397243143879,0.9825466942320011,0.8068397243143879,strong,paired_recorded,0.0078125,6.0,0.011229180408970977,0.017467317066819744,0.014553100263852243,-0.012967116069503246,0.8632335380152222,0.9223207214498268,1.105641159894913,recorded,counterfactual,nan,1.1158308472558915,0.8212350321445784,0.9078268826735939,0.01439530783019065,1516.0,0.8704776682529727,0.9352878372634621
0.0,kill_goblin,0.0031424138804457954,1.5646404946672203,0.9789953040362177,1.5646404946672203,strong,paired_recorded,0.0078125,15.0,0.03200987841945289,0.06536438430604251,0.028685410334346503,-0.008220813470668978,1.655158228243738,1.6288292259430812,0.7906185510854228,recorded,factual,1.587610787417009,1.7440462375373293,1.593689814772632,1.6798875266257147,0.029049320105411693,329.0,1.6588782023151596,1.6370500402247652
1.0,bury_bones,0.0024291497975708507,1.5291459055355212,0.9213870173324071,1.5291459055355212,strong,paired_recorded,0.0078125,15.0,0.09378162955465587,0.10364394970317559,0.09609058704453441,-0.015104480528909909,1.7728438758657046,1.674726554498016,0.7884876569996961,recorded,factual,1.6185687931384585,1.8736114421370609,1.6226173761344098,1.7638915182078072,0.09347147059888881,247.0,1.7830891010732304,1.6898310442685116
2.0,chop_logs,0.0032240634005763686,0.7950020771691856,0.982137114873716,0.7950020771691856,strong,paired_recorded,0.0078125,15.0,0.01663814841498559,0.02477108871912981,0.017673811239193083,-0.006329440076966966,0.845685966248471,0.8289869362407871,1.101228893576163,recorded,factual,0.8045200872207494,1.1055315719260437,0.8102837759815563,0.9023259396597192,0.015281698812370513,347.0,0.8522085296661092,0.8353163720207873
0.0,kill_goblin,0.003142413880445795,1.5322694829215069,0.982883942539161,1.5322694829215069,strong,paired_recorded,0.0078125,15.0,0.027349686550151974,0.052075100698775606,0.025960533814589664,-0.011270962323990615,1.6182718114378243,1.5393315976242163,0.7906185510854228,recorded,counterfactual,nan,1.701048596353005,1.5547239371831678,1.6413500213878136,0.022454454261660838,1316.0,1.6221414680357762,1.5506025558184708
1.0,bury_bones,0.0024291497975708503,1.5710435195148011,0.9396563806826513,1.5710435195148011,strong,paired_recorded,0.0078125,15.0,0.07887620192307693,0.0881741486677909,0.07348336285425101,-0.013278871412230617,1.7601790210375419,1.5884561974871978,0.7884876569996961,recorded,counterfactual,nan,1.897855739311301,1.6506917873435647,1.7955248490472613,0.07964826782876377,988.0,1.7701145872051416,1.6017350737261868
2.0,chop_logs,0.0032240634005763686,0.7565180005406065,0.9679409745948936,0.7565180005406065,strong,paired_recorded,0.0078125,15.0,0.027923496037463975,0.04365951230918266,0.033833528458213254,-0.013248425252166622,0.8597364878706011,0.9209932285959508,1.101228893576163,recorded,counterfactual,nan,1.1015403434432416,0.7821664415827793,0.8861766402296983,0.025648441042172638,1388.0,0.8668113407123329,0.9342416530040224
0.0,kill_goblin,0.002855902777777778,1.5560630273005411,0.9785345350060244,1.5560630273005411,strong,paired_recorded,0.0078125,20.0,0.035515873015873015,0.07180082013825866,0.02921626984126984,-0.00848152002260562,1.6571207714459253,1.6242436374936784,0.7908504522035993,recorded,factual,1.5739422247446047,1.7421756601436877,1.5866406374430173,1.6759105958505285,0.030577610142476265,315.0,1.6604981819788616,1.632725158948747
1.0,bury_bones,0.0020985878661087865,1.5152136289635008,0.9214255690708236,1.5152136289635008,strong,paired_recorded,0.0078125,20.0,0.09090611924686193,0.10108126579266516,0.0923770920502092,-0.015296581692245466,1.7683289200691,1.654715483408094,0.7905413298926094,recorded,factual,1.6078288144855344,1.8542986447992562,1.6078288144855344,1.7481178177231693,0.09261518552203368,239.0,1.7758194701940944,1.6700120767788906
2.0,chop_logs,0.00285132137345679,0.7837230862242022,0.9808379827046281,0.7837230862242022,strong,paired_recorded,0.0078125,20.0,0.01839795524691358,0.02966783240370817,0.019410686728395063,-0.006233336221438224,0.8418619132336275,0.8240198320076789,1.0974900254312856,recorded,factual,0.7906109949082621,1.1067909694277522,0.7998702541675214,0.8970434929798972,0.016147167943319166,324.0,0.8482218156626196,0.8302531630536656
0.0,kill_goblin,0.002855902777777778,1.5249444009705928,0.9830929433608314,1.5249444009705928,strong,paired_recorded,0.0078125,20.0,0.029439484126984126,0.055983143253125006,0.02630828373015873,-0.011645216934959448,1.6214541558708464,1.533587030333186,0.7908504522035993,recorded,counterfactual,nan,1.6977358342585744,1.5477880873288241,1.6363732916386295,0.022843686358231335,1260.0,1.6250717677294262,1.545232243197305
1.0,bury_bones,0.002098587866108786,1.5599080704002295,0.94032599081838,1.5599080704002295,strong,paired_recorded,0.0078125,20.0,0.07551810930962342,0.08522374037171018,0.06959335774058577,-0.013514897071514825,1.7581381078295129,1.5659942748531637,0.7905413298926094,recorded,counterfactual,nan,1.8795827331552517,1.638212715245784,1.780675502980325,0.07830464484555451,956.0,1.7653773881526174,1.5795091774049663
2.0,chop_logs,0.00285132137345679,0.7383950655835956,0.9648772288045793,0.7383950655835956,strong,paired_recorded,0.0078125,20.0,0.032389322916666664,0.0538542406545315,0.038471739969135804,-0.013410103555487033,0.8557177046198904,0.9201754487958955,1.0974900254312856,recorded,counterfactual,nan,1.0953720209246782,0.7658758266132834,0.8754647302468684,0.02748076102968774,1296.0,0.8625956762720037,0.9335855507740268
0.0,kill_goblin,0.02889851485148515,1.9547084602485039,0.968967844386041,1.9547084602485039,weak,all,0.02889851485148515,1.0,0.04081064356435644,0.04410649557679549,0.03844368811881188,-0.0005439106024580426,2.052814990223044,1.8726271095842417,0.8799194033783261,actor,factual,nan,2.1309104132309526,1.998814955772678,2.082360705570767,0.04410649552417409,505.0,2.050203238619436,1.8731710167214422
1.0,bury_bones,0.026216947115384616,2.128696445964282,0.9789564210173892,2.128696445964282,weak,all,0.026216947115384616,1.0,0.03511868990384615,0.03981034038052157,0.034574068509615384,-0.0066932012000156995,2.252324803517415,1.8194954065749278,0.8000827936025766,actor,factual,nan,2.356937037081204,2.168506786269954,2.293433687883417,0.039810340305671606,416.0,2.2570660561323166,1.8261886092905815
2.0,chop_logs,0.0421905517578125,1.3521725573601158,0.9783671689702443,1.3521725573601158,weak,all,0.0421905517578125,1.0,0.0228424072265625,0.023808982598537125,0.02874755859375,-0.01239564009665628,1.4004151404369622,1.343874462414533,1.0139170587062836,actor,factual,nan,1.4996434222167698,1.375981539772148,1.434892407469952,0.023808982412032335,512.0,1.4149086424149573,1.356270105810836
0.0,kill_goblin,0.030681466584158417,1.9332008631358757,0.977184359484287,1.9332008631358757,weak,all,0.030681466584158417,1.0,0.02908802599009901,0.03129214867659169,0.0311146349009901,-0.002954080041571714,2.0124964510450267,1.8024788967453607,0.8772923611178256,actor,counterfactual,nan,2.09834952338121,1.9644930118302395,2.050525583250041,0.03129214869436385,2020.0,2.0114951451226037,1.8054329784789889
1.0,bury_bones,0.026630108173076924,2.1616918942185284,0.9864428741656047,2.1616918942185284,weak,all,0.026630108173076924,1.0,0.02099609375,0.027157516549049514,0.018352801983173076,-0.006759102827345487,2.2437502923779764,1.7605313951722705,0.8011452693205613,actor,counterfactual,nan,2.365471647479633,2.188849410825589,2.3009740614572154,0.027157516607060003,1664.0,2.2479446544670143,1.7672904941181724
2.0,chop_logs,0.04027557373046875,1.3613665913208903,0.9676832399609978,1.3613665913208903,weak,all,0.04027557373046875,1.0,0.032581329345703125,0.03373560497197085,0.041839599609375,-0.013637794017540728,1.436348536692094,1.4053839124972,1.0133952498435974,actor,counterfactual,nan,1.5457892736895669,1.3951021961263543,1.465074257533799,0.03373560480546403,2048.0,1.4514490666333586,1.4190217084251344
0.0,kill_goblin,0.024071782178217822,1.9970097809134648,0.9668136453830972,1.9970097809134648,weak,all,0.02889851485148515,3.0,0.04308477722772277,0.05772451034481945,0.039402846534653466,-0.0005439106024580426,2.1239521975564486,1.8726271095842417,0.8602863864143296,actor,factual,nan,2.196975843566609,2.0454374678989313,2.140004217327885,0.04842768698546632,505.0,2.1204618890686793,1.8731710167214422
1.0,bury_bones,0.022341997195512817,2.173359401505329,0.9789234961822751,2.173359401505329,weak,all,0.026216947115384616,3.0,0.03560697115384615,0.04089342411182694,0.03470552884615385,-0.0066932012000156995,2.3216363925200243,1.8194954065749278,0.8136122050480201,actor,factual,nan,2.430358898039242,2.21390297059197,2.35132586335634,0.04054356908664126,416.0,2.3230753019452095,1.8261886092905815
2.0,chop_logs,0.033905029296875,1.3709939729257306,0.9766619439285493,1.3709939729257306,weak,all,0.0421905517578125,3.0,0.0245513916015625,0.02687427691253515,0.0305938720703125,-0.01239564009665628,1.4345348998904228,1.343874462414533,1.0372898764326237,actor,factual,nan,1.5952322164246762,1.3969690487568758,1.4721105929374783,0.02597507583114535,512.0,1.4506579947192222,1.356270105810836
0.0,kill_goblin,0.025292646452145212,1.983931392453058,0.9757227646965824,1.983931392453058,weak,all,0.030681466584158417,3.0,0.030646658415841584,0.0407214473141997,0.03220529084158416,-0.002954080041571714,2.090429152238487,1.8024788967453607,0.8592200573718194,actor,counterfactual,nan,2.1693913406880916,2.018219585877293,2.1119128479550797,0.03428819342423521,2020.0,2.0878640346597916,1.8054329784789889
1.0,bury_bones,0.02278332832532051,2.217036822401611,0.9861140050439201,2.217036822401611,weak,all,0.026630108173076924,3.0,0.021958571213942308,0.02901252387751936,0.018568772536057692,-0.006759102827345487,2.3235920710632434,1.7605313951722705,0.8142749621138836,actor,counterfactual,nan,2.4441297555944077,2.245622957617329,2.366569125701571,0.02858613521571813,1664.0,2.323847727205318,1.7672904941181724
2.0,chop_logs,0.03259531656901042,1.3629450526203601,0.9634157367787112,1.3629450526203601,weak,all,0.04027557373046875,3.0,0.0365142822265625,0.040658350090438625,0.04578399658203125,-0.013637794017540728,1.4682663087151013,1.4053839124972,1.0369228175550234,actor,counterfactual,nan,1.6259242113405479,1.4008116953080063,1.4865618984631765,0.03786664268764618,2048.0,1.4849080169806257,1.4190217084251344
0.0,kill_goblin,0.01766450082508251,2.002461976993005,0.9654438333694565,2.002461976993005,weak,all,0.02889851485148515,6.0,0.04554455445544554,0.06242030785310403,0.04003712871287129,-0.0005439106024580426,2.1489487886428833,1.8726271095842417,0.8474596276141629,actor,factual,nan,2.2321403600175573,2.053659779413222,2.15850024755702,0.051197802420217244,505.0,2.1453676183625023,1.8731710167214422
1.0,bury_bones,0.016197791466346152,2.180009223857425,0.9788164136241714,2.180009223857425,weak,all,0.026216947115384616,6.0,0.03586989182692308,0.04146660373144988,0.03470552884615385,-0.0066932012000156995,2.34996036784007,1.8194954065749278,0.8200931309077603,actor,factual,nan,2.4651573708948695,2.2209579614991677,2.3749432523064065,0.04094873764174246,416.0,2.3497573664555182,1.8261886092905815
2.0,chop_logs,0.024716695149739586,1.3725161496724545,0.9764466411448736,1.3725161496724545,weak,all,0.0421905517578125,6.0,0.0246734619140625,0.027210048701797926,0.0306549072265625,-0.01239564009665628,1.4472208563238382,1.343874462414533,1.0515895530115813,actor,factual,nan,1.6369348219645734,1.3987171180168332,1.4831334217281347,0.026200968344378812,512.0,1.4641980342566967,1.356270105810836
0.0,kill_goblin,0.018328434405940595,1.990425808021061,0.9744439227307965,1.990425808021061,weak,all,0.030681466584158417,6.0,0.032924659653465346,0.04438147980290681,0.03319152227722772,-0.002954080041571714,2.1165014416274457,1.8024788967453607,0.8474040420338659,actor,counterfactual,nan,2.204265080942592,2.0270286279855534,2.1311517053529876,0.03660281996449194,2020.0,2.1135590076446533,1.8054329784789889
1.0,bury_bones,0.016540527343749997,2.2244561469191986,0.9857820518063769,2.2244561469191986,weak,all,0.026630108173076924,6.0,0.02253136268028846,0.030321792676188623,0.01860633263221154,-0.006759102827345487,2.3518199211416335,1.7605313951722705,0.8205612705518993,actor,counterfactual,nan,2.4825299459862884,2.2539369947695596,2.3915243559935844,0.029480847850360783,1664.0,2.3502427573100877,1.7672904941181724
2.0,chop_logs,0.02365684509277344,1.3513148081466713,0.9626228460696784,1.3513148081466713,weak,all,0.04027557373046875,6.0,0.03697967529296875,0.041735976149768934,0.0461578369140625,-0.013637794017540728,1.4799414108274505,1.4053839124972,1.0509800438885577,actor,counterfactual,nan,1.649230726769634,1.389784536648797,1.4859797328289495,0.038469728502125954,2048.0,1.4976413511903957,1.4190217084251344
0.0,kill_goblin,0.011013820132013201,1.9942491173178554,0.9604193594315814,1.9942491173178554,weak,all,0.02889851485148515,15.0,0.056884282178217824,0.08969305301040084,0.04334777227722772,-0.0005439106024580426,2.188714874616944,1.8726271095842417,0.8440811451118772,actor,factual,nan,2.295773047160113,2.0568490615928443,2.184763049483513,0.06259994427498887,505.0,2.185307969905362,1.8731710167214422
1.0,bury_bones,0.010227614182692309,2.1793151606920738,0.9754578985697324,2.1793151606920738,weak,all,0.026216947115384616,15.0,0.045297475961538464,0.05912584699070403,0.035963792067307696,-0.0066932012000156995,2.415830770077614,1.8194954065749278,0.817366526533778,actor,factual,nan,2.548209230521869,2.228577465867766,2.417177477724668,0.04926230517569229,416.0,2.416840243224914,1.8261886092905815
2.0,chop_logs,0.016070556640625,1.3653250748552628,0.9761974993246649,1.3653250748552628,weak,all,0.0421905517578125,15.0,0.0247650146484375,0.027508347665386658,0.0306854248046875,-0.01239564009665628,1.4605578028131276,1.343874462414533,1.0706364390207455,actor,factual,nan,1.6802288718248874,1.3916753720565551,1.4924806376492157,0.02635029720129235,512.0,1.4781302195042372,1.356270105810836
0.0,kill_goblin,0.011308013613861386,1.9840277377397888,0.9698511512415591,1.9840277377397888,weak,all,0.030681466584158417,15.0,0.04351794554455445,0.06975520916120546,0.037519337871287126,-0.002954080041571714,2.158596130290834,1.8024788967453607,0.8444575204117464,actor,counterfactual,nan,2.2665725476964136,2.0304169439963675,2.1564868576330958,0.04638920625657878,2020.0,2.155494510891414,1.8054329784789889
1.0,bury_bones,0.010478640825320514,2.22746171966142,0.9824169377645935,2.22746171966142,weak,all,0.026630108173076924,15.0,0.03175706129807692,0.04847430650224829,0.019681490384615384,-0.006759102827345487,2.416538785140102,1.7605313951722705,0.8175822157914249,actor,counterfactual,nan,2.572167063955232,2.265572939814965,2.439086700594851,0.03811122015354472,1664.0,2.4162157801911235,1.7672904941181724
2.0,chop_logs,0.015628560384114584,1.322439439255514,0.9617248214722944,1.322439439255514,weak,all,0.04027557373046875,15.0,0.037441253662109375,0.04304895020357012,0.046421051025390625,-0.013637794017540728,1.4936210794840008,1.4053839124972,1.0696630320162512,actor,counterfactual,nan,1.6672179164502645,1.3615340039821797,1.4745991868924402,0.03909456472666547,2048.0,1.5127718757139519,1.4190217084251344
0.0,kill_goblin,0.009308477722772279,1.9867932210576924,0.9582534165089776,1.9867932210576924,weak,all,0.02889851485148515,20.0,0.06284034653465347,0.11198805082647519,0.04599319306930693,-0.0005439106024580426,2.2006911846670776,1.8726271095842417,0.8440494357949436,actor,factual,nan,2.3138423373153985,2.0539922495421714,2.1872491107806677,0.06719902848447938,505.0,2.197773296290105,1.8731710167214422
1.0,bury_bones,0.008807842548076924,2.1749901415585,0.9728039903205856,2.1749901415585,weak,all,0.026216947115384616,20.0,0.053091195913461536,0.08084216746618283,0.037353515625,-0.0066932012000156995,2.450859917471042,1.8194954065749278,0.816992947115348,actor,factual,nan,2.577646770613406,2.2307839210886753,2.4329710253729164,0.05579377953017518,416.0,2.4514046781338177,1.8261886092905815
2.0,chop_logs,0.014006042480468748,1.3618190937123718,0.9760816363025213,1.3618190937123718,weak,all,0.0421905517578125,20.0,0.02490234375,0.027776366554111413,0.0307159423828125,-0.01239564009665628,1.464598597260192,1.343874462414533,1.073793155956082,actor,factual,nan,1.6893698762314162,1.3882679931989785,1.4929149924010294,0.02644889948660664,512.0,1.4822082864120603,1.356270105810836
0.0,kill_goblin,0.009565284653465346,1.976879101440733,0.9678426674664428,1.976879101440733,weak,all,0.030681466584158417,20.0,0.04914526608910891,0.09178776326829217,0.04057858910891089,-0.002954080041571714,2.1707298056914075,1.8024788967453607,0.844667662016236,actor,counterfactual,nan,2.2834328020171197,2.027350526906201,2.1583270185124532,0.05047142546546836,2020.0,2.1680446349158147,1.8054329784789889
1.0,bury_bones,0.009001042292668269,2.2259726238268165,0.9798537654291124,2.2259726238268165,weak,all,0.026630108173076924,20.0,0.03939115084134615,0.0693018099989402,0.020827073317307692,-0.006759102827345487,2.451381428597065,1.7605313951722705,0.8170902295969427,actor,counterfactual,nan,2.6067080264114724,2.2706774366211486,2.4595648914199226,0.04470481279433215,1664.0,2.4504134874934187,1.7672904941181724
2.0,chop_logs,0.01362018585205078,1.311614185495675,0.9613578564934873,1.311614185495675,weak,all,0.04027557373046875,20.0,0.037807464599609375,0.04409854263321953,0.04666900634765625,-0.013637794017540728,1.4983115947106853,1.4053839124972,1.0729913630930241,actor,counterfactual,nan,1.6677942851195708,1.3510317671262941,1.4677753667585418,0.039417581630619015,2048.0,1.5177306022960693,1.4190217084251344
0.0,kill_goblin,0.02889851485148515,1.9547084602485039,0.968967844386041,1.9547084602485039,weak,paired_recorded,0.02889851485148515,1.0,0.04081064356435644,0.04410649557679549,0.03844368811881188,-0.0005439106024580426,2.052814990223044,1.8726271095842417,0.8799194033783261,actor,factual,nan,2.1309104132309526,1.998814955772678,2.082360705570767,0.04410649552417409,505.0,2.050203238619436,1.8731710167214422
1.0,bury_bones,0.026216947115384616,2.128696445964282,0.9789564210173892,2.128696445964282,weak,paired_recorded,0.026216947115384616,1.0,0.03511868990384615,0.03981034038052157,0.034574068509615384,-0.0066932012000156995,2.252324803517415,1.8194954065749278,0.8000827936025766,actor,factual,nan,2.356937037081204,2.168506786269954,2.293433687883417,0.039810340305671606,416.0,2.2570660561323166,1.8261886092905815
2.0,chop_logs,0.0421905517578125,1.3521725573601158,0.9783671689702443,1.3521725573601158,weak,paired_recorded,0.0421905517578125,1.0,0.0228424072265625,0.023808982598537125,0.02874755859375,-0.01239564009665628,1.4004151404369622,1.343874462414533,1.0139170587062836,actor,factual,nan,1.4996434222167698,1.375981539772148,1.434892407469952,0.023808982412032335,512.0,1.4149086424149573,1.356270105810836
0.0,kill_goblin,0.030681466584158417,1.9332008631358757,0.977184359484287,1.9332008631358757,weak,paired_recorded,0.030681466584158417,1.0,0.02908802599009901,0.03129214867659169,0.0311146349009901,-0.002954080041571714,2.0124964510450267,1.8024788967453607,0.8772923611178256,actor,counterfactual,nan,2.09834952338121,1.9644930118302395,2.050525583250041,0.03129214869436385,2020.0,2.0114951451226037,1.8054329784789889
1.0,bury_bones,0.026630108173076924,2.1616918942185284,0.9864428741656047,2.1616918942185284,weak,paired_recorded,0.026630108173076924,1.0,0.02099609375,0.027157516549049514,0.018352801983173076,-0.006759102827345487,2.2437502923779764,1.7605313951722705,0.8011452693205613,actor,counterfactual,nan,2.365471647479633,2.188849410825589,2.3009740614572154,0.027157516607060003,1664.0,2.2479446544670143,1.7672904941181724
2.0,chop_logs,0.04027557373046875,1.3613665913208903,0.9676832399609978,1.3613665913208903,weak,paired_recorded,0.04027557373046875,1.0,0.032581329345703125,0.03373560497197085,0.041839599609375,-0.013637794017540728,1.436348536692094,1.4053839124972,1.0133952498435974,actor,counterfactual,nan,1.5457892736895669,1.3951021961263543,1.465074257533799,0.03373560480546403,2048.0,1.4514490666333586,1.4190217084251344
0.0,kill_goblin,0.024462544326241138,2.104567686943504,0.998361554778385,2.104567686943504,weak,paired_recorded,0.02908909574468085,3.0,0.0016206781914893617,0.0036990730138344555,0.0007272273936170212,-0.00024373534858781605,2.130379102331527,1.9189526245315025,0.887507863184239,actor,factual,nan,2.220756498871149,2.1080359268375353,2.1773256678688697,0.0034682398940311383,376.0,2.126592841871241,1.9191963542649086
1.0,bury_bones,0.023759469696969696,2.1856343887978498,0.9850203789877229,2.1856343887978498,weak,paired_recorded,0.026732954545454546,3.0,0.024289772727272726,0.029262891463276302,0.023039772727272728,-0.0037753636051308026,2.2948955761302603,1.909343880740079,0.82325979644602,actor,factual,nan,2.4290382418081764,2.2146130986766317,2.343565573539058,0.028978709878781775,275.0,2.296471937352961,1.9131192437085238
2.0,chop_logs,0.03416693864229765,1.4249293480872376,0.9990850584989237,1.4249293480872376,weak,paired_recorded,0.042468994778067884,3.0,0.0007343342036553525,0.0013643169645128242,0.0005711488250652742,-0.013277825714616645,1.4398326637228227,1.356478392299722,1.0540801338053871,actor,factual,nan,1.6409227162763957,1.4261727059171052,1.489947546128683,0.0012433578298672668,383.0,1.4560776061862317,1.3697562205262346
0.0,kill_goblin,0.02575597019060284,2.0729159631855993,0.9990602324469927,2.0729159631855993,weak,paired_recorded,0.03113052692819149,3.0,0.0011947307180851063,0.002149820646427732,0.0004051695478723404,-0.0032310064577378648,2.0953912470251956,1.839748648569939,0.8860058948952467,actor,counterfactual,nan,2.1956862800311754,2.0749015009352347,2.1476443453132723,0.001985537749635392,1504.0,2.0926707069924535,1.842979656334253
1.0,bury_bones,0.02427793560606061,2.220796637255024,0.9912911809547482,2.220796637255024,weak,paired_recorded,0.027485795454545454,3.0,0.01291903409090909,0.019203220812170678,0.010703125,-0.004731303002177314,2.2968770321932706,1.8374463321945884,0.8239859842983159,actor,counterfactual,nan,2.441413727531258,2.2397524801928532,2.358307565060901,0.018955842937829787,1100.0,2.2972480512749067,1.8421776334805922
2.0,chop_logs,0.03292774967362924,1.4373011476461486,0.9973750767815157,1.4373011476461486,weak,paired_recorded,0.040444476174934726,3.0,0.0024987761096605743,0.003897986068419489,0.0026007669712793734,-0.014639723532913403,1.4739549400445375,1.428645171244524,1.0536765581478338,actor,counterfactual,nan,1.677902408974179,1.4407406644864156,1.5126144308388487,0.003439516840267028,1532.0,1.4907427812213998,1.4432848971288448
0.0,kill_goblin,0.01764927709471767,2.110450841636728,0.9972999223969092,2.110450841636728,weak,paired_recorded,0.029649077868852458,6.0,0.003927595628415301,0.006816497534560529,0.0010032445355191257,-7.830489976484267e-05,2.1536728716938875,1.9300007722416863,0.8625905668474937,actor,factual,nan,2.2584218664294435,2.1163693476581242,2.19691511981363,0.0059185060213963695,366.0,2.1498460929250456,1.930079071248164
1.0,bury_bones,0.017052283653846152,2.156549873722311,0.9842467281702805,2.156549873722311,weak,paired_recorded,0.027403846153846154,6.0,0.025811298076923075,0.0308757911122401,0.023768028846153845,-0.0038206805761616964,2.285022167976086,1.936219720198558,0.828859181702137,actor,factual,nan,2.4285972082231946,2.186993109176689,2.3288906970480494,0.030443235454378863,260.0,2.2871438228167023,1.9400404036045074
2.0,chop_logs,0.024931975593667548,1.4290286273247175,0.9989971453141725,1.4290286273247175,weak,paired_recorded,0.04256678759894459,6.0,0.0007626978891820581,0.0015146716704300543,0.0006184036939313985,-0.013350190238481618,1.454975771086197,1.357438836059973,1.0590037176665656,actor,factual,nan,1.691848643978934,1.4303893760765818,1.5049477388949364,0.0013607487518641798,379.0,1.4721630610388,1.3707890284092885
0.0,kill_goblin,0.018361687443078326,2.079938138926991,0.9980512253167767,2.079938138926991,weak,paired_recorded,0.031740949453551916,6.0,0.0033352544398907104,0.004937191440537687,0.0010085809426229509,-0.003137178016734905,2.120084001718323,1.8500895803091957,0.862520904326048,actor,counterfactual,nan,2.2335215816295713,2.084061907348518,2.167672330142411,0.004123768421526796,1464.0,2.116973558898832,1.853226760697495
1.0,bury_bones,0.017451672676282053,2.19497637000453,0.9908642477580227,2.19497637000453,weak,paired_recorded,0.028185096153846154,6.0,0.01376953125,0.020217057909819754,0.010817307692307692,-0.004791989814167699,2.2874399036169053,1.8661977330079444,0.8293430897478874,actor,counterfactual,nan,2.4444664830227785,2.214771786447645,2.3470905754940183,0.019795416443115242,1040.0,2.288216218352318,1.8709897209818547
2.0,chop_logs,0.023915045074758133,1.427790541914815,0.9970316749676107,1.427790541914815,weak,paired_recorded,0.040536362137203165,6.0,0.002700362796833773,0.004485242625210973,0.0029116507255936676,-0.014740372598810137,1.4880227557430166,1.4298129857844601,1.0584284382476656,actor,counterfactual,nan,1.7077855351543945,1.4316258970906095,1.5162427365430218,0.003835355175794502,1516.0,1.5059850969226505,1.4445533606181988
0.0,kill_goblin,0.010953330800405269,2.0970395113489038,0.9944208473135272,2.0970395113489038,weak,paired_recorded,0.030775075987841946,15.0,0.010282104863221885,0.023230939392426656,0.004179331306990881,0.0005434846029953754,2.185467425450728,1.9543380255394793,0.8505492853538605,actor,factual,nan,2.3019460459542636,2.1091213107325766,2.2102087787064244,0.012081799383673306,329.0,2.1820139124038374,1.9537945358948867
1.0,bury_bones,0.010952260458839406,2.1376604887371613,0.9821780162578495,2.1376604887371613,weak,paired_recorded,0.027992155870445345,15.0,0.03245192307692308,0.04387311578178291,0.02350075910931174,-0.003931337088979931,2.324305421910305,1.936146013167223,0.82625461300375,actor,factual,nan,2.491603851298623,2.1729741301901067,2.348741216065543,0.03531364145294467,247.0,2.3271735592892298,1.9400773526203294
2.0,chop_logs,0.016518071565802112,1.4173298667343763,0.9988149765510511,1.4173298667343763,weak,paired_recorded,0.04394812680115274,15.0,0.0009005763688760807,0.0018644241175448195,0.0006754322766570605,-0.013557773507508832,1.4662499417489132,1.3551033367684664,1.065913440342939,actor,factual,nan,1.7616166068892332,1.4189157840268638,1.5192872913597009,0.0015859172924875065,347.0,1.4842081956286253,1.3686611109576927
0.0,kill_goblin,0.011306357649442756,2.06863919859903,0.9952639961966028,2.06863919859903,weak,paired_recorded,0.03302502849544073,15.0,0.010080262158054711,0.02140390677225328,0.004666128419452888,-0.0027773086219391925,2.1541284095371385,1.8735134780044613,0.8510291118933437,actor,counterfactual,nan,2.283814319411922,2.078623772767967,2.1820570470579455,0.009984574168937084,1316.0,2.1510683542689293,1.876290788766461
1.0,bury_bones,0.011165759952766531,2.1804064815209663,0.9887235840739549,2.1804064815209663,weak,paired_recorded,0.028798709514170042,15.0,0.020148026315789474,0.031953397882843265,0.010619622975708502,-0.00497229832134055,2.3261992519924997,1.8654502228445369,0.8267704680381034,actor,counterfactual,nan,2.5156210959102934,2.2049824828720674,2.369172595556863,0.024576001351101287,988.0,2.3277802250163275,1.8704225195322925
2.0,chop_logs,0.016034387007684916,1.3935349541899327,0.9963062790123506,1.3935349541899327,weak,paired_recorded,0.04169668587896254,15.0,0.003360275576368876,0.005987044708814674,0.003258960734870317,-0.01503212890260308,1.5001125788310763,1.4310487023519851,1.0651350574895353,actor,counterfactual,nan,1.749679348167675,1.3982395537103725,1.5093289932683345,0.004704599520439716,1388.0,1.5196844830636675,1.4460808334158202
0.0,kill_goblin,0.009243551587301588,2.0842487846988,0.9922425016086551,2.0842487846988,weak,paired_recorded,0.030555555555555555,20.0,0.01654265873015873,0.04800097134109537,0.007217261904761905,0.0012475757105719475,2.1931731969591173,1.9527327159094432,0.8486450102594164,actor,factual,nan,2.320171601990982,2.1010463498431062,2.2086075544202757,0.01679756514430669,315.0,2.1902943020775205,1.9514851346848503
1.0,bury_bones,0.009566226464435145,2.1155756424385803,0.9793224651350686,2.1155756424385803,weak,paired_recorded,0.028406119246861924,20.0,0.039977771966527194,0.06622409718415043,0.025202667364016735,-0.0037517621684585653,2.3373241798648277,1.9233858864676503,0.8282501186287053,actor,factual,nan,2.5047986519023384,2.1578329128232796,2.3477154578908253,0.0422572703846995,239.0,2.339762250748638,1.9271376507052818
2.0,chop_logs,0.014707513503086422,1.411969949166151,0.9986691029113919,1.411969949166151,weak,paired_recorded,0.04480131172839506,20.0,0.001109182098765432,0.002214541149876287,0.0007474922839506172,-0.013631853933250646,1.470352440704534,1.3541548517015245,1.0650004676462692,actor,factual,nan,1.7883952326083454,1.4137451693086684,1.5227495606724872,0.0017752201425174775,324.0,1.4882817533281114,1.3677867069656466
0.0,kill_goblin,0.009552331349206349,2.056137515813508,0.9932653040179017,2.056137515813508,weak,paired_recorded,0.03280009920634921,20.0,0.015674603174603174,0.04502048088535345,0.008060515873015874,-0.0020580311047120226,2.161784913331743,1.8710749153106931,0.8494811948329684,actor,counterfactual,nan,2.297968204372588,2.0703054094200617,2.1805704370429364,0.0141678936065535,1260.0,2.1592480367138274,1.8731329477022565
1.0,bury_bones,0.009741517390167364,2.162662332708932,0.9861617530902405,2.162662332708932,weak,paired_recorded,0.029223326359832637,20.0,0.027474503138075312,0.051905505411566154,0.011424555439330544,-0.0047416223522868,2.339563809179362,1.8514582602050016,0.8285540812434512,actor,counterfactual,nan,2.5359305597061947,2.1938618662463054,2.3738422611865158,0.031199533537373317,956.0,2.340447509139153,1.8561998816464236
2.0,chop_logs,0.014271677276234568,1.3804853902367014,0.9958642924647539,1.3804853902367014,weak,paired_recorded,0.04268542631172839,20.0,0.003839940200617284,0.007268842084836745,0.003641010802469136,-0.015109115053129233,1.5049393575316594,1.4318845697943074,1.0642935535698026,actor,counterfactual,nan,1.7670870292464929,1.3857347276174041,1.5055909912551837,0.005249337380702645,1296.0,1.5247874585566696,1.4469936861668105
0.0,kill_goblin,0.0078125,1.6926554784037056,0.8781820795012774,1.6926554784037056,weak,paired_recorded,0.0078125,1.0,0.12716584158415842,0.12707536445171477,0.12631497524752475,-0.000538336605497516,1.9132474859162132,1.8726283271714013,0.8331921568011293,recorded,factual,1.6929981697959007,1.930177105215522,1.8197308430632275,1.8828573908205624,0.12707536465952174,505.0,1.9140925626943608,1.8731666605071267
1.0,bury_bones,0.0078125,1.5711319621427573,0.8226048846825721,1.5711319621427573,weak,paired_recorded,0.0078125,1.0,0.19142503004807693,0.19157248762592932,0.19392277644230768,-0.0066933259076904505,1.9033689464514072,1.8194983369455888,0.7518813793475811,recorded,factual,1.6088582958989375,1.9671917402899515,1.7627044497450914,1.8702042558032397,0.1915724876023341,416.0,1.924357744650199,1.8261916660345519
2.0,chop_logs,0.0078125,1.277480531483429,0.9524660535629739,1.277480531483429,weak,paired_recorded,0.0078125,1.0,0.0464019775390625,0.04718621601574953,0.055999755859375,-0.012394753359330934,1.3572281589731574,1.343874939950183,0.983060896396637,recorded,factual,1.199666747741423,1.421410944690472,1.324666747741423,1.3749492874926013,0.047186216257993914,512.0,1.3702979274094105,1.356269698124379
0.0,kill_goblin,0.0078125,1.667248652825802,0.8887262938335865,1.667248652825802,weak,paired_recorded,0.0078125,1.0,0.11945776608910891,0.11781173850533538,0.12131420173267327,-0.002950914828844442,1.8659924284066305,1.8024792666482454,0.8331921568011293,recorded,counterfactual,nan,1.9082618810899534,1.7850603921272028,1.8568193919875577,0.11781173930140079,2020.0,1.8683731082642432,1.8054301834342503
1.0,bury_bones,0.0078125,1.6047213107994678,0.8446694750377923,1.6047213107994678,weak,paired_recorded,0.0078125,1.0,0.17448542668269232,0.17553534548041186,0.16572453425480768,-0.00675506940304051,1.870111296311594,1.7605339480707278,0.7518813793475811,recorded,counterfactual,nan,1.9839035859158793,1.7802566562298747,1.8907686815942255,0.17553534543040689,1664.0,1.8882223508822231,1.767289015177924
2.0,chop_logs,0.0078125,1.2807628709018495,0.9377967693461349,1.2807628709018495,weak,paired_recorded,0.0078125,1.0,0.060024261474609375,0.060317714526580295,0.07166290283203125,-0.013637709169870504,1.3905974520603195,1.4053838487016037,0.983060896396637,recorded,counterfactual,nan,1.4521906322896774,1.3410805856160692,1.3962437925101439,0.06031771471421964,2048.0,1.4043413948384114,1.4190215597627684
0.0,kill_goblin,0.005741633421985816,1.9054487663835848,0.989013581489438,1.9054487663835848,weak,paired_recorded,0.0078125,3.0,0.012445977393617021,0.018463684597432386,0.01070063164893617,-0.00023624899628710874,1.9477556779029521,1.918954259854682,0.8270981312590711,recorded,factual,1.9133807950958446,2.052215150778857,1.9213595185001,2.005854063000626,0.015910752116515027,376.0,1.946965898288057,1.9191905034983412
1.0,bury_bones,0.005464015151515151,1.8420808267389441,0.9402005246768809,1.8420808267389441,weak,paired_recorded,0.0078125,3.0,0.07610795454545455,0.08306676950787892,0.0796875,-0.0037755522538315167,2.031098115227439,1.909348313591697,0.7592706859111786,recorded,factual,1.9088074894561313,2.1426403658325697,1.9197165803652223,2.055044179275439,0.07763575362627805,275.0,2.048659461628307,1.9131238677284934
2.0,chop_logs,0.0058474760661444735,1.3577795311208016,0.9985735891336279,1.3577795311208016,weak,paired_recorded,0.0078125,3.0,0.0014074738903394257,0.0021836444022224244,0.0013258812010443863,-0.013276640311194774,1.3720795688056449,1.3564790306763612,0.9978016574451257,recorded,factual,1.3570899775321164,1.4971357498659386,1.3597009435895577,1.4071482930058936,0.0019214124687563575,383.0,1.3852949995284916,1.369755675525018
0.0,kill_goblin,0.0057416334219858155,1.8687773763696531,0.9922413186953851,1.8687773763696531,weak,paired_recorded,0.0078125,3.0,0.009095536901595746,0.012688418607993524,0.007989112367021276,-0.0032267553076653324,1.9034366309642792,1.8397491453809942,0.8270981312590711,recorded,counterfactual,nan,2.0121676918549047,1.879693178740764,1.9654575579397102,0.01091580237111079,1504.0,1.9043283632144015,1.842975902351293
1.0,bury_bones,0.005464015151515151,1.8844071507868532,0.9563249254045689,1.8844071507868532,weak,paired_recorded,0.0078125,3.0,0.05779119318181818,0.06739677204014287,0.05130681818181818,-0.004725201531228694,2.0143828157945114,1.8374501940337093,0.7592706859111786,recorded,counterfactual,nan,2.1516956610721265,1.9466233293875113,2.0695134962161768,0.06221617860065773,1100.0,2.029741795388135,1.8421753962473435
2.0,chop_logs,0.005847476066144473,1.3650201165659734,0.9960706008003088,1.3650201165659734,weak,paired_recorded,0.0078125,3.0,0.003702268276762402,0.005665724038498748,0.005053647193211488,-0.014639610107307256,1.4042018103381673,1.4286450859616382,0.9978016574451257,recorded,counterfactual,nan,1.51624585806107,1.3695924626372626,1.4237289141175422,0.004572346071289147,1532.0,1.4177984838074866,1.4432846983948202
0.0,kill_goblin,0.0044007570582877955,1.9020603086873742,0.988840372470032,1.9020603086873742,weak,paired_recorded,0.0078125,6.0,0.013789275956284153,0.02520781401683822,0.010822233606557378,-7.773806783752364e-05,1.962114060837063,1.9300007657275173,0.7942493066110247,recorded,factual,1.9140973897624798,2.0688923410283766,1.9195618706367967,2.0112150667460695,0.0175015619494225,366.0,1.961236295152883,1.930078498001307
1.0,bury_bones,0.0038812099358974364,1.8676175786522282,0.9459322267818696,1.8676175786522282,weak,paired_recorded,0.0078125,6.0,0.07349759615384616,0.0790255604545864,0.07536057692307692,-0.00382029081766422,2.070685999210064,1.9362198219849514,0.7499465260368127,recorded,factual,1.932953113190793,2.164012855158445,1.9406454208831008,2.0793245417056765,0.07302784223087268,260.0,2.0855062035413887,1.9400401156682234
2.0,chop_logs,0.004479991204925242,1.3442369004725339,0.9958315224973575,1.3442369004725339,weak,paired_recorded,0.0078125,6.0,0.005029683377308707,0.006334159440104093,0.005936675461741424,-0.013349445040354943,1.372620565910138,1.3574392462154177,0.9763966065126233,recorded,factual,1.3412738427196773,1.4979414208906094,1.3491894100019992,1.4048045936045659,0.004952509529465424,379.0,1.385633877525229,1.370788695315258
0.0,kill_goblin,0.0044007570582877955,1.8665175747509468,0.9918503507637976,1.8665175747509468,weak,paired_recorded,0.0078125,6.0,0.010032445355191258,0.017792280744269095,0.00877838968579235,-0.0031372309844340377,1.9180099747545731,1.8500895395142134,0.7942493066110247,recorded,counterfactual,nan,2.0234101026210705,1.878674250979702,1.9695139418338676,0.012156676228755593,1464.0,1.918563764847693,1.8532267722601448
1.0,bury_bones,0.0038812099358974364,1.919223178872403,0.9614827767961555,1.919223178872403,weak,paired_recorded,0.0078125,6.0,0.055010516826923074,0.06356025629109807,0.04773137019230769,-0.004792196217637795,2.062080367711874,1.8661976902530744,0.7499465260368127,recorded,counterfactual,nan,2.1817835312612637,1.9767661826587868,2.1006654192750407,0.057543003786383655,1040.0,2.0754197038136994,1.8709898873017385
2.0,chop_logs,0.004479991204925242,1.3351805897242475,0.9922248823993375,1.3351805897242475,weak,paired_recorded,0.0078125,6.0,0.008554584432717678,0.011613395659165315,0.011837277374670184,-0.014740432393282535,1.4050263809654517,1.4298129128120192,0.9763966065126233,recorded,counterfactual,nan,1.5027276218719963,1.3436932386408709,1.407881545793162,0.00851264891662332,1516.0,1.4183683503114455,1.4445533473290366
0.0,kill_goblin,0.0031424138804457954,1.8902659424064479,0.9836488385782497,1.8902659424064479,weak,paired_recorded,0.0078125,15.0,0.027118161094224925,0.05465905059875661,0.021941489361702128,0.0005437198964069317,1.9946785273885292,1.9543380599616147,0.7709404173049521,recorded,factual,1.9108272086965479,2.0802525375204057,1.916906236052171,2.013623313483811,0.026640293645723328,329.0,1.9935080287666669,1.9537943326231195
1.0,bury_bones,0.0024291497975708507,1.8345357080109743,0.9490847486110839,1.8345357080109743,weak,paired_recorded,0.0078125,15.0,0.07088183198380567,0.07735974030189292,0.0717042004048583,-0.0039313934283398905,2.0455927544759835,1.936145846177692,0.7395728042251185,recorded,factual,1.900121623930893,2.1331456874272385,1.9041702069268442,2.036492562364133,0.06963449891586994,247.0,2.0606320951631676,1.9400772406504705
2.0,chop_logs,0.0032240634005763686,1.321832680425741,0.9936823893126313,1.321832680425741,weak,paired_recorded,0.0078125,15.0,0.01037914265129683,0.013468737412344122,0.012450468299711815,-0.013557353762839989,1.3730323345585584,1.355103438800625,0.9566757647207903,recorded,factual,1.323639598074162,1.4942097987238494,1.3294032868349688,1.3931521986517725,0.00757060640922802,347.0,1.3853870073725236,1.3686607935243107
0.0,kill_goblin,0.003142413880445795,1.8610063407463335,0.9876944933852208,1.8610063407463335,weak,paired_recorded,0.0078125,15.0,0.021502184650455926,0.041576642471841965,0.019703409954407294,-0.0027773420759519183,1.9546436332279427,1.8735134087978524,0.7709404173049521,recorded,counterfactual,nan,2.036167994703398,1.8800409295351044,1.9736140950547156,0.019034588788770818,1316.0,1.9548088621042419,1.8762907520797114
1.0,bury_bones,0.0024291497975708503,1.8902060138960974,0.9646792709159365,1.8902060138960974,weak,paired_recorded,0.0078125,15.0,0.05291624493927125,0.06294326988470286,0.044320913461538464,-0.004972329470687187,2.0406620473514203,1.8654501196826518,0.7395728042251185,recorded,counterfactual,nan,2.1583280082281138,1.945041216603036,2.065294512247761,0.05483520270693828,988.0,2.054303789307714,1.8704224502750737
2.0,chop_logs,0.0032240634005763686,1.281779940568519,0.9886777702031615,1.281779940568519,weak,paired_recorded,0.0078125,15.0,0.016170974423631124,0.02315894355561313,0.022525666426512967,-0.015032081411861591,1.4053378013265923,1.431048641115513,0.9566757647207903,recorded,counterfactual,nan,1.4735267860448313,1.294265648338858,1.3700200617472111,0.0124857077703389,1388.0,1.418074026317349,1.446080724341038
0.0,kill_goblin,0.002855902777777778,1.8836104713794528,0.982856178703621,1.8836104713794528,weak,paired_recorded,0.0078125,20.0,0.03159722222222222,0.06507071416588561,0.02663690476190476,0.0012475757105719475,2.0019125938415527,1.9527327159094432,0.7694891476441943,recorded,factual,1.8995077317104294,2.080302935004956,1.912206144408842,2.0130381167533984,0.028595673029389188,315.0,2.0004513025283814,1.9514851346848503
1.0,bury_bones,0.0020985878661087865,1.824657459086406,0.949652021701398,1.824657459086406,weak,paired_recorded,0.0078125,20.0,0.06759937238493724,0.07477687581497343,0.0682531380753138,-0.0037517621684585653,2.046511791241219,1.9233858864676503,0.7405623040438696,recorded,factual,1.893313457052871,2.1212587259408546,1.893313457052871,2.024543679249347,0.06865599796646499,239.0,2.0615579917341096,1.9271376507052818
2.0,chop_logs,0.00285132137345679,1.3145240483937002,0.994249448853225,1.3145240483937002,weak,paired_recorded,0.0078125,20.0,0.009379822530864198,0.012990252346253983,0.011791087962962963,-0.013631853933250646,1.3685152810296894,1.3541548517015245,0.952633976476428,recorded,factual,1.3123549587755319,1.492113689690347,1.3216142180347912,1.3864203781727993,0.007090169641090993,324.0,1.3806946549886538,1.3677867069656466
0.0,kill_goblin,0.002855902777777778,1.856103768556168,0.9873508505451571,1.856103768556168,weak,paired_recorded,0.0078125,20.0,0.024541170634920634,0.048936873201426485,0.02322668650793651,-0.0020580311047120226,1.9614236447546216,1.8710749153106931,0.7694891476441943,recorded,counterfactual,nan,2.035527490454605,1.8762323872585873,1.9730147056514686,0.020128618702418694,1260.0,1.9611507063820248,1.8731329477022565
1.0,bury_bones,0.002098587866108786,1.8843245702372686,0.9656975677338496,1.8843245702372686,weak,paired_recorded,0.0078125,20.0,0.04937565376569038,0.06027306431555964,0.04038637552301255,-0.0047416223522868,2.044098893344153,1.8514582602050016,0.7405623040438696,recorded,counterfactual,nan,2.1488807426308525,1.937907750365258,2.0572288640679726,0.053583180127989086,956.0,2.058044294308419,1.8561998816464236
2.0,chop_logs,0.00285132137345679,1.2631174052475345,0.9883590649493655,1.2631174052475345,weak,paired_recorded,0.0078125,20.0,0.01751784336419753,0.025607599072497947,0.025010850694444444,-0.015109115053129233,1.400961352535236,1.4318845697943074,0.952633976476428,recorded,counterfactual,nan,1.4593567190678238,1.2761849459861965,1.3558312090609919,0.013067540738661858,1296.0,1.4136055803593295,1.4469936861668105
