actent,adapt_actor_grad_norm_mean,adapt_actor_loss_mean,adapt_actor_steps_mean,adapt_actor_update_rms_mean,adapt_adapt_triggers_mean,checkpoint_kind,complete,condition,deaths,episode_count_exact,episodes,family,goal,horizon,integrity_equal,last_step,logdir,mean_action_length,median_action_length,objective,policy_mode,requested_episodes,reset_count,returncode,seed,success_rate,successes
0.0,nan,nan,nan,nan,nan,clean,True,clean_no_adapt,0,True,100,clean,kill_goblin,0,True,13561,/home/cm150user/crl_ir/logs/rlscape/m4_reservoir_3goal_500k_seed0/stage2_actor_recovery/main/clean_no_adapt/kill_goblin/sampled/attempt_01,134.61,169.0,standard,sampled,100,100,0,2000,0.54,54
0.0,nan,nan,nan,nan,nan,clean,True,clean_no_adapt,0,True,50,clean,kill_goblin,0,True,8151,/home/cm150user/crl_ir/logs/rlscape/m4_reservoir_3goal_500k_seed0/stage2_actor_recovery/main/clean_no_adapt/kill_goblin/deterministic/attempt_01,162.02,200.0,standard,deterministic,50,50,0,2000,0.32,16
0.0,nan,nan,nan,nan,nan,clean,True,clean_no_adapt,0,True,100,clean,bury_bones,0,True,14336,/home/cm150user/crl_ir/logs/rlscape/m4_reservoir_3goal_500k_seed0/stage2_actor_recovery/main/clean_no_adapt/bury_bones/sampled/attempt_01,142.36,200.0,standard,sampled,100,100,0,2000,0.41,41
0.0,nan,nan,nan,nan,nan,clean,True,clean_no_adapt,0,True,50,clean,bury_bones,0,True,6724,/home/cm150user/crl_ir/logs/rlscape/m4_reservoir_3goal_500k_seed0/stage2_actor_recovery/main/clean_no_adapt/bury_bones/deterministic/attempt_01,133.48,200.0,standard,deterministic,50,50,0,2000,0.42,21
0.0,nan,nan,nan,nan,nan,clean,True,clean_no_adapt,0,True,100,clean,chop_logs,0,True,12341,/home/cm150user/crl_ir/logs/rlscape/m4_reservoir_3goal_500k_seed0/stage2_actor_recovery/main/clean_no_adapt/chop_logs/sampled/attempt_01,122.41,120.5,standard,sampled,100,100,,2000,0.74,74
0.0,nan,nan,nan,nan,nan,clean,True,clean_no_adapt,0,True,50,clean,chop_logs,0,True,5224,/home/cm150user/crl_ir/logs/rlscape/m4_reservoir_3goal_500k_seed0/stage2_actor_recovery/main/clean_no_adapt/chop_logs/deterministic/attempt_01,103.48,70.5,standard,deterministic,50,50,0,2000,0.74,37
0.0,nan,nan,nan,nan,nan,corrupt,True,corrupt_no_adapt,0,True,100,corrupt,kill_goblin,0,True,15581,/home/cm150user/crl_ir/logs/rlscape/m4_reservoir_3goal_500k_seed0/stage2_actor_recovery/main/corrupt_no_adapt/kill_goblin/sampled/attempt_01,154.81,200.0,standard,sampled,100,100,0,2000,0.36,36
0.0,nan,nan,nan,nan,nan,corrupt,True,corrupt_no_adapt,0,True,50,corrupt,kill_goblin,0,True,5522,/home/cm150user/crl_ir/logs/rlscape/m4_reservoir_3goal_500k_seed0/stage2_actor_recovery/main/corrupt_no_adapt/kill_goblin/deterministic/attempt_01,109.44,106.5,standard,deterministic,50,50,0,2000,0.68,34
0.0,nan,nan,nan,nan,nan,corrupt,True,corrupt_no_adapt,0,True,100,corrupt,bury_bones,0,True,19149,/home/cm150user/crl_ir/logs/rlscape/m4_reservoir_3goal_500k_seed0/stage2_actor_recovery/main/corrupt_no_adapt/bury_bones/sampled/attempt_01,190.49,200.0,standard,sampled,100,100,0,2000,0.06,6
0.0,nan,nan,nan,nan,nan,corrupt,True,corrupt_no_adapt,0,True,50,corrupt,bury_bones,0,True,8691,/home/cm150user/crl_ir/logs/rlscape/m4_reservoir_3goal_500k_seed0/stage2_actor_recovery/main/corrupt_no_adapt/bury_bones/deterministic/attempt_01,172.82,200.0,standard,deterministic,50,50,0,2000,0.18,9
0.0,nan,nan,nan,nan,nan,corrupt,True,corrupt_no_adapt,0,True,100,corrupt,chop_logs,0,True,15245,/home/cm150user/crl_ir/logs/rlscape/m4_reservoir_3goal_500k_seed0/stage2_actor_recovery/main/corrupt_no_adapt/chop_logs/sampled/attempt_01,151.45,200.0,standard,sampled,100,100,0,2000,0.43,43
0.0,nan,nan,nan,nan,nan,corrupt,True,corrupt_no_adapt,0,True,50,corrupt,chop_logs,0,True,8047,/home/cm150user/crl_ir/logs/rlscape/m4_reservoir_3goal_500k_seed0/stage2_actor_recovery/main/corrupt_no_adapt/chop_logs/deterministic/attempt_01,159.94,200.0,standard,deterministic,50,50,0,2000,0.38,19
0.0003,0.0678452875774405,-0.007286709927044887,131.57,1.5177232755259535e-05,131.57,corrupt,True,standard_ir_h3,0,True,100,standard_ir,kill_goblin,3,True,13257,/home/cm150user/crl_ir/logs/rlscape/m4_reservoir_3goal_500k_seed0/stage2_actor_recovery/main/standard_ir_h3/kill_goblin/sampled/attempt_01,131.57,178.0,standard,sampled,100,100,0,2000,0.52,52
0.0003,0.046395486956477425,-0.028364436697029274,162.32,1.3082227035863441e-05,162.32,corrupt,True,standard_ir_h3,0,True,50,standard_ir,kill_goblin,3,True,8166,/home/cm150user/crl_ir/logs/rlscape/m4_reservoir_3goal_500k_seed0/stage2_actor_recovery/main/standard_ir_h3/kill_goblin/deterministic/attempt_01,162.32,200.0,standard,deterministic,50,50,0,2000,0.32,16
0.0003,0.05986957842683784,-0.013697522772690922,193.3,1.3615315852469016e-05,193.3,corrupt,True,standard_ir_h3,0,True,100,standard_ir,bury_bones,3,True,19430,/home/cm150user/crl_ir/logs/rlscape/m4_reservoir_3goal_500k_seed0/stage2_actor_recovery/main/standard_ir_h3/bury_bones/sampled/attempt_01,193.3,200.0,standard,sampled,100,100,0,2000,0.04,4
0.0003,0.047345760600724464,-0.015263055779936913,196.42,1.0899113311403888e-05,196.42,corrupt,True,standard_ir_h3,0,True,50,standard_ir,bury_bones,3,True,9871,/home/cm150user/crl_ir/logs/rlscape/m4_reservoir_3goal_500k_seed0/stage2_actor_recovery/main/standard_ir_h3/bury_bones/deterministic/attempt_01,196.42,200.0,standard,deterministic,50,50,0,2000,0.02,1
0.0003,0.030426992703907384,-0.009675879910026029,146.82,1.3108827624980813e-05,146.82,corrupt,True,standard_ir_h3,0,True,100,standard_ir,chop_logs,3,True,14782,/home/cm150user/crl_ir/logs/rlscape/m4_reservoir_3goal_500k_seed0/stage2_actor_recovery/main/standard_ir_h3/chop_logs/sampled/attempt_01,146.82,196.0,standard,sampled,100,100,0,2000,0.51,51
0.0003,0.028276215074101402,-0.01319101305200623,179.62,1.1391296950791603e-05,179.62,corrupt,True,standard_ir_h3,0,True,50,standard_ir,chop_logs,3,True,9031,/home/cm150user/crl_ir/logs/rlscape/m4_reservoir_3goal_500k_seed0/stage2_actor_recovery/main/standard_ir_h3/chop_logs/deterministic/attempt_01,179.62,200.0,standard,deterministic,50,50,0,2000,0.2,10
0.0003,0.051476053283058196,-0.006726087870395498,141.5,1.493182468932423e-05,141.5,corrupt,True,standard_ir_h6,0,True,100,standard_ir,kill_goblin,6,True,14250,/home/cm150user/crl_ir/logs/rlscape/m4_reservoir_3goal_500k_seed0/stage2_actor_recovery/main/standard_ir_h6/kill_goblin/sampled/attempt_01,141.5,200.0,standard,sampled,100,100,0,2000,0.44,44
0.0003,0.03676984607731511,-0.01929382134593027,159.98,1.3409296558146854e-05,159.98,corrupt,True,standard_ir_h6,0,True,50,standard_ir,kill_goblin,6,True,8049,/home/cm150user/crl_ir/logs/rlscape/m4_reservoir_3goal_500k_seed0/stage2_actor_recovery/main/standard_ir_h6/kill_goblin/deterministic/attempt_01,159.98,200.0,standard,deterministic,50,50,0,2000,0.3,15
0.0003,0.047221073049527267,-0.020195152016098086,196.15,1.3577453884955412e-05,196.15,corrupt,True,standard_ir_h6,0,True,100,standard_ir,bury_bones,6,True,19715,/home/cm150user/crl_ir/logs/rlscape/m4_reservoir_3goal_500k_seed0/stage2_actor_recovery/main/standard_ir_h6/bury_bones/sampled/attempt_01,196.15,200.0,standard,sampled,100,100,0,2000,0.03,3
0.0003,0.04470583385296803,-0.023365231509261845,188.84,1.1658976373339554e-05,188.84,corrupt,True,standard_ir_h6,0,True,50,standard_ir,bury_bones,6,True,9492,/home/cm150user/crl_ir/logs/rlscape/m4_reservoir_3goal_500k_seed0/stage2_actor_recovery/main/standard_ir_h6/bury_bones/deterministic/attempt_01,188.84,200.0,standard,deterministic,50,50,0,2000,0.1,5
0.0003,0.025072557728617627,-0.01129183159891,154.39,1.3185826974061954e-05,154.39,corrupt,True,standard_ir_h6,0,True,100,standard_ir,chop_logs,6,True,15539,/home/cm150user/crl_ir/logs/rlscape/m4_reservoir_3goal_500k_seed0/stage2_actor_recovery/main/standard_ir_h6/chop_logs/sampled/attempt_01,154.39,200.0,standard,sampled,100,100,0,2000,0.41,41
0.0003,0.029804147705020375,-0.022237570519909523,183.14,1.1818549320033196e-05,183.14,corrupt,True,standard_ir_h6,0,True,50,standard_ir,chop_logs,6,True,9207,/home/cm150user/crl_ir/logs/rlscape/m4_reservoir_3goal_500k_seed0/stage2_actor_recovery/main/standard_ir_h6/chop_logs/deterministic/attempt_01,183.14,200.0,standard,deterministic,50,50,0,2000,0.16,8
0.0003,0.03162585404131216,-0.01657472008541751,160.54,1.3868881519839629e-05,160.54,corrupt,True,standard_ir_h15,0,True,100,standard_ir,kill_goblin,15,True,16154,/home/cm150user/crl_ir/logs/rlscape/m4_reservoir_3goal_500k_seed0/stage2_actor_recovery/main/standard_ir_h15/kill_goblin/sampled/attempt_01,160.54,200.0,standard,sampled,100,100,0,2000,0.32,32
0.0003,0.03260462284718275,-0.034287081138462225,170.02,1.3429274145788459e-05,170.02,corrupt,True,standard_ir_h15,0,True,50,standard_ir,kill_goblin,15,True,8551,/home/cm150user/crl_ir/logs/rlscape/m4_reservoir_3goal_500k_seed0/stage2_actor_recovery/main/standard_ir_h15/kill_goblin/deterministic/attempt_01,170.02,200.0,standard,deterministic,50,50,0,2000,0.28,14
0.0003,0.03436644507970323,-0.04058278547587031,199.08,1.3296672388499552e-05,199.08,corrupt,True,standard_ir_h15,0,True,100,standard_ir,bury_bones,15,True,20008,/home/cm150user/crl_ir/logs/rlscape/m4_reservoir_3goal_500k_seed0/stage2_actor_recovery/main/standard_ir_h15/bury_bones/sampled/attempt_01,199.08,200.0,standard,sampled,100,100,0,2000,0.01,1
0.0003,0.03378068231771466,-0.02948240539199896,200.0,1.2804681090062785e-05,200.0,corrupt,True,standard_ir_h15,0,True,50,standard_ir,bury_bones,15,True,10050,/home/cm150user/crl_ir/logs/rlscape/m4_reservoir_3goal_500k_seed0/stage2_actor_recovery/main/standard_ir_h15/bury_bones/deterministic/attempt_01,200.0,200.0,standard,deterministic,50,50,0,2000,0.0,0
0.0003,0.018570161910690042,-0.028275772056519526,166.07,1.2583739162708734e-05,166.07,corrupt,True,standard_ir_h15,0,True,100,standard_ir,chop_logs,15,True,16707,/home/cm150user/crl_ir/logs/rlscape/m4_reservoir_3goal_500k_seed0/stage2_actor_recovery/main/standard_ir_h15/chop_logs/sampled/attempt_01,166.07,200.0,standard,sampled,100,100,0,2000,0.3,30
0.0003,0.028024275652462186,-0.02606449281989304,172.74,1.279566211215933e-05,172.74,corrupt,True,standard_ir_h15,0,True,50,standard_ir,chop_logs,15,True,8687,/home/cm150user/crl_ir/logs/rlscape/m4_reservoir_3goal_500k_seed0/stage2_actor_recovery/main/standard_ir_h15/chop_logs/deterministic/attempt_01,172.74,200.0,standard,deterministic,50,50,0,2000,0.22,11
0.0003,0.03392916643116324,-0.04981665143784153,120.83,1.5388340982938617e-05,120.83,corrupt,True,standard_ir_h20,0,True,100,standard_ir,kill_goblin,20,True,12183,/home/cm150user/crl_ir/logs/rlscape/m4_reservoir_3goal_500k_seed0/stage2_actor_recovery/main/standard_ir_h20/kill_goblin/sampled/attempt_01,120.83,157.5,standard,sampled,100,100,0,2000,0.55,55
0.0003,0.03187679018132081,-0.0409211472965281,158.08,1.3965612371910842e-05,158.08,corrupt,True,standard_ir_h20,0,True,50,standard_ir,kill_goblin,20,True,7954,/home/cm150user/crl_ir/logs/rlscape/m4_reservoir_3goal_500k_seed0/stage2_actor_recovery/main/standard_ir_h20/kill_goblin/deterministic/attempt_01,158.08,200.0,standard,deterministic,50,50,0,2000,0.4,20
0.0003,0.0293952967132218,-0.0510116664515931,199.23,1.2746915090146797e-05,199.23,corrupt,True,standard_ir_h20,0,True,100,standard_ir,bury_bones,20,True,20023,/home/cm150user/crl_ir/logs/rlscape/m4_reservoir_3goal_500k_seed0/stage2_actor_recovery/main/standard_ir_h20/bury_bones/sampled/attempt_01,199.23,200.0,standard,sampled,100,100,0,2000,0.02,2
0.0003,0.04105497278904453,-0.05696077427952392,182.28,1.4022865008005805e-05,182.28,corrupt,True,standard_ir_h20,0,True,50,standard_ir,bury_bones,20,True,9164,/home/cm150user/crl_ir/logs/rlscape/m4_reservoir_3goal_500k_seed0/stage2_actor_recovery/main/standard_ir_h20/bury_bones/deterministic/attempt_01,182.28,200.0,standard,deterministic,50,50,0,2000,0.14,7
0.0003,0.01684966407531584,-0.040500181306401296,149.4,1.26657468491459e-05,149.4,corrupt,True,standard_ir_h20,0,True,100,standard_ir,chop_logs,20,True,15040,/home/cm150user/crl_ir/logs/rlscape/m4_reservoir_3goal_500k_seed0/stage2_actor_recovery/main/standard_ir_h20/chop_logs/sampled/attempt_01,149.4,200.0,standard,sampled,100,100,0,2000,0.46,46
0.0003,0.021445447567876343,-0.036670237301470204,173.06,1.2129968598815341e-05,173.06,corrupt,True,standard_ir_h20,0,True,50,standard_ir,chop_logs,20,True,8703,/home/cm150user/crl_ir/logs/rlscape/m4_reservoir_3goal_500k_seed0/stage2_actor_recovery/main/standard_ir_h20/chop_logs/deterministic/attempt_01,173.06,200.0,standard,deterministic,50,50,0,2000,0.22,11
0.0,0.06906612237534086,-0.0064263308089395335,135.45,1.5869367940404276e-05,135.45,corrupt,True,entropy_off_ir_h3,0,True,100,entropy_off_ir,kill_goblin,3,True,13645,/home/cm150user/crl_ir/logs/rlscape/m4_reservoir_3goal_500k_seed0/stage2_actor_recovery/main/entropy_off_ir_h3/kill_goblin/sampled/attempt_01,135.45,200.0,standard,sampled,100,100,0,2000,0.48,48
0.0,0.04875304346991986,-0.006441679367071943,147.54,1.3372771610588805e-05,147.54,corrupt,True,entropy_off_ir_h3,0,True,50,entropy_off_ir,kill_goblin,3,True,7427,/home/cm150user/crl_ir/logs/rlscape/m4_reservoir_3goal_500k_seed0/stage2_actor_recovery/main/entropy_off_ir_h3/kill_goblin/deterministic/attempt_01,147.54,200.0,standard,deterministic,50,50,0,2000,0.36,18
0.0,0.06009385218101313,-0.014354977454970079,197.12,1.3327383306214883e-05,197.12,corrupt,True,entropy_off_ir_h3,0,True,100,entropy_off_ir,bury_bones,3,True,19812,/home/cm150user/crl_ir/logs/rlscape/m4_reservoir_3goal_500k_seed0/stage2_actor_recovery/main/entropy_off_ir_h3/bury_bones/sampled/attempt_01,197.12,200.0,standard,sampled,100,100,0,2000,0.03,3
0.0,0.0435423957824951,-0.01529797506142831,200.0,1.1405681161629387e-05,200.0,corrupt,True,entropy_off_ir_h3,0,True,50,entropy_off_ir,bury_bones,3,True,10050,/home/cm150user/crl_ir/logs/rlscape/m4_reservoir_3goal_500k_seed0/stage2_actor_recovery/main/entropy_off_ir_h3/bury_bones/deterministic/attempt_01,200.0,200.0,standard,deterministic,50,50,0,2000,0.0,0
0.0,0.02498603008889885,-0.010012949907936464,162.45,1.325076331001771e-05,162.45,corrupt,True,entropy_off_ir_h3,0,True,100,entropy_off_ir,chop_logs,3,True,16345,/home/cm150user/crl_ir/logs/rlscape/m4_reservoir_3goal_500k_seed0/stage2_actor_recovery/main/entropy_off_ir_h3/chop_logs/sampled/attempt_01,162.45,200.0,standard,sampled,100,100,0,2000,0.32,32
0.0,0.025864663641312225,-0.008489201691345004,188.96,1.1691976486889524e-05,188.96,corrupt,True,entropy_off_ir_h3,0,True,50,entropy_off_ir,chop_logs,3,True,9498,/home/cm150user/crl_ir/logs/rlscape/m4_reservoir_3goal_500k_seed0/stage2_actor_recovery/main/entropy_off_ir_h3/chop_logs/deterministic/attempt_01,188.96,200.0,standard,deterministic,50,50,0,2000,0.14,7
0.0,0.04882910641093215,-0.0048199655972416084,132.76,1.532630398119012e-05,132.76,corrupt,True,entropy_off_ir_h6,0,True,100,entropy_off_ir,kill_goblin,6,True,13376,/home/cm150user/crl_ir/logs/rlscape/m4_reservoir_3goal_500k_seed0/stage2_actor_recovery/main/entropy_off_ir_h6/kill_goblin/sampled/attempt_01,132.76,200.0,standard,sampled,100,100,0,2000,0.49,49
0.0,0.033452439755463435,-0.014606665367069935,150.02,1.2645315591919204e-05,150.02,corrupt,True,entropy_off_ir_h6,0,True,50,entropy_off_ir,kill_goblin,6,True,7551,/home/cm150user/crl_ir/logs/rlscape/m4_reservoir_3goal_500k_seed0/stage2_actor_recovery/main/entropy_off_ir_h6/kill_goblin/deterministic/attempt_01,150.02,200.0,standard,deterministic,50,50,0,2000,0.36,18
0.0,0.04771142954380412,-0.019829924132551767,196.36,1.3612214217778181e-05,196.36,corrupt,True,entropy_off_ir_h6,0,True,100,entropy_off_ir,bury_bones,6,True,19736,/home/cm150user/crl_ir/logs/rlscape/m4_reservoir_3goal_500k_seed0/stage2_actor_recovery/main/entropy_off_ir_h6/bury_bones/sampled/attempt_01,196.36,200.0,standard,sampled,100,100,0,2000,0.03,3
0.0,0.038271918222846944,-0.013540433070798394,200.0,1.257101825503355e-05,200.0,corrupt,True,entropy_off_ir_h6,0,True,50,entropy_off_ir,bury_bones,6,True,10050,/home/cm150user/crl_ir/logs/rlscape/m4_reservoir_3goal_500k_seed0/stage2_actor_recovery/main/entropy_off_ir_h6/bury_bones/deterministic/attempt_01,200.0,200.0,standard,deterministic,50,50,0,2000,0.0,0
0.0,0.02024692753965252,-0.011527534329469666,175.53,1.2791889014797556e-05,175.53,corrupt,True,entropy_off_ir_h6,0,True,100,entropy_off_ir,chop_logs,6,True,17653,/home/cm150user/crl_ir/logs/rlscape/m4_reservoir_3goal_500k_seed0/stage2_actor_recovery/main/entropy_off_ir_h6/chop_logs/sampled/attempt_01,175.53,200.0,standard,sampled,100,100,0,2000,0.22,22
0.0,0.029235352792213468,-0.01104015211397741,178.94,1.2632633946730489e-05,178.94,corrupt,True,entropy_off_ir_h6,0,True,50,entropy_off_ir,chop_logs,6,True,8997,/home/cm150user/crl_ir/logs/rlscape/m4_reservoir_3goal_500k_seed0/stage2_actor_recovery/main/entropy_off_ir_h6/chop_logs/deterministic/attempt_01,178.94,200.0,standard,deterministic,50,50,0,2000,0.14,7
0.0,0.032506513881772926,-0.028450619628425048,134.38,1.561690353984287e-05,134.38,corrupt,True,entropy_off_ir_h15,0,True,100,entropy_off_ir,kill_goblin,15,True,13538,/home/cm150user/crl_ir/logs/rlscape/m4_reservoir_3goal_500k_seed0/stage2_actor_recovery/main/entropy_off_ir_h15/kill_goblin/sampled/attempt_01,134.38,200.0,standard,sampled,100,100,0,2000,0.46,46
0.0,0.03396061016744316,-0.012217712158699616,183.8,1.3682863993559226e-05,183.8,corrupt,True,entropy_off_ir_h15,0,True,50,entropy_off_ir,kill_goblin,15,True,9240,/home/cm150user/crl_ir/logs/rlscape/m4_reservoir_3goal_500k_seed0/stage2_actor_recovery/main/entropy_off_ir_h15/kill_goblin/deterministic/attempt_01,183.8,200.0,standard,deterministic,50,50,0,2000,0.18,9
0.0,0.03748746542023038,-0.03700208854700612,192.77,1.3825548167469103e-05,192.77,corrupt,True,entropy_off_ir_h15,0,True,100,entropy_off_ir,bury_bones,15,True,19377,/home/cm150user/crl_ir/logs/rlscape/m4_reservoir_3goal_500k_seed0/stage2_actor_recovery/main/entropy_off_ir_h15/bury_bones/sampled/attempt_01,192.77,200.0,standard,sampled,100,100,0,2000,0.05,5
0.0,0.03697146349176056,-0.034688470045746274,195.86,1.3481111671514565e-05,195.86,corrupt,True,entropy_off_ir_h15,0,True,50,entropy_off_ir,bury_bones,15,True,9843,/home/cm150user/crl_ir/logs/rlscape/m4_reservoir_3goal_500k_seed0/stage2_actor_recovery/main/entropy_off_ir_h15/bury_bones/deterministic/attempt_01,195.86,200.0,standard,deterministic,50,50,0,2000,0.04,2
0.0,0.021553893572481154,-0.018951986075164892,153.53,1.3318224906702747e-05,153.53,corrupt,True,entropy_off_ir_h15,0,True,100,entropy_off_ir,chop_logs,15,True,15453,/home/cm150user/crl_ir/logs/rlscape/m4_reservoir_3goal_500k_seed0/stage2_actor_recovery/main/entropy_off_ir_h15/chop_logs/sampled/attempt_01,153.53,200.0,standard,sampled,100,100,0,2000,0.35,35
0.0,0.02690425874086908,-0.021680205987527783,164.08,1.3074786751273e-05,164.08,corrupt,True,entropy_off_ir_h15,0,True,50,entropy_off_ir,chop_logs,15,True,8254,/home/cm150user/crl_ir/logs/rlscape/m4_reservoir_3goal_500k_seed0/stage2_actor_recovery/main/entropy_off_ir_h15/chop_logs/deterministic/attempt_01,164.08,200.0,standard,deterministic,50,50,0,2000,0.24,12
0.0,0.031732412706163435,-0.026863609539506547,150.67,1.5400679556929745e-05,150.67,corrupt,True,entropy_off_ir_h20,0,True,100,entropy_off_ir,kill_goblin,20,True,15167,/home/cm150user/crl_ir/logs/rlscape/m4_reservoir_3goal_500k_seed0/stage2_actor_recovery/main/entropy_off_ir_h20/kill_goblin/sampled/attempt_01,150.67,200.0,standard,sampled,100,100,0,2000,0.34,34
0.0,0.03163459860797829,-0.041188312274102204,123.62,1.5586451828298062e-05,123.62,corrupt,True,entropy_off_ir_h20,0,True,50,entropy_off_ir,kill_goblin,20,True,6231,/home/cm150user/crl_ir/logs/rlscape/m4_reservoir_3goal_500k_seed0/stage2_actor_recovery/main/entropy_off_ir_h20/kill_goblin/deterministic/attempt_01,123.62,174.0,standard,deterministic,50,50,0,2000,0.52,26
0.0,0.03344973109298045,-0.04934658472408238,193.59,1.3860806896061956e-05,193.59,corrupt,True,entropy_off_ir_h20,0,True,100,entropy_off_ir,bury_bones,20,True,19459,/home/cm150user/crl_ir/logs/rlscape/m4_reservoir_3goal_500k_seed0/stage2_actor_recovery/main/entropy_off_ir_h20/bury_bones/sampled/attempt_01,193.59,200.0,standard,sampled,100,100,0,2000,0.05,5
0.0,0.030078147339599667,-0.041139968339356646,200.0,1.2827255004071957e-05,200.0,corrupt,True,entropy_off_ir_h20,0,True,50,entropy_off_ir,bury_bones,20,True,10050,/home/cm150user/crl_ir/logs/rlscape/m4_reservoir_3goal_500k_seed0/stage2_actor_recovery/main/entropy_off_ir_h20/bury_bones/deterministic/attempt_01,200.0,200.0,standard,deterministic,50,50,0,2000,0.0,0
0.0,0.016450557036452693,-0.036941736307570354,150.92,1.3206131340445786e-05,150.92,corrupt,True,entropy_off_ir_h20,0,True,100,entropy_off_ir,chop_logs,20,True,15192,/home/cm150user/crl_ir/logs/rlscape/m4_reservoir_3goal_500k_seed0/stage2_actor_recovery/main/entropy_off_ir_h20/chop_logs/sampled/attempt_01,150.92,200.0,standard,sampled,100,100,0,2000,0.42,42
0.0,0.01897416528602633,-0.020436659257279097,191.74,1.1959971997470832e-05,191.74,corrupt,True,entropy_off_ir_h20,0,True,50,entropy_off_ir,chop_logs,20,True,9637,/home/cm150user/crl_ir/logs/rlscape/m4_reservoir_3goal_500k_seed0/stage2_actor_recovery/main/entropy_off_ir_h20/chop_logs/deterministic/attempt_01,191.74,200.0,standard,deterministic,50,50,0,2000,0.08,4
0.0,0.01501414320679837,0.00486503932900345,118.8,1.174361593554052e-05,118.8,corrupt,True,reward_only_ir_h3,0,True,100,reward_only_ir,kill_goblin,3,True,11980,/home/cm150user/crl_ir/logs/rlscape/m4_reservoir_3goal_500k_seed0/stage2_actor_recovery/main/reward_only_ir_h3/kill_goblin/sampled/attempt_01,118.8,119.0,reward_only,sampled,100,100,0,2000,0.58,58
0.0,0.030000559921772023,0.01326201767674052,99.48,1.1825079995032762e-05,99.48,corrupt,True,reward_only_ir_h3,0,True,50,reward_only_ir,kill_goblin,3,True,5024,/home/cm150user/crl_ir/logs/rlscape/m4_reservoir_3goal_500k_seed0/stage2_actor_recovery/main/reward_only_ir_h3/kill_goblin/deterministic/attempt_01,99.48,58.0,reward_only,deterministic,50,50,0,2000,0.66,33
0.0,0.05114556247302108,0.017580780115229233,138.59,1.0741470252759371e-05,138.59,corrupt,True,reward_only_ir_h3,0,True,100,reward_only_ir,bury_bones,3,True,13959,/home/cm150user/crl_ir/logs/rlscape/m4_reservoir_3goal_500k_seed0/stage2_actor_recovery/main/reward_only_ir_h3/bury_bones/sampled/attempt_01,138.59,145.0,reward_only,sampled,100,100,0,2000,0.62,62
0.0,0.1393711847106781,0.16720421737809144,90.48,1.7660473062342842e-05,90.48,corrupt,True,reward_only_ir_h3,0,True,50,reward_only_ir,bury_bones,3,True,4574,/home/cm150user/crl_ir/logs/rlscape/m4_reservoir_3goal_500k_seed0/stage2_actor_recovery/main/reward_only_ir_h3/bury_bones/deterministic/attempt_01,90.48,93.5,reward_only,deterministic,50,50,0,2000,0.82,41
0.0,0.008892765479081414,0.007966050470859454,150.28,1.1675975621796978e-05,150.28,corrupt,True,reward_only_ir_h3,0,True,100,reward_only_ir,chop_logs,3,True,15128,/home/cm150user/crl_ir/logs/rlscape/m4_reservoir_3goal_500k_seed0/stage2_actor_recovery/main/reward_only_ir_h3/chop_logs/sampled/attempt_01,150.28,200.0,reward_only,sampled,100,100,0,2000,0.43,43
0.0,0.019857087658513718,0.016144016782754473,102.06,1.4480113245063648e-05,102.06,corrupt,True,reward_only_ir_h3,0,True,50,reward_only_ir,chop_logs,3,True,5153,/home/cm150user/crl_ir/logs/rlscape/m4_reservoir_3goal_500k_seed0/stage2_actor_recovery/main/reward_only_ir_h3/chop_logs/deterministic/attempt_01,102.06,75.5,reward_only,deterministic,50,50,0,2000,0.74,37
0.0,0.024503767217362204,0.010903594896955254,127.33,1.3082503407886656e-05,127.33,corrupt,True,reward_only_ir_h6,0,True,100,reward_only_ir,kill_goblin,6,True,12833,/home/cm150user/crl_ir/logs/rlscape/m4_reservoir_3goal_500k_seed0/stage2_actor_recovery/main/reward_only_ir_h6/kill_goblin/sampled/attempt_01,127.33,164.0,reward_only,sampled,100,100,0,2000,0.57,57
0.0,0.03258048980923341,0.012485532366649224,106.46,1.4753828044895888e-05,106.46,corrupt,True,reward_only_ir_h6,0,True,50,reward_only_ir,kill_goblin,6,True,5373,/home/cm150user/crl_ir/logs/rlscape/m4_reservoir_3goal_500k_seed0/stage2_actor_recovery/main/reward_only_ir_h6/kill_goblin/deterministic/attempt_01,106.46,75.5,reward_only,deterministic,50,50,0,2000,0.6,30
0.0,0.03325967502352992,0.018704951121672822,136.99,1.1198704376393645e-05,136.99,corrupt,True,reward_only_ir_h6,0,True,100,reward_only_ir,bury_bones,6,True,13799,/home/cm150user/crl_ir/logs/rlscape/m4_reservoir_3goal_500k_seed0/stage2_actor_recovery/main/reward_only_ir_h6/bury_bones/sampled/attempt_01,136.99,147.5,reward_only,sampled,100,100,0,2000,0.67,67
0.0,0.04099839048307346,0.039569291493307034,97.36,1.3084496190174605e-05,97.36,corrupt,True,reward_only_ir_h6,0,True,50,reward_only_ir,bury_bones,6,True,4918,/home/cm150user/crl_ir/logs/rlscape/m4_reservoir_3goal_500k_seed0/stage2_actor_recovery/main/reward_only_ir_h6/bury_bones/deterministic/attempt_01,97.36,95.5,reward_only,deterministic,50,50,0,2000,0.9,45
0.0,0.014637178244872097,0.014101885639550435,137.73,1.3835106073029131e-05,137.73,corrupt,True,reward_only_ir_h6,0,True,100,reward_only_ir,chop_logs,6,True,13873,/home/cm150user/crl_ir/logs/rlscape/m4_reservoir_3goal_500k_seed0/stage2_actor_recovery/main/reward_only_ir_h6/chop_logs/sampled/attempt_01,137.73,179.0,reward_only,sampled,100,100,0,2000,0.52,52
0.0,0.01389125419033243,0.01610987942839139,97.5,1.4828433873968062e-05,97.5,corrupt,True,reward_only_ir_h6,0,True,50,reward_only_ir,chop_logs,6,True,4925,/home/cm150user/crl_ir/logs/rlscape/m4_reservoir_3goal_500k_seed0/stage2_actor_recovery/main/reward_only_ir_h6/chop_logs/deterministic/attempt_01,97.5,62.5,reward_only,deterministic,50,50,0,2000,0.74,37
0.0,0.0356013855835877,0.038196329506700766,112.55,1.6138970223357073e-05,112.55,corrupt,True,reward_only_ir_h15,0,True,100,reward_only_ir,kill_goblin,15,True,11355,/home/cm150user/crl_ir/logs/rlscape/m4_reservoir_3goal_500k_seed0/stage2_actor_recovery/main/reward_only_ir_h15/kill_goblin/sampled/attempt_01,112.55,100.5,reward_only,sampled,100,100,0,2000,0.64,64
0.0,0.06596762870286613,0.0543247858436869,114.9,1.7562656408040657e-05,114.9,corrupt,True,reward_only_ir_h15,0,True,50,reward_only_ir,kill_goblin,15,True,5795,/home/cm150user/crl_ir/logs/rlscape/m4_reservoir_3goal_500k_seed0/stage2_actor_recovery/main/reward_only_ir_h15/kill_goblin/deterministic/attempt_01,114.9,90.0,reward_only,deterministic,50,50,0,2000,0.66,33
0.0,0.03915005541924633,0.043222494531300754,75.7,1.7859071709686755e-05,75.7,corrupt,True,reward_only_ir_h15,0,True,100,reward_only_ir,bury_bones,15,True,7670,/home/cm150user/crl_ir/logs/rlscape/m4_reservoir_3goal_500k_seed0/stage2_actor_recovery/main/reward_only_ir_h15/bury_bones/sampled/attempt_01,75.7,68.0,reward_only,sampled,100,100,0,2000,0.96,96
0.0,0.04305433811174874,0.05911859512354124,54.62,2.1222951706134965e-05,54.62,corrupt,True,reward_only_ir_h15,0,True,50,reward_only_ir,bury_bones,15,True,2781,/home/cm150user/crl_ir/logs/rlscape/m4_reservoir_3goal_500k_seed0/stage2_actor_recovery/main/reward_only_ir_h15/bury_bones/deterministic/attempt_01,54.62,53.0,reward_only,deterministic,50,50,0,2000,0.96,48
0.0,0.014833269853670505,0.02171385886335854,132.4,1.4299143527851601e-05,132.4,corrupt,True,reward_only_ir_h15,0,True,100,reward_only_ir,chop_logs,15,True,13340,/home/cm150user/crl_ir/logs/rlscape/m4_reservoir_3goal_500k_seed0/stage2_actor_recovery/main/reward_only_ir_h15/chop_logs/sampled/attempt_01,132.4,142.0,reward_only,sampled,100,100,0,2000,0.59,59
0.0,0.0255289598429154,0.06078776673291467,114.9,1.650159186327802e-05,114.9,corrupt,True,reward_only_ir_h15,0,True,50,reward_only_ir,chop_logs,15,True,5795,/home/cm150user/crl_ir/logs/rlscape/m4_reservoir_3goal_500k_seed0/stage2_actor_recovery/main/reward_only_ir_h15/chop_logs/deterministic/attempt_01,114.9,99.5,reward_only,deterministic,50,50,0,2000,0.66,33
0.0,0.03684703561465417,0.045713316012821296,112.64,1.6546784739393808e-05,112.64,corrupt,True,reward_only_ir_h20,0,True,100,reward_only_ir,kill_goblin,20,True,11364,/home/cm150user/crl_ir/logs/rlscape/m4_reservoir_3goal_500k_seed0/stage2_actor_recovery/main/reward_only_ir_h20/kill_goblin/sampled/attempt_01,112.64,108.0,reward_only,sampled,100,100,0,2000,0.65,65
0.0,0.05360102198886982,0.06275942852179761,99.12,1.7897642794408014e-05,99.12,corrupt,True,reward_only_ir_h20,0,True,50,reward_only_ir,kill_goblin,20,True,5006,/home/cm150user/crl_ir/logs/rlscape/m4_reservoir_3goal_500k_seed0/stage2_actor_recovery/main/reward_only_ir_h20/kill_goblin/deterministic/attempt_01,99.12,70.5,reward_only,deterministic,50,50,0,2000,0.74,37
0.0,0.0365528061786012,0.06729018300176456,76.58,2.060318788404515e-05,76.58,corrupt,True,reward_only_ir_h20,0,True,100,reward_only_ir,bury_bones,20,True,7758,/home/cm150user/crl_ir/logs/rlscape/m4_reservoir_3goal_500k_seed0/stage2_actor_recovery/main/reward_only_ir_h20/bury_bones/sampled/attempt_01,76.58,71.0,reward_only,sampled,100,100,0,2000,0.91,91
0.0,0.034899658304488906,0.05375846184002287,50.72,1.9969998512186317e-05,50.72,corrupt,True,reward_only_ir_h20,0,True,50,reward_only_ir,bury_bones,20,True,2586,/home/cm150user/crl_ir/logs/rlscape/m4_reservoir_3goal_500k_seed0/stage2_actor_recovery/main/reward_only_ir_h20/bury_bones/deterministic/attempt_01,50.72,50.5,reward_only,deterministic,50,50,0,2000,0.98,49
0.0,0.022898110857622687,0.05944933179813734,155.53,1.449765331664145e-05,155.53,corrupt,True,reward_only_ir_h20,0,True,100,reward_only_ir,chop_logs,20,True,15653,/home/cm150user/crl_ir/logs/rlscape/m4_reservoir_3goal_500k_seed0/stage2_actor_recovery/main/reward_only_ir_h20/chop_logs/sampled/attempt_01,155.53,200.0,reward_only,sampled,100,100,0,2000,0.48,48
0.0,0.018309286419532656,0.02702975336365555,96.64,1.6680267989165435e-05,96.64,corrupt,True,reward_only_ir_h20,0,True,50,reward_only_ir,chop_logs,20,True,4882,/home/cm150user/crl_ir/logs/rlscape/m4_reservoir_3goal_500k_seed0/stage2_actor_recovery/main/reward_only_ir_h20/chop_logs/deterministic/attempt_01,96.64,76.0,reward_only,deterministic,50,50,0,2000,0.84,42
0.0,24.301076065449344,2.224663503623379,126.73,1.7826947925253572e-05,126.73,corrupt,True,reference_distill,0,True,100,reference_distill,kill_goblin,0,True,12773,/home/cm150user/crl_ir/logs/rlscape/m4_reservoir_3goal_500k_seed0/stage2_actor_recovery/main/reference_distill/kill_goblin/sampled/attempt_01,126.73,159.0,distill,sampled,100,100,0,2000,0.58,58
0.0,23.491361128738347,2.1360974961957044,139.72,1.6528145939669724e-05,139.72,corrupt,True,reference_distill,0,True,50,reference_distill,kill_goblin,0,True,7036,/home/cm150user/crl_ir/logs/rlscape/m4_reservoir_3goal_500k_seed0/stage2_actor_recovery/main/reference_distill/kill_goblin/deterministic/attempt_01,139.72,184.0,distill,deterministic,50,50,0,2000,0.5,25
0.0,22.53260111067495,2.3794390687815787,186.4,1.606235998190404e-05,186.4,corrupt,True,reference_distill,0,True,100,reference_distill,bury_bones,0,True,18740,/home/cm150user/crl_ir/logs/rlscape/m4_reservoir_3goal_500k_seed0/stage2_actor_recovery/main/reference_distill/bury_bones/sampled/attempt_01,186.4,200.0,distill,sampled,100,100,0,2000,0.14,14
0.0,21.301258161309402,2.950068805084633,168.54,1.6767602006567738e-05,168.54,corrupt,True,reference_distill,0,True,50,reference_distill,bury_bones,0,True,8477,/home/cm150user/crl_ir/logs/rlscape/m4_reservoir_3goal_500k_seed0/stage2_actor_recovery/main/reference_distill/bury_bones/deterministic/attempt_01,168.54,200.0,distill,deterministic,50,50,0,2000,0.28,14
0.0,12.00716984218007,4.029555225337535,121.92,1.8165223106066062e-05,121.92,corrupt,True,reference_distill,0,True,100,reference_distill,chop_logs,0,True,12292,/home/cm150user/crl_ir/logs/rlscape/m4_reservoir_3goal_500k_seed0/stage2_actor_recovery/main/reference_distill/chop_logs/sampled/attempt_01,121.92,129.5,distill,sampled,100,100,0,2000,0.73,73
0.0,12.563819217393725,4.430420605318841,126.38,1.6969795660422107e-05,126.38,corrupt,True,reference_distill,0,True,50,reference_distill,chop_logs,0,True,6369,/home/cm150user/crl_ir/logs/rlscape/m4_reservoir_3goal_500k_seed0/stage2_actor_recovery/main/reference_distill/chop_logs/deterministic/attempt_01,126.38,131.5,distill,deterministic,50,50,0,2000,0.62,31
