all_actor_pairwise_goal_js_mean,all_reward_factual_mean,all_reward_factual_minus_nonmatching,all_reward_goal_top1_accuracy,all_reward_nonmatching_event_rate,all_reward_nonmatching_mean,all_reward_value_within_state_correlation,all_states,all_stop_factual_mean,all_stop_factual_minus_nonmatching,all_stop_goal_top1_accuracy,all_stop_nonmatching_mean,all_value_all_goals_above_factual_return_state_rate,all_value_all_goals_over_threshold_state_rate,all_value_all_mean,all_value_factual_bias_vs_realized,all_value_factual_mae_vs_realized,all_value_factual_mean,all_value_factual_minus_nonmatching,all_value_goal_range_mean,all_value_goal_relative_range_mean,all_value_min_across_goals_mean,all_value_nonmatching_mean,all_value_query_above_factual_return_rate,all_value_query_over_threshold_rate,arm,goal_completion_actor_pairwise_goal_js_mean,goal_completion_reward_factual_mean,goal_completion_reward_factual_minus_nonmatching,goal_completion_reward_goal_top1_accuracy,goal_completion_reward_nonmatching_event_rate,goal_completion_reward_nonmatching_mean,goal_completion_reward_value_within_state_correlation,goal_completion_states,goal_completion_stop_factual_mean,goal_completion_stop_factual_minus_nonmatching,goal_completion_stop_goal_top1_accuracy,goal_completion_stop_nonmatching_mean,goal_completion_value_all_goals_above_factual_return_state_rate,goal_completion_value_all_goals_over_threshold_state_rate,goal_completion_value_all_mean,goal_completion_value_factual_bias_vs_realized,goal_completion_value_factual_mae_vs_realized,goal_completion_value_factual_mean,goal_completion_value_factual_minus_nonmatching,goal_completion_value_goal_range_mean,goal_completion_value_goal_relative_range_mean,goal_completion_value_min_across_goals_mean,goal_completion_value_nonmatching_mean,goal_completion_value_query_above_factual_return_rate,goal_completion_value_query_over_threshold_rate,imag_actor_h15_all_goal_value_over_threshold_anchor_rate,imag_actor_h15_imagined_reward_sum_mean_factual_mean,imag_actor_h15_imagined_reward_sum_mean_nonmatching_mean,imag_actor_h15_online_value_start_mean_factual_mean,imag_actor_h15_online_value_start_mean_nonmatching_mean,imag_actor_h15_return_mean_factual_mean,imag_actor_h15_return_mean_nonmatching_mean,imag_actor_h15_reward_only_mean_factual_mean,imag_actor_h15_reward_only_mean_nonmatching_mean,imag_actor_h15_reward_only_value_within_anchor_correlation,imag_recorded_h15_all_goal_value_over_threshold_anchor_rate,imag_recorded_h15_imagined_reward_sum_mean_factual_mean,imag_recorded_h15_imagined_reward_sum_mean_nonmatching_mean,imag_recorded_h15_online_value_start_mean_factual_mean,imag_recorded_h15_online_value_start_mean_nonmatching_mean,imag_recorded_h15_return_mean_factual_mean,imag_recorded_h15_return_mean_nonmatching_mean,imag_recorded_h15_reward_only_mean_factual_mean,imag_recorded_h15_reward_only_mean_nonmatching_mean,imag_recorded_h15_reward_only_value_within_anchor_correlation,is_final_step,ordinary_actor_pairwise_goal_js_mean,ordinary_reward_factual_mean,ordinary_reward_factual_minus_nonmatching,ordinary_reward_goal_top1_accuracy,ordinary_reward_nonmatching_event_rate,ordinary_reward_nonmatching_mean,ordinary_reward_value_within_state_correlation,ordinary_states,ordinary_stop_factual_mean,ordinary_stop_factual_minus_nonmatching,ordinary_stop_goal_top1_accuracy,ordinary_stop_nonmatching_mean,ordinary_value_all_goals_above_factual_return_state_rate,ordinary_value_all_goals_over_threshold_state_rate,ordinary_value_all_mean,ordinary_value_factual_bias_vs_realized,ordinary_value_factual_mae_vs_realized,ordinary_value_factual_mean,ordinary_value_factual_minus_nonmatching,ordinary_value_goal_range_mean,ordinary_value_goal_relative_range_mean,ordinary_value_min_across_goals_mean,ordinary_value_nonmatching_mean,ordinary_value_query_above_factual_return_rate,ordinary_value_query_over_threshold_rate,seed,step
2.1581706406042063e-07,0.0,0.0,0.23602135431300927,0.0,0.0,,7118,0.5286516547203064,0.002530992031097412,0.3013486934532172,0.526120662689209,0.0,0.0,0.0,-0.07339788973331451,0.07339788973331451,0.0,0.0,0.0,0.0,0.0,0.0,0.0,0.0,current_old_50_50,2.281346881293274e-07,0.0,0.0,0.5333333333333333,0.0,0.0,,30,0.5694053173065186,0.009095072746276855,0.43333333333333335,0.5603102445602417,0.0,0.0,0.0,-0.6946001052856445,0.6946001052856445,0.0,0.0,0.0,0.0,0.0,0.0,0.0,0.0,0.0,0.0,0.0,0.0,0.0,0.0,0.0,0.0,0.0,,0.0,0.0,0.0,0.0,0.0,0.0,0.0,0.0,0.0,,False,2.1576492964703643e-07,0.0,0.0,0.23476297968397292,0.0,0.0,,7088,0.5284791588783264,0.00250321626663208,0.3007900677200903,0.5259759426116943,0.0,0.0,0.0,-0.07076864689588547,0.07076864689588547,0.0,0.0,0.0,0.0,0.0,0.0,0.0,0.0,0,0
0.000635004562244351,0.0002600352745503187,2.1503277821466327e-05,0.29867940432705814,0.0,0.0002385319967288524,-0.01611321843281104,7118,0.018167611211538315,0.000477716326713562,0.30528238269176733,0.017689894884824753,0.9539196403484125,0.0,0.6985604763031006,0.6255269050598145,0.6439142823219299,0.698924720287323,0.00048553943634033203,0.009484975598752499,0.017787348479032516,0.6949032545089722,0.6984391808509827,0.9547976959820175,0.0,current_old_50_50,0.00021204263026935587,0.001535704592242837,-0.002286261413246393,0.23333333333333334,0.0,0.00382196600548923,-0.2771765133736489,30,0.6415154933929443,0.0064293742179870605,0.3333333333333333,0.6350861191749573,0.36666666666666664,0.0,0.6627218723297119,-0.02633536234498024,0.23973964154720306,0.668264627456665,0.007390320301055908,0.014257417060434818,0.028204333037137985,0.6573927998542786,0.6608743071556091,0.36666666666666664,0.0,0.0,2.3231069895849434,2.3320347208489656,0.6794235804869283,0.6761435689838555,0.7637065444687449,0.7667789143945197,0.36415447146317526,0.36819715407352477,-0.31411706825638613,0.0,2.1362720335344924e-05,5.1125871828135946e-05,0.6719218137034451,0.6722124976566038,0.6550159986948914,0.6545460579373157,1.1139668998328837e-05,2.4648634761458326e-05,-0.052678956015663615,False,0.0006367947510083534,0.0002546359901316464,3.1270901672542095e-05,0.29895598194130923,0.0,0.0002233650884591043,-0.012214183355832284,7088,0.015529287979006767,0.000452529639005661,0.30516365688487584,0.015076758340001106,0.9564051918735892,0.0,0.6987122893333435,0.6282858848571777,0.6456249356269836,0.6990545392036438,0.000456392765045166,0.009464776143431664,0.01774325966835022,0.6950620412826538,0.6985981464385986,0.9572869638826185,0.0,0,200000
0.009265221535388713,0.0015638243639841676,4.463666118681431e-05,0.2339140207923574,0.0016858668165214948,0.0015191877027973533,-0.031311866055189194,7118,0.00696412893012166,-0.000374015886336565,0.22155099747119977,0.007338144816458225,0.9772407979769598,0.17083450407417813,0.8242492079734802,0.7485289573669434,0.7553830742835999,0.8219268918037415,-0.0030964016914367676,0.027876105159521103,0.0346137136220932,0.8124385476112366,0.8250232934951782,0.979769598201742,0.18217898286035403,current_old_50_50,0.0019037511651869626,0.2590939700603485,-0.005778372287750244,0.0,0.4,0.26487234234809875,0.05521509373696207,30,0.9920068979263306,0.018894433975219727,0.0,0.9731124639511108,0.6333333333333333,0.2,0.8161708116531372,0.12450031191110611,0.25655052065849304,0.8191003203392029,0.003905951976776123,0.10695913434028625,0.14519761502742767,0.7750604152679443,0.8151943683624268,0.6666666666666666,0.26666666666666666,0.10215053763440861,0.2831146194195254,0.293049605608316,0.8331711986052093,0.8351756707100885,0.9025200024012269,0.9224511333422726,0.14550735168556042,0.151180313744905,-0.2895418283201269,0.012048192771084338,0.003010537975744929,0.003626074038671308,0.8302728648645332,0.8328744369338317,0.7676789382856714,0.7660687804152971,0.0019325416577109494,0.0021323373962712756,-0.17453670050795556,False,0.009296379000273877,0.00047382662887685,6.928262882865965e-05,0.2349040632054176,0.0,0.00040454400004819036,-0.03402425540143025,7088,0.002794929314404726,-0.0004555701743811369,0.22248871331828443,0.003250499488785863,0.978696388261851,0.17071106094808128,0.8242833614349365,0.7511701583862305,0.7574943900108337,0.8219388127326965,-0.003126084804534912,0.02754138596355915,0.03414566442370415,0.8125967383384705,0.8250648975372314,0.9810948081264108,0.181821388261851,0,400000
0.07937810051795895,0.001221975195221603,0.0002383377868682146,0.2999438044394493,0.0008429334082607474,0.0009836374083533883,0.05053619421637764,7118,0.006390392780303955,-0.001534411683678627,0.18333801629671256,0.007924804463982582,0.9974711997752178,0.9780837313852205,2.4180781841278076,2.5587267875671387,2.5590198040008545,2.632124900817871,0.28539514541625977,1.1954741477966309,0.49384284019470215,1.9382622241973877,2.3467297554016113,0.9983141331834785,0.9897091879741501,current_old_50_50,0.03620023234537616,0.26917678117752075,0.056222766637802124,0.26666666666666666,0.2,0.21295401453971863,0.4935613863545,30,0.9966443777084351,0.02234625816345215,0.4,0.9742981195449829,0.9333333333333333,0.8666666666666667,2.4645659923553467,2.2880218029022217,2.2880218029022217,2.982621669769287,0.6907408237457275,1.427613615989685,0.6517159938812256,1.8831756114959717,2.2918808460235596,0.9666666666666667,0.9416666666666667,0.967741935483871,0.0010768453575747973,0.00016092199925244306,2.4495277427217013,2.131800257817819,2.8652051822825393,2.6456319397694865,0.0008894302431072103,0.00011936100084967296,0.11233911994875853,1.0,0.0006702600546742519,0.000740282660951131,2.346018646136824,2.038311287581202,2.1886589177149482,1.9420185722678884,0.00036562827933707176,0.0004171768686872745,0.14869594688009574,False,0.07956085108866683,8.785488171270117e-05,1.3833778211846948e-06,0.30008465011286684,0.0,8.647150389151648e-05,0.07973302027316505,7088,0.0021991366520524025,-0.001635487424209714,0.18242099322799096,0.0038346240762621164,0.9977426636568849,0.9785553047404063,2.417881727218628,2.55987286567688,2.560166597366333,2.630641460418701,0.283679723739624,1.1944916248321533,0.49317464232444763,1.9384955167770386,2.346961736679077,0.9984480812641083,0.9899125282167043,0,600000
0.02996813629527771,0.0011305607622489333,0.00018501083832234144,0.3090755830289407,0.0007024445068839561,0.0009455499239265919,0.136250197825002,7118,0.005551642272621393,-0.0009596385061740875,0.19527957291373982,0.006511280778795481,0.9852486653554369,0.6673222815397584,1.0354548692703247,0.9690383672714233,0.9714602828025818,1.0424362421035767,0.009308338165283203,0.11265906691551208,0.14786387979984283,0.9773395657539368,1.0331279039382935,0.991114076987918,0.7234475976397865,current_old_50_50,0.051627616985336564,0.24847252666950226,0.0858171135187149,0.4,0.12222222222222222,0.16265541315078735,0.26820557296424635,30,0.9948754906654358,0.13532745838165283,0.7333333333333333,0.859548032283783,0.7666666666666667,0.5666666666666667,1.2200086116790771,0.6007266640663147,0.631263792514801,1.2953264713287354,0.10042393207550049,0.319856196641922,0.2851693034172058,1.0486823320388794,1.1949025392532349,0.9,0.7666666666666667,0.3763440860215054,0.014182989950106608,0.010818464242433786,1.0516750046642878,1.0053989255273428,1.163182275029352,1.1502209348794759,0.0078678693874263,0.006378811014021538,0.1697115269934817,0.10843373493975904,0.0010729010906873962,0.0011425683081061136,0.9932690350316375,0.9354192940106834,0.9660649458330252,0.9635544211518569,0.0005657641534152108,0.0005584279085094687,0.14851941470834742,True,0.029876462421025207,8.368465205421671e-05,-0.00017742731142789125,0.30869074492099324,0.00018811136192626034,0.0002611119707580656,0.1568738679668829,7088,0.001364323659799993,-0.0015364737482741475,0.1930022573363431,0.0029007974080741405,0.9861738148984198,0.6677483069977427,1.0346739292144775,0.9705972671508789,0.9729002118110657,1.0413658618927002,0.008922696113586426,0.11178209632635117,0.14728276431560516,0.9770376682281494,1.0324431657791138,0.9914997178329571,0.7232646726862303,0,800000
2.860300197909368e-07,0.0,0.0,0.2030957645858139,0.0,0.0,,5879,0.4009321331977844,0.00015735626220703125,0.2480013607756421,0.4007747769355774,0.0,0.0,0.0,-0.07750140130519867,0.07750140130519867,0.0,0.0,0.0,0.0,0.0,0.0,0.0,0.0,current_old_50_50,2.225743252247473e-07,0.0,0.0,0.42105263157894735,0.0,0.0,,38,0.39156797528266907,0.003329545259475708,0.2894736842105263,0.38823843002319336,0.0,0.0,0.0,-0.8661841154098511,0.8661841154098511,0.0,0.0,0.0,0.0,0.0,0.0,0.0,0.0,0.0,0.0,0.0,0.0,0.0,0.0,0.0,0.0,0.0,,0.0,0.0,0.0,0.0,0.0,0.0,0.0,0.0,0.0,,False,2.8644284574428643e-07,0.0,0.0,0.2016777948981339,0.0,0.0,,5841,0.4009930491447449,0.0001366734504699707,0.24773155281629858,0.4008563756942749,0.0,0.0,0.0,-0.07237043976783752,0.07237043976783752,0.0,0.0,0.0,0.0,0.0,0.0,0.0,0.0,1,0
0.001165093001293325,0.0023611271753907204,-3.869878128170967e-06,0.28474230311277426,0.002721551284232012,0.0023649970535188913,-0.022539355497947975,5879,0.01057758741080761,4.842877388000488e-05,0.2413675795203266,0.010529158636927605,0.9197142371151557,0.0,0.6573352217674255,0.5796398520469666,0.6146337389945984,0.6571412682533264,-0.00025850534439086914,0.016871152445673943,0.033470988273620605,0.6496490240097046,0.6573997735977173,0.9209899642796394,0.0,current_old_50_50,0.0006127169206410064,0.36079105734825134,6.8247318267822266e-06,0.18421052631578946,0.42105263157894735,0.36078423261642456,-0.08178694924287118,38,0.8426607251167297,0.00016957521438598633,0.21052631578947367,0.8424911499023438,0.10526315789473684,0.0,0.6923413276672363,-0.17774568498134613,0.20427609980106354,0.6884385943412781,-0.005203664302825928,0.016434213146567345,0.02835405245423317,0.6850852966308594,0.693642258644104,0.10526315789473684,0.0,0.0,1.683650482399639,1.686846582474345,0.67225700594596,0.6726807660081889,0.7613372052296312,0.7616103361453098,0.3126618302212515,0.31162322366585926,-0.11275844709338143,0.0,8.732807278840593e-05,8.213816673477676e-05,0.6864494374304106,0.6854797436131371,0.6120655071609928,0.6122886020009507,4.7038114282928755e-05,4.479259928565715e-05,-0.11922475983171704,False,0.0011686866138707582,2.9277163775986992e-05,-3.939128873753361e-06,0.28539633624379385,0.0,3.321629264974035e-05,-0.0218866496340554,5841,0.005164274014532566,4.763901233673096e-05,0.24156822461907207,0.005116635002195835,0.9250128402670775,0.0,0.657107412815094,0.5845671892166138,0.6173034310340881,0.6569376587867737,-0.0002263784408569336,0.01687399297952652,0.03350427746772766,0.6494184732437134,0.6571640372276306,0.926296866974833,0.0,1,200000
0.005900531994151891,0.004442221950739622,0.00026200897991657257,0.2679027045415887,0.003742133015819017,0.0041802129708230495,-0.11768029532469888,5879,0.010757146403193474,0.00028874725103378296,0.23133185915972104,0.01046839915215969,0.9637693485286614,0.27521687361796227,0.9527440071105957,0.8707982301712036,0.8766626119613647,0.9482996463775635,-0.005925893783569336,0.0825052484869957,0.08608674257993698,0.9119385480880737,0.9542255401611328,0.9689147814254124,0.3435533253954754,current_old_50_50,0.010773465904986495,0.45087000727653503,0.003154456615447998,0.10526315789473684,0.5263157894736842,0.44771555066108704,-0.6188068889216836,38,0.6517518162727356,0.028033316135406494,0.42105263157894735,0.6237185001373291,0.5263157894736842,0.42105263157894735,1.041766881942749,0.17127715051174164,0.280852347612381,1.037461280822754,-0.0057408809661865234,0.04058525338768959,0.04307316243648529,1.023893117904663,1.0432021617889404,0.5592105263157895,0.4342105263157895,0.13930348258706468,0.26582574924202446,0.2828917719985918,0.9268195881179316,0.9192561777076911,0.9866125315989636,0.9987435456907513,0.14749564757395342,0.16316767775183985,-0.38969868523252704,0.0,0.002353130866416023,0.0019602230980131073,0.8851646934494828,0.8943109090882119,0.9194885854100848,0.9200377121057518,0.002162460790939801,0.0017044837018136754,-0.15658738058414645,False,0.005868829975899585,0.0015378803946077824,0.00024319055955857038,0.2689607943845232,0.000342407122068139,0.001294689835049212,-0.11546291857272414,5841,0.006587004289031029,0.00010824762284755707,0.2300975860297894,0.006478756666183472,0.9666153055983564,0.27426810477657937,0.952164888381958,0.8753491640090942,0.8805387020111084,0.9477195739746094,-0.005927085876464844,0.0827779695391655,0.08636657148599625,0.9112102389335632,0.9536466598510742,0.9715802088683445,0.34296353364149973,1,400000
0.06221278347892131,0.003545033512637019,1.9597355276346207e-05,0.2721551284232012,0.0032318421500255145,0.003525436157360673,0.037685278856960186,5879,0.010014153085649014,0.0006189383566379547,0.19118897771729887,0.009395214729011059,0.9605375063786358,0.42439190338492944,2.000519275665283,2.4005508422851562,2.4100492000579834,2.4780519008636475,0.6367100477218628,2.5190911293029785,1.1707067489624023,1.1504220962524414,1.8413418531417847,0.9735924476951863,0.6607841469637693,current_old_50_50,0.045562254766891054,0.458224892616272,0.011683404445648193,0.13157894736842105,0.4824561403508772,0.4465414881706238,0.27673701427044106,38,0.947287380695343,0.09033924341201782,0.3157894736842105,0.8569481372833252,0.6052631578947368,0.5789473684210527,1.840844988822937,0.9373647570610046,1.0758053064346313,1.8035486936569214,-0.04972827434539795,1.8699021339416504,0.9361001253128052,1.303553819656372,1.8532769680023193,0.6842105263157895,0.6578947368421053,0.22388059701492538,0.3898140392307028,0.29756267698964345,1.892339772252894,1.6922390322582443,2.268616454852198,1.925258303243603,0.08811990634259913,0.0804820436866422,0.1279017462552713,0.015151515151515152,0.001988759488719524,0.0012599205725699893,2.0570005946087115,1.7130710413359633,1.474612136276522,1.2906641097536125,0.0017407044763506883,0.001035497571202018,0.08353817783945788,False,0.0623211074116481,0.0005870070308446884,-5.6284014135599136e-05,0.2730696798493409,0.00011413570735604634,0.0006432910449802876,0.034268032430098204,5841,0.003916501998901367,3.5241711884737015e-05,0.1903783598698853,0.00388126028701663,0.9628488272556069,0.4233864064372539,2.001558303833008,2.410069704055786,2.418729543685913,2.4824399948120117,0.6411757469177246,2.5233147144317627,1.172232985496521,1.1494258642196655,1.841264247894287,0.9754750898818696,0.6608029447012498,1,600000
0.04793780405076141,0.003651085076853633,0.00010930350981652737,0.20547712195951692,0.003572036060554516,0.0035417815670371056,0.04237390698471314,5879,0.010337337851524353,0.00031985994428396225,0.15955094403810172,0.01001747790724039,0.9940466065657425,0.6570845381867665,1.3328064680099487,1.3636518716812134,1.363715648651123,1.4411532878875732,0.14446234703063965,0.7354228496551514,0.6333953142166138,1.0311788320541382,1.2966909408569336,0.9977036911039292,0.6882122810001701,current_old_50_50,0.03185441876623651,0.4854002594947815,0.04633668065071106,0.631578947368421,0.4824561403508772,0.43906357884407043,0.12182767065776016,38,0.9318467378616333,0.1751953363418579,0.6578947368421053,0.7566514015197754,1.0,1.0,2.2261528968811035,1.262076735496521,1.262076735496521,2.128260850906372,-0.1305229663848877,0.736891508102417,0.43946677446365356,1.9417102336883545,2.2587838172912598,1.0,1.0,0.5572139303482587,0.11156031509865919,0.1380828330529032,1.4411393490467053,1.3923538311741395,1.6865759083131318,1.6484956586379576,0.0631980702910888,0.08100944760882751,0.16038089424501983,0.25757575757575757,0.002971406003422252,0.0007441386050797879,1.2544589139182458,1.2008600546931378,1.1607427216041728,1.0230498057781447,0.0015014967811117568,0.00044145583244137223,0.008092639893762568,True,0.04804243829846077,0.0005169534124433994,-0.00019143836107105017,0.2027050162643383,0.00045654282942418536,0.0007083917735144496,0.0425371528415438,5841,0.004342243075370789,-0.000817831140011549,0.15630885122410546,0.005160074215382338,0.9940078753638075,0.6548536209553159,1.3269946575164795,1.364312767982483,1.3643767833709717,1.4366830587387085,0.14625120162963867,0.7354133129119873,0.6346569657325745,1.0252552032470703,1.2904318571090698,0.99768875192604,0.6861838726245506,1,800000
2.999605311289533e-07,0.0,0.0,0.14694454256446485,0.0,0.0,,5662,0.47914883494377136,0.0011099278926849365,0.27181208053691275,0.4780389070510864,0.0,0.0,0.0,-0.07894767820835114,0.07894767820835114,0.0,0.0,0.0,0.0,0.0,0.0,0.0,0.0,current_old_50_50,2.6950233979921554e-07,0.0,0.0,0.5,0.0,0.0,,32,0.45067304372787476,-0.002968043088912964,0.1875,0.4536410868167877,0.0,0.0,0.0,-0.7913125157356262,0.7913125157356262,0.0,0.0,0.0,0.0,0.0,0.0,0.0,0.0,0.0,0.0,0.0,0.0,0.0,0.0,0.0,0.0,0.0,,0.0,0.0,0.0,0.0,0.0,0.0,0.0,0.0,0.0,,False,3.001336505112893e-07,0.0,0.0,0.14493783303730018,0.0,0.0,,5630,0.47931066155433655,0.0011330842971801758,0.272291296625222,0.47817757725715637,0.0,0.0,0.0,-0.07489870488643646,0.07489870488643646,0.0,0.0,0.0,0.0,0.0,0.0,0.0,0.0,2,0
0.0006596645878324469,0.0070166862569749355,-0.00018210243433713913,0.32921229247615685,0.0007064641469445425,0.007198788691312075,-0.06566989709901871,5662,0.05317467078566551,7.035955786705017e-05,0.2453196750264924,0.05310431122779846,0.946661956905687,0.0,0.6871351003646851,0.6063557267189026,0.6182764768600464,0.6853034496307373,-0.0024421215057373047,0.012962672859430313,0.02455366589128971,0.6813008189201355,0.6877455711364746,0.9475450370893678,0.0,current_old_50_50,3.524307011430653e-05,0.09899574518203735,-0.022916652262210846,0.09375,0.125,0.1219123974442482,-0.0038881372996552098,32,0.9926942586898804,-0.0006992220878601074,0.03125,0.9933934807777405,0.21875,0.0,0.7173210382461548,-0.07639593631029129,0.1514550745487213,0.7149165868759155,-0.0032060742378234863,0.012284455820918083,0.023955080658197403,0.7119202017784119,0.718122661113739,0.2421875,0.0,0.0,1.5942512644171016,1.690056092187663,0.6914174130761811,0.6896377826860438,0.7579205409128817,0.7586052297904123,0.2735943793595414,0.27937064609137724,-0.27398591361929403,0.0,0.013041287861745611,0.013251650259795736,0.6886366298121791,0.6891162683886867,0.65242715395495,0.6557262621759093,0.0006341467214396577,0.0007454723752287941,-0.16997326892009676,False,0.0006632136977022481,0.006493892055004835,-5.2883289754390717e-05,0.330550621669627,0.0,0.006546775344759226,-0.08807403242722346,5630,0.047834597527980804,7.473677396774292e-05,0.24653641207815274,0.04775986075401306,0.9507992895204262,0.0,0.6869634389877319,0.610236406326294,0.6209298372268677,0.6851350665092468,-0.002437770366668701,0.012966527603566647,0.024557067081332207,0.6811267733573914,0.6875728368759155,0.9515541740674955,0.0,2,200000
0.0032001509390558003,0.0005345060490071774,3.283773548901081e-05,0.2744613210879548,0.0004709760979630284,0.0005016683135181665,0.015526064602780186,5662,0.00750690046697855,-0.007991233840584755,0.11179795125397386,0.015498134307563305,0.8889085128929707,0.0,0.2977214455604553,0.21825283765792847,0.27477583289146423,0.2972005009651184,-0.000694572925567627,0.011855925433337688,0.03506216034293175,0.29171067476272583,0.29789507389068604,0.8898357470858353,0.0,current_old_50_50,0.0030650227273470556,0.08767102658748627,0.00467006117105484,0.0,0.08333333333333333,0.08300096541643143,-0.46628060224060375,32,0.5441772937774658,0.1098533570766449,0.375,0.4343239367008209,0.0625,0.0,0.5073628425598145,-0.28821149468421936,0.3037911653518677,0.5031009912490845,-0.005682528018951416,0.011786682531237602,0.01943882182240486,0.5023412108421326,0.5087835192680359,0.0625,0.0,0.0,0.8568938157164209,1.0506590067972268,0.387915197233255,0.39085967191226817,0.40404476594703653,0.40543831112271345,0.13523254862513207,0.14522120215413487,-0.04639724439482745,0.0,0.004226770590908165,0.0043148785669262744,0.3195874361741927,0.3700973520516067,0.286823717438155,0.286584537501051,0.001823346855001249,0.0018256695169640972,0.10703208171240138,False,0.0032009189857298104,3.9236252632690594e-05,6.480451702373102e-06,0.2760213143872114,0.0,3.275580093031749e-05,0.20873786262696,5630,0.004456553142517805,-0.008661044761538506,0.11030195381882771,0.013117598369717598,0.8936056838365897,0.0,0.2965299189090729,0.22113151848316193,0.2746109366416931,0.2960302233695984,-0.000666201114654541,0.01185631938278675,0.03515096381306648,0.29051345586776733,0.29669642448425293,0.8945381882770871,0.0,2,400000
0.035994514209651364,0.0003006959450431168,0.00011736697342712432,0.2244789826916284,0.00017661603673613564,0.0001833289716159925,-0.0007360425905032834,5662,0.009643208235502243,-0.012078976258635521,0.2417873542917697,0.021722184494137764,0.9535499823383963,0.346344048039562,1.2642581462860107,1.2138913869857788,1.2247174978256226,1.2928389310836792,0.03810775279998779,0.40899255871772766,0.34369874000549316,1.0520902872085571,1.2547311782836914,0.9629547862945955,0.5434916990462734,current_old_50_50,0.006198673521327105,0.051239363849163055,0.0207971204072237,0.0,0.03125,0.030442243441939354,-0.007151041717379337,32,0.648281455039978,0.22135165333747864,0.53125,0.4269298017024994,0.3125,0.0,0.916750967502594,0.007025288417935371,0.1851528137922287,0.7983377575874329,-0.15788424015045166,0.2815774083137512,0.2748699486255646,0.7971299886703491,0.9562219977378845,0.4296875,0.234375,0.10471204188481675,0.6192693809025501,0.7571173914178145,0.9551271708847965,1.0374224430915573,0.9917760232650886,1.0262987605255343,0.13501263651629772,0.14432877425909602,0.2583290660480939,0.0,0.0009618046628874723,0.0005589785717030473,0.9825380348390148,0.9590656922389103,0.9960467720202023,0.9252271972935648,0.0004948592143993015,0.0002906211805937205,-0.05279712969463623,False,0.03616386889917648,1.1168892342539039e-05,-1.7333513824269176e-07,0.22575488454706927,0.0,1.134222748078173e-05,-0.007609555401674881,5630,0.006013292819261551,-0.013405755162239075,0.24014209591474245,0.019419047981500626,0.9571936056838366,0.3483126110124334,1.2662333250045776,1.2207510471343994,1.2306264638900757,1.2956496477127075,0.039221763610839844,0.40971678495407104,0.34408992528915405,1.0535393953323364,1.2564278841018677,0.9659857904085257,0.5452486678507993,2,600000
0.03960497380617323,0.00014765541709493846,0.00011912207992281765,0.2269516072059343,0.0,2.8533335353131406e-05,0.00410798543667341,5662,0.005854981020092964,-0.004329957999289036,0.06534793359237019,0.010184939019382,0.9574355351465913,0.41116213352172376,0.9491287469863892,0.8320572972297668,0.8402999639511108,0.9110050201416016,-0.05083155632019043,0.26962560415267944,0.24185150861740112,0.8121938705444336,0.961836576461792,0.96869480748852,0.5164252914164607,current_old_50_50,0.04642493400957378,0.02518310584127903,0.021031344309449196,0.46875,0.0,0.004151761997491121,0.045746957580649526,32,0.36537039279937744,0.2295318990945816,0.46875,0.13583849370479584,0.40625,0.21875,1.0395125150680542,0.09403030574321747,0.21794191002845764,0.8853428363800049,-0.2055593729019165,0.36600854992866516,0.33362698554992676,0.8846518993377686,1.0909022092819214,0.53125,0.4375,0.15706806282722513,0.49735093528375546,0.5696554163454751,0.7880059891424254,0.9387342000727982,0.9388019708914795,1.024872954786149,0.1208664142120245,0.1328802051200411,0.28355384487423124,0.0,0.00042119480867708694,8.534556634819189e-05,0.7385940369699271,0.8381766518277507,0.8190491007298545,0.8396281268703667,0.00024114197094478085,5.6287347852299216e-05,0.04185492574179698,True,0.03956621026682886,5.35800745637971e-06,2.604301698738709e-07,0.2255772646536412,0.0,5.097577286505839e-06,0.00177621100874417,5630,0.0038115535862743855,-0.005659192334860563,0.0630550621669627,0.009470745921134949,0.9605683836589698,0.4122557726465364,0.9486149549484253,0.8362520933151245,0.843837320804596,0.9111508727073669,-0.049952030181884766,0.26907774806022644,0.2413298785686493,0.8117820024490356,0.9611029028892517,0.9711811722912966,0.5168738898756661,2,800000
2.1581706406042063e-07,0.0,0.0,0.23602135431300927,0.0,0.0,,7118,0.5286516547203064,0.002530992031097412,0.3013486934532172,0.526120662689209,0.0,0.0,0.0,-0.07339788973331451,0.07339788973331451,0.0,0.0,0.0,0.0,0.0,0.0,0.0,0.0,fifo_100k,2.281346881293274e-07,0.0,0.0,0.5333333333333333,0.0,0.0,,30,0.5694053173065186,0.009095072746276855,0.43333333333333335,0.5603102445602417,0.0,0.0,0.0,-0.6946001052856445,0.6946001052856445,0.0,0.0,0.0,0.0,0.0,0.0,0.0,0.0,0.0,0.0,0.0,0.0,0.0,0.0,0.0,0.0,0.0,,0.0,0.0,0.0,0.0,0.0,0.0,0.0,0.0,0.0,,False,2.1576492964703643e-07,0.0,0.0,0.23476297968397292,0.0,0.0,,7088,0.5284791588783264,0.00250321626663208,0.3007900677200903,0.5259759426116943,0.0,0.0,0.0,-0.07076864689588547,0.07076864689588547,0.0,0.0,0.0,0.0,0.0,0.0,0.0,0.0,0,0
0.0018478888276446338,0.0016832659021019936,1.123407855629921e-05,0.30092722674908684,0.00224782242202866,0.0016720318235456944,-0.0023151958370223233,7118,0.013400006107985973,0.0001427438110113144,0.29544815959539195,0.013257262296974659,0.9689519527957291,0.0,0.7170192003250122,0.6434531807899475,0.6471331715583801,0.7168510556221008,-0.00022417306900024414,0.003984780516475439,0.005561948753893375,0.7150334715843201,0.7170752286911011,0.9691978083731385,0.0,fifo_100k,0.0018799788214706387,0.395670622587204,0.0030050575733184814,0.6333333333333333,0.5333333333333333,0.3926655650138855,-0.1080278612564982,30,0.6122686266899109,0.0021992921829223633,0.7,0.6100693345069885,0.4,0.0,0.7337338328361511,0.03961683064699173,0.1762801706790924,0.7342168092727661,0.0006439685821533203,0.0033193170092999935,0.0045417300425469875,0.7320647835731506,0.7335728406906128,0.4,0.0,0.0,1.9534021492097948,1.9580695174709237,0.767112494796835,0.7677256596344774,0.7609745976589737,0.7610560015876506,0.3600239149092145,0.36054576574841635,0.07003500569171862,0.0,0.0036382388303835855,0.004030787899672103,0.8073939257357494,0.8080349085800138,0.7003524763378048,0.7002595083168737,0.0016963514800910698,0.0018676327530582828,0.16780020872137424,False,0.0018477530065646704,1.5712075764895417e-05,-1.4370743883773685e-06,0.29952031602708806,0.0,1.7149150153272785e-05,0.008244936914716243,7088,0.010865291580557823,0.00013403967022895813,0.2937358916478555,0.010731251910328865,0.9713600451467269,0.0,0.7169485092163086,0.6460089087486267,0.6491261124610901,0.7167775630950928,-0.00022786855697631836,0.003987597301602364,0.005566266365349293,0.7149614095687866,0.7170054316520691,0.9716069413092551,0.0,0,200000
0.00041621780070698604,0.0001530274748802185,-4.5917549869045615e-05,0.3463051418937904,0.0,0.00019894502474926412,0.017869533535867423,7118,0.0010805175406858325,-0.00011712033301591873,0.2697386906434392,0.0011976378737017512,0.8527676313571227,0.0,0.060398343950510025,-0.012971454299986362,0.11597315967082977,0.06042643263936043,3.7454068660736084e-05,0.0010587119031697512,0.017582597211003304,0.05984523519873619,0.06038897857069969,0.8527676313571227,0.0,fifo_100k,0.0012990671668786909,0.036168769001960754,-0.010919753462076187,0.16666666666666666,0.0,0.04708852246403694,0.30106575203025493,30,0.1926082968711853,-0.024596408009529114,0.3333333333333333,0.21720470488071442,0.0,0.0,0.06054692715406418,-0.6342064738273621,0.6342064738273621,0.06039360538125038,-0.0002044178545475006,0.0009372210479341447,0.015506122261285782,0.06002781540155411,0.06059802323579788,0.0,0.0,0.0,0.0007100078678112679,0.0008823661644244197,0.05999989991867414,0.06000627468483636,0.059862574252477756,0.05992143103356943,0.0004342429547361245,0.0005134278599629186,0.01645888883409635,0.0,2.500613809607752e-05,2.2439105471248803e-05,0.05931308775781149,0.05933243618253245,0.05810193215367823,0.05808096636815259,1.618984958121691e-05,1.4089820816667446e-05,0.11454010429460273,False,0.0004124811357824444,5.906330784455349e-07,1.06007234990102e-07,0.34706546275395034,0.0,4.846258434554329e-07,-0.0013707472222322106,7088,0.00026987501769326627,-1.3511657016351819e-05,0.26946952595936796,0.0002833866747096181,0.8563769751693002,0.0,0.060397714376449585,-0.01034207921475172,0.11377973854541779,0.06042657047510147,3.847852349281311e-05,0.0010592261096462607,0.017591385170817375,0.05984446778893471,0.06038809195160866,0.8563769751693002,0.0,0,400000
0.0033606644676021057,3.0389424864551984e-05,-0.00010109584400197491,0.22829446473728576,0.0,0.0001314852706855163,-0.009641798693486778,7118,0.0094463424757123,-0.0038012871518731117,0.20792357403765102,0.013247629627585411,0.8527676313571227,0.0,0.05139702185988426,-0.022015320137143135,0.10935907065868378,0.05138256400823593,-1.927092671394348e-05,0.004089619964361191,0.07860693335533142,0.04969508573412895,0.051401834934949875,0.8527676313571227,0.0,fifo_100k,0.001935509710702926,0.005819491110742092,-0.022304974496364594,0.0,0.0,0.02812446467578411,-0.12086735042029971,30,0.2516500651836395,-0.03932103514671326,0.0,0.2909711003303528,0.0,0.0,0.05217287689447403,-0.6419598460197449,0.6419598460197449,0.05264018103480339,0.0006230734288692474,0.004714178387075663,0.08794323354959488,0.05014445632696152,0.05201710760593414,0.0,0.0,0.0,4.19474782154461e-07,7.241467923016669e-07,0.05064874685179162,0.05041672593136202,0.051300999550347094,0.05086824046552332,3.0811544302400965e-07,5.634827368293542e-07,-0.11873395336686772,0.0,2.3157822020634848e-05,3.864165483812517e-05,0.04934054936271116,0.04898523937267471,0.047398900793656606,0.047155660312089356,8.512557938225673e-06,1.7419549711232626e-05,-0.1005323800273365,False,0.003366696443153315,5.887024144612951e-06,-7.117804216250079e-06,0.2292607223476298,0.0,1.300482836086303e-05,-0.0026742079300202354,7088,0.008421214297413826,-0.0036509502679109573,0.208803611738149,0.012072164565324783,0.8563769751693002,0.0,0.05139373615384102,-0.01939140260219574,0.1071048304438591,0.05137724429368973,-2.199411392211914e-05,0.004086976405233145,0.07856743037700653,0.04969318211078644,0.05139923840761185,0.8563769751693002,0.0,0,600000
0.022264127185648578,0.00011868168803630397,-8.337639883393422e-05,0.23012082045518403,0.00014048890137679124,0.00020205808687023818,-0.013130616188776516,7118,0.0013438351452350616,-0.0013762672897428274,0.23953357684742904,0.002720102434977889,0.9803315538072492,0.0,0.803848147392273,0.7295463681221008,0.731488049030304,0.8029443025588989,-0.0012050271034240723,0.015311943367123604,0.01924675703048706,0.7944687008857727,0.804149329662323,0.9825793762292779,0.0,fifo_100k,0.025201065684940616,1.5411404774567927e-06,2.1646553705068072e-07,0.0,0.0,1.324674940406112e-06,0.10754042387112006,30,0.07708306610584259,-0.2306458204984665,0.0,0.3077288866043091,0.4666666666666667,0.0,0.8079041838645935,0.10432078689336777,0.18265549838542938,0.7989208102226257,-0.011977791786193848,0.023570269346237183,0.0291983000934124,0.7926666736602783,0.8108986020088196,0.525,0.0,0.0,1.0077042855545804,1.0448415769100536,0.8463236478067213,0.8477644363825467,0.8395149459186004,0.8360255760858775,0.4094375666857072,0.4091352566093133,-0.007119810314448595,0.0,0.005468803320438433,0.003998836189206467,0.8969014035650047,0.8950073592155335,0.7971825712963684,0.7983097834447689,0.004546291329459596,0.0033325654072406696,-0.11419157507298115,True,0.022251696576876177,0.00011917748634004965,-8.373018499696627e-05,0.23109480812641084,0.00014108352144469525,0.00020290767133701593,-0.013200971533105333,7088,0.001023268443532288,-0.0004058827180415392,0.2405474040632054,0.0014291511615738273,0.9825056433408578,0.0,0.8038308024406433,0.7321926951408386,0.7338109612464905,0.8029612898826599,-0.0011594891548156738,0.015276988968253136,0.0192046370357275,0.794476330280304,0.8041207790374756,0.9845160835214447,0.0,0,800000
2.860300197909368e-07,0.0,0.0,0.2030957645858139,0.0,0.0,,5879,0.4009321331977844,0.00015735626220703125,0.2480013607756421,0.4007747769355774,0.0,0.0,0.0,-0.07750140130519867,0.07750140130519867,0.0,0.0,0.0,0.0,0.0,0.0,0.0,0.0,fifo_100k,2.225743252247473e-07,0.0,0.0,0.42105263157894735,0.0,0.0,,38,0.39156797528266907,0.003329545259475708,0.2894736842105263,0.38823843002319336,0.0,0.0,0.0,-0.8661841154098511,0.8661841154098511,0.0,0.0,0.0,0.0,0.0,0.0,0.0,0.0,0.0,0.0,0.0,0.0,0.0,0.0,0.0,0.0,0.0,,0.0,0.0,0.0,0.0,0.0,0.0,0.0,0.0,0.0,,False,2.8644284574428643e-07,0.0,0.0,0.2016777948981339,0.0,0.0,,5841,0.4009930491447449,0.0001366734504699707,0.24773155281629858,0.4008563756942749,0.0,0.0,0.0,-0.07237043976783752,0.07237043976783752,0.0,0.0,0.0,0.0,0.0,0.0,0.0,0.0,1,0
0.0028526086939492878,0.0019440653268247843,-7.468252442777157e-05,0.2639904745705052,0.0025514543289675115,0.002018747851252556,-0.0016244831937756367,5879,0.007300992961972952,1.9052065908908844e-05,0.25531552985201567,0.007281940896064043,0.9338322844021092,0.0,0.6555489301681519,0.5778723359107971,0.5989412665367126,0.6553738117218018,-0.00023353099822998047,0.0032919682562351227,0.004985508043318987,0.6539483070373535,0.6556073427200317,0.9339598571185576,0.0,fifo_100k,0.0024472940820747247,0.29745960235595703,-0.01110774278640747,0.10526315789473684,0.39473684210526316,0.3085673451423645,-0.01814712003624503,38,0.7818684577941895,0.0017240643501281738,0.15789473684210525,0.7801443934440613,0.10526315789473684,0.0,0.6850551962852478,-0.18112337589263916,0.1944672167301178,0.6850608587265015,7.510185241699219e-06,0.005069396924227476,0.007236015051603317,0.6822592616081238,0.6850533485412598,0.10526315789473684,0.0,0.0,2.1179427432668594,2.105088446199188,0.6926204274542889,0.6924994436662588,0.7276333269678523,0.7277752664580817,0.27395222199130803,0.2731668909189546,-0.07528570338685577,0.0,0.0006072864095282663,0.0005935471321854126,0.7155546871098605,0.7150445035611741,0.6547396485476445,0.6549250410719574,0.00028548750492568174,0.0002795170931042301,-0.012254165559183846,False,0.002855245563535186,2.1519836082006805e-05,-2.9037291824351996e-06,0.2650231124807396,0.0,2.4423565264442004e-05,0.007057263580365623,5841,0.0022618616931140423,7.959548383951187e-06,0.25594932374593393,0.002253902144730091,0.9392227358329053,0.0,0.6553568840026855,0.5828102231025696,0.6015726327896118,0.6551806330680847,-0.00023508071899414062,0.0032804051879793406,0.004970867186784744,0.6537641882896423,0.6554157137870789,0.9393511385036809,0.0,1,200000
0.002704932919201942,0.00010687695612432435,-1.5021258150227368e-05,0.26058853546521515,0.00017009695526450075,0.00012189821427455172,0.017352761431385873,5879,0.0005071987397968769,-1.3432872947305441e-05,0.21160061234903896,0.0005206316127441823,0.897771729886035,0.0,0.3841392695903778,0.30656227469444275,0.38259467482566833,0.38406363129615784,-0.00010082125663757324,0.0013153122272342443,0.0034115761518478394,0.38338857889175415,0.3841644525527954,0.8981969722741963,0.0,fifo_100k,0.002368737071049632,0.016502443701028824,-0.0023243259638547897,0.13157894736842105,0.02631578947368421,0.018826769664883614,0.21809363314301006,38,0.054189279675483704,-0.0008874982595443726,0.5789473684210527,0.055076777935028076,0.0,0.0,0.38439470529556274,-0.48175978660583496,0.48175978660583496,0.3844245374202728,3.978610038757324e-05,0.001267486484721303,0.0032851325813680887,0.38366127014160156,0.38438475131988525,0.0,0.0,0.0,0.0002765841202493794,0.0002610901475303579,0.3838997883583183,0.3837849133050264,0.37933455499126434,0.3793125776625118,0.00016025132931565367,0.00015189839691448278,0.14498762172810353,0.0,5.796739744589489e-06,6.272342783077103e-06,0.383473765669447,0.38352812480444864,0.3735743556348263,0.37361282984303407,4.2871725041642604e-06,4.663071910910945e-06,0.21942158021796856,False,0.002707120120405467,2.117451458616415e-07,2.450136094012123e-09,0.2614278376990241,0.0,2.0929500976762938e-07,0.07217475106215457,5841,0.00015795731451362371,-7.746421033516526e-06,0.20921075158363295,0.00016570373554714024,0.9036123951378189,0.0,0.3841375708580017,0.3116908669471741,0.3819495439529419,0.384061336517334,-0.0001016855239868164,0.0013156234053894877,0.003412398509681225,0.3833867907524109,0.3841630220413208,0.9040404040404041,0.0,1,400000
0.007879091276142452,5.89803221373586e-07,3.796463943217532e-07,0.27878890967851677,0.0,2.101568270518328e-07,-0.0025990236024330893,5879,0.005141652654856443,-0.005463782232254744,0.2020751828542269,0.010605434887111187,0.8974315359755061,0.0,0.07432468980550766,-0.0027330934535712004,0.13739065825939178,0.0747683122754097,0.0005914941430091858,0.02036076784133911,0.22613218426704407,0.0662543922662735,0.07417681813240051,0.8974315359755061,0.0,fifo_100k,0.005863754888193237,7.663576252525672e-05,4.8705522203817964e-05,0.42105263157894735,0.0,2.7930242140428163e-05,-0.132119674341081,38,0.23415227234363556,0.002037450671195984,0.42105263157894735,0.23211482167243958,0.0,0.0,0.06977029144763947,-0.7972118258476257,0.7972118258476257,0.0689723864197731,-0.0010638758540153503,0.008541745133697987,0.12015293538570404,0.06600908190011978,0.07003626227378845,0.0,0.0,0.0,3.361637539442974e-06,3.2975068465394438e-06,0.11379207566899446,0.1202167632123131,0.07394148902818531,0.07436442942367687,3.3485081296426112e-06,3.2874660913951445e-06,0.14727864590752396,0.0,1.107642791628197e-07,9.641176765582156e-08,0.17985579958467773,0.16166216872557243,0.07187330649233883,0.0687551393018745,6.870680616906918e-08,6.680258500554854e-08,-0.1756085019485186,False,0.007892202521261793,9.506833009709226e-08,6.525102946852712e-08,0.2778633795582948,0.0,2.9817304181278814e-08,-0.004171727535818186,5841,0.0036517695989459753,-0.005512582138180733,0.20065057353192947,0.009164351969957352,0.9032699880157508,0.0,0.07435432076454163,0.002435571514070034,0.1330980360507965,0.07480601966381073,0.0006022527813911438,0.020437659695744514,0.2268216609954834,0.06625598669052124,0.07420376688241959,0.9032699880157508,0.0,1,600000
0.01466790459692169,9.302918442699593e-06,-2.099758421536535e-05,0.2866133696206838,0.0,3.030050174857024e-05,-0.024999072193735192,5879,0.0013215842191129923,-0.0002990167122334242,0.23779554345977208,0.0016206009313464165,0.9447184895390373,0.00017009695526450075,0.7339352369308472,0.6566874384880066,0.6674478054046631,0.7341887950897217,0.0003380775451660156,0.009227832779288292,0.012394539080560207,0.7285934686660767,0.7338507175445557,0.9460367409423371,0.00017009695526450075,fifo_100k,0.013594993822738,3.906124845798331e-07,1.913798541863798e-08,0.10526315789473684,0.0,3.714744991611951e-07,0.0031876980474780108,38,0.019822031259536743,-0.043105363845825195,0.2894736842105263,0.06292739510536194,0.13157894736842105,0.0,0.7521042227745056,-0.11619334667921066,0.13878636062145233,0.7499909400939941,-0.002817869186401367,0.00849444791674614,0.010976285673677921,0.7473875880241394,0.7528088092803955,0.13157894736842105,0.0,0.0,0.9078122153876221,0.9176060173650673,0.8116066114819465,0.8125782635674548,0.7926314001667022,0.794864355911053,0.3531088651580099,0.35545153638943644,0.23894826640757288,0.0,0.00981688930342671,0.010540978259839084,0.8900338167493994,0.8891348354142122,0.7337234513346972,0.7334814683319708,0.00816782418736335,0.008825464046500135,-0.09066618367601073,True,0.01467488467043975,9.360898729937617e-06,-2.113430673489347e-05,0.28779318609827087,0.0,3.049520637432579e-05,-0.025058280597968014,5841,0.0012012252118438482,-2.0529842004179955e-05,0.2374593391542544,0.0012217550538480282,0.9500085601780517,0.0001712035610340695,0.7338171005249023,0.6617156267166138,0.6708871722221375,0.7340860366821289,0.0003586411476135254,0.009232603944838047,0.012403765693306923,0.7284711599349976,0.7337273955345154,0.9513353877760657,0.0001712035610340695,1,800000
2.999605311289533e-07,0.0,0.0,0.14694454256446485,0.0,0.0,,5662,0.47914883494377136,0.0011099278926849365,0.27181208053691275,0.4780389070510864,0.0,0.0,0.0,-0.07894767820835114,0.07894767820835114,0.0,0.0,0.0,0.0,0.0,0.0,0.0,0.0,fifo_100k,2.6950233979921554e-07,0.0,0.0,0.5,0.0,0.0,,32,0.45067304372787476,-0.002968043088912964,0.1875,0.4536410868167877,0.0,0.0,0.0,-0.7913125157356262,0.7913125157356262,0.0,0.0,0.0,0.0,0.0,0.0,0.0,0.0,0.0,0.0,0.0,0.0,0.0,0.0,0.0,0.0,0.0,,0.0,0.0,0.0,0.0,0.0,0.0,0.0,0.0,0.0,,False,3.001336505112893e-07,0.0,0.0,0.14493783303730018,0.0,0.0,,5630,0.47931066155433655,0.0011330842971801758,0.272291296625222,0.47817757725715637,0.0,0.0,0.0,-0.07489870488643646,0.07489870488643646,0.0,0.0,0.0,0.0,0.0,0.0,0.0,0.0,2,0
0.0017965528077675563,0.018231121823191643,5.184300243854523e-05,0.3274461321087955,0.022489108677734605,0.018179278820753098,-0.02259929535450841,5662,0.04862883314490318,2.9847025871276855e-05,0.24425997880607558,0.048598986119031906,0.9542564464853409,0.0,0.7424386143684387,0.6633269190788269,0.6702496409416199,0.7422745823860168,-0.0002186894416809082,0.003128176787868142,0.004265571944415569,0.7410287857055664,0.7424932718276978,0.954477216531261,0.0,fifo_100k,0.0009151277360197862,0.43065160512924194,0.0007831454277038574,0.4375,0.5,0.4298684597015381,0.49147041706334366,32,0.9320921897888184,0.0007290840148925781,0.5,0.9313631057739258,0.28125,0.0,0.7738727331161499,-0.01694478653371334,0.15000733733177185,0.7743676900863647,0.0006600022315979004,0.003198409453034401,0.004191611893475056,0.772310197353363,0.7737076878547668,0.28125,0.0,0.0,3.213846782076109,3.255278711069057,0.7830932605328984,0.7829305433894118,0.7719166724565855,0.7722307666995727,0.3070931541461374,0.31067614978775143,-0.04545581145407914,0.0,0.08354289564798115,0.08368395509520635,0.8023024345597913,0.8015384472185564,0.7125577990257826,0.7129926280426533,0.006078128216324304,0.006177574712227831,0.16168770741004668,False,0.0018015626838414332,0.01588699035346508,4.76837158203125e-05,0.3268206039076377,0.019775014801657786,0.015839306637644768,-0.023518303576432607,5630,0.04360736906528473,2.586841583251953e-05,0.2428063943161634,0.04358150064945221,0.9580817051509769,0.0,0.7422599196434021,0.6671934723854065,0.673206627368927,0.7420922517776489,-0.00022357702255249023,0.003127777250483632,0.0042659929022192955,0.7408509850502014,0.7423158288002014,0.958303730017762,0.0,2,200000
0.0031957160409242253,8.71205484145321e-05,6.333277269732207e-06,0.2829388908512893,0.0,8.078727114479989e-05,0.14806705269556567,5662,0.00022261784761212766,-1.0900446795858443e-05,0.14641469445425645,0.0002335182944079861,0.8940303779583186,0.0,0.40732142329216003,0.32662874460220337,0.38734370470046997,0.4055763781070709,-0.0023266971111297607,0.015311208553612232,0.03522473946213722,0.3981321156024933,0.4079030752182007,0.894560226068527,0.0,fifo_100k,0.00473697713396673,2.237595708720619e-06,3.878911911670002e-07,0.15625,0.0,1.8497045175536186e-06,0.4700966649282535,32,0.0005569234490394592,8.358494960702956e-05,0.46875,0.00047333849943242967,0.0625,0.0,0.38380032777786255,-0.40669816732406616,0.42544764280319214,0.38461434841156006,0.0010854005813598633,0.004730871878564358,0.010800737887620926,0.3810484707355499,0.3835289478302002,0.0625,0.0,0.0,0.0784453667611934,0.07436883022700842,0.4231059090941364,0.42096890964225114,0.4264311967559928,0.42446789869398655,0.02370424741338658,0.022565312206978466,0.18131368724561553,0.0,0.0002612955014822752,0.0005169037059468176,0.443593192485071,0.4480971461662682,0.3941302231855772,0.39490063703889644,0.00017138881272267556,0.00028408971501143234,0.24375999144258403,False,0.0031869557647293116,8.760300988797098e-05,6.367066816892475e-06,0.28365896980461813,0.0,8.123594307107851e-05,0.14817220772060072,5630,0.00022071771672926843,-1.1437485227361321e-05,0.14458259325044404,0.00023215520195662975,0.8987566607460036,0.0,0.40745508670806885,0.33079683780670166,0.38712719082832336,0.4056955575942993,-0.0023460686206817627,0.015371344983577728,0.035363562405109406,0.39822918176651,0.4080416262149811,0.8992895204262877,0.0,2,400000
5.672801305013621e-05,1.135032448473794e-06,-3.919164555554744e-06,0.2483221476510067,0.0,5.0541971177153755e-06,0.0001828353949596161,5662,0.04252372309565544,-0.007887426763772964,0.1605439773931473,0.050411149859428406,0.863299187566231,0.0,0.0037197857163846493,-0.07521712779998779,0.08167542517185211,0.0037305515725165606,1.4354707673192024e-05,0.00035416995524428785,0.08984038978815079,0.003563933540135622,0.0037161968648433685,0.863299187566231,0.0,fifo_100k,3.685791156705905e-05,0.00018763939442578703,-0.0006524084601551294,0.0625,0.0,0.0008400478400290012,0.00911034219383878,32,0.5192673802375793,0.10508105158805847,0.5,0.4141863286495209,0.0,0.0,0.0037795400712639093,-0.7876256108283997,0.7876256108283997,0.003686867654323578,-0.00012356345541775227,0.00035383732756599784,0.09196698665618896,0.0036439404357224703,0.00381043110974133,0.0,0.0,0.0,1.7620269567719845e-05,9.699812276323587e-06,0.003756874209240625,0.003819377844207262,0.00352201935763032,0.003537749294408549,5.948208782745538e-06,5.038851885580426e-06,-0.014363812421416846,0.0,3.486168938043339e-07,3.98465709956879e-07,0.003937436943693507,0.0038546698395743643,0.00328707745764071,0.0032711737919297722,2.2137624602321545e-07,2.4380558687944084e-07,-0.1050803495900441,False,5.684095145998675e-05,7.497197884731577e-08,-2.3325668507823138e-07,0.24937833037300178,0.0,3.0822866392554715e-07,-0.003853132335906914,5630,0.03981398418545723,-0.008529528975486755,0.1586145648312611,0.048343513160943985,0.8682060390763765,0.0,0.0037194460164755583,-0.07116791605949402,0.07766290754079819,0.0037307997699826956,1.513841561973095e-05,0.00035417184699326754,0.08982830494642258,0.003563478821888566,0.0037156613543629646,0.8682060390763765,0.0,2,600000
0.0013480869034724991,1.2703919765044702e-06,-1.4426684629142983e-06,0.2794065701165666,0.0,2.7130604394187685e-06,-0.005676369444420687,5662,0.0055552455596625805,0.0004772939719259739,0.22306605439773933,0.005077951587736607,0.9141646061462381,0.0,0.6058382987976074,0.5273023843765259,0.5687090158462524,0.6062500476837158,0.000549018383026123,0.019580867141485214,0.037346310913562775,0.5955581665039062,0.6057010293006897,0.9155775344401271,0.0,fifo_100k,0.0008802986427798139,1.6225373045131164e-08,-4.365089623092899e-09,0.0,0.0,2.0590462668224063e-08,-0.07368224053225557,32,0.0103224478662014,-0.0016047507524490356,0.25,0.011927198618650436,0.0625,0.0,0.4830552935600281,-0.30125465989112854,0.32729870080947876,0.4900578260421753,0.009336709976196289,0.02802427113056183,0.06577256321907043,0.4680821895599365,0.480721116065979,0.09375,0.0,0.0,0.002782515239184835,0.003020629622947605,0.6429520878180159,0.6388700558148962,0.5450713996589887,0.5440368846264985,0.0010037684822818387,0.0012330758834175441,-0.0646143283363809,0.0,0.00017576598308079934,0.00038694397524738377,0.6945329577692093,0.694650463840013,0.5745227339524884,0.5748264456356847,0.00014763550303135276,0.0003339568550928132,-0.10136301417282066,True,0.0013507457355048554,1.2775205959769664e-06,-1.4508434560411843e-06,0.28099467140319717,0.0,2.7283640520181507e-06,-0.005705959210084745,5630,0.005528149660676718,0.0004891282878816128,0.22291296625222023,0.005039021372795105,0.9190053285968028,0.0,0.6065361499786377,0.5320117473602295,0.5700811743736267,0.6069104075431824,0.0004990100860595703,0.01953287608921528,0.03718474134802818,0.5962827205657959,0.6064113974571228,0.9202486678507993,0.0,2,800000
2.1581706406042063e-07,0.0,0.0,0.23602135431300927,0.0,0.0,,7118,0.5286516547203064,0.002530992031097412,0.3013486934532172,0.526120662689209,0.0,0.0,0.0,-0.07339788973331451,0.07339788973331451,0.0,0.0,0.0,0.0,0.0,0.0,0.0,0.0,uniform_reservoir,2.281346881293274e-07,0.0,0.0,0.5333333333333333,0.0,0.0,,30,0.5694053173065186,0.009095072746276855,0.43333333333333335,0.5603102445602417,0.0,0.0,0.0,-0.6946001052856445,0.6946001052856445,0.0,0.0,0.0,0.0,0.0,0.0,0.0,0.0,0.0,0.0,0.0,0.0,0.0,0.0,0.0,0.0,0.0,,0.0,0.0,0.0,0.0,0.0,0.0,0.0,0.0,0.0,,False,2.1576492964703643e-07,0.0,0.0,0.23476297968397292,0.0,0.0,,7088,0.5284791588783264,0.00250321626663208,0.3007900677200903,0.5259759426116943,0.0,0.0,0.0,-0.07076864689588547,0.07076864689588547,0.0,0.0,0.0,0.0,0.0,0.0,0.0,0.0,0,0
0.0004883936458278602,0.003406402189284563,5.673686973750591e-05,0.23616184321438607,0.0034653929006275173,0.003349665319547057,-0.02395903988824167,7118,0.017024023458361626,0.00020866282284259796,0.26552402360213545,0.016815360635519028,0.9329867940432706,0.0,0.5181272029876709,0.4443432092666626,0.46715763211250305,0.5177410840988159,-0.0005148053169250488,0.0037818383425474167,0.008182065561413765,0.5162947773933411,0.518255889415741,0.9335136274234336,0.0,uniform_reservoir,0.0035391171093906563,0.3698560893535614,-0.004111558198928833,0.3333333333333333,0.4666666666666667,0.37396764755249023,0.0386359704232229,30,0.632878303527832,0.0003845691680908203,0.4,0.6324937343597412,0.23333333333333334,0.0,0.5443004369735718,-0.15196435153484344,0.23438814282417297,0.5426356792449951,-0.0022197365760803223,0.004925188608467579,0.009073964320123196,0.5417451858520508,0.5448554158210754,0.23333333333333334,0.0,0.0,0.5191806982876842,0.5471422873070524,0.4732209113176151,0.47323835470236325,0.5664888306973764,0.5669435282177565,0.12257861787300992,0.12497250190379723,-0.22423611599738527,0.0,0.003884356828979961,0.0044865596478805125,0.41146381145500277,0.4112962419728199,0.503227316758814,0.5038812438215767,0.0018383742685401249,0.0021140837886451233,-0.18658350471671406,False,0.00047548144155205835,0.0018554017879068851,7.43792625144124e-05,0.23575056433408578,0.0015048908954100827,0.0017810225253924727,-0.027575056530637153,7088,0.014417415484786034,0.00020791776478290558,0.2649548532731377,0.014209497720003128,0.9359480812641083,0.0,0.5180164575576782,0.44686710834503174,0.4681428372859955,0.5176357626914978,-0.0005075931549072266,0.003776998957619071,0.008178290911018848,0.5161870718002319,0.518143355846405,0.936477144469526,0.0,0,200000
0.004355909325916569,0.0027690960559993982,-3.037136048078537e-05,0.14020792357403766,0.0033249039992507257,0.0027994674164801836,0.042035118899464645,7118,0.00704556331038475,-0.0006482657045125961,0.20370890699634728,0.0076938290148973465,0.9613655521213824,0.2322281539758359,0.8879724740982056,0.8220570683479309,0.8323313593864441,0.8954549431800842,0.009976565837860107,0.036636240780353546,0.03443089872598648,0.8712606430053711,0.8854783773422241,0.9638943523461646,0.23637257656645125,uniform_reservoir,0.0038558221762447476,0.6502441167831421,-0.0035750269889831543,0.5333333333333333,0.7888888888888889,0.6538191437721252,0.35830218114035167,30,0.960879385471344,0.0085984468460083,0.3333333333333333,0.9522809386253357,0.6666666666666666,0.5333333333333333,1.5397815704345703,0.8579879999160767,1.0006872415542603,1.5525879859924316,0.017075061798095703,0.060794293880462646,0.043377045542001724,1.5098278522491455,1.535512924194336,0.6916666666666667,0.5333333333333333,0.20430107526881722,0.159533487275626,0.1682345695274692,0.9978511613863771,0.9755278117020071,1.1571012157094194,1.1453664729377668,0.07789986141248581,0.07181602057535863,0.07454499690340934,0.07228915662650602,0.004810537032441919,0.0044869496221316375,0.8805343975503761,0.8873804380376653,0.8889858201289055,0.8754486052894989,0.0022646136673817752,0.002120536064858331,0.15603953475754506,False,0.004358025947599716,2.865487476810813e-05,-1.5368190361186862e-05,0.13854401805869074,0.0,4.402306512929499e-05,0.0792520890094141,7088,0.0030084559693932533,-0.000687402905896306,0.20316027088036118,0.0036958588752895594,0.9626128668171557,0.23095372460496613,0.8852137327194214,0.8219048976898193,0.8316187262535095,0.8926736116409302,0.00994652509689331,0.03653399273753166,0.034393034875392914,0.8685578107833862,0.8827270865440369,0.9650465575620768,0.23511568848758466,0,400000
0.02587061275652767,0.002887899987399578,0.00027677579782903194,0.15313290250070244,0.0029034372951203522,0.002611124189570546,0.024949479457278725,7118,0.008166123181581497,-0.0021513495594263077,0.22042708626018545,0.010317472741007805,0.9492835066029783,0.23166619837032876,0.9985964894294739,0.9423031210899353,0.9530828595161438,1.0157009363174438,0.022805988788604736,0.11271265894174576,0.2005920112133026,0.9424169659614563,0.9928949475288391,0.9606982298398427,0.23654818769317223,uniform_reservoir,0.07191264579500059,0.6816614866256714,0.0642848014831543,0.5,0.6888888888888889,0.6173766851425171,0.17980276673905407,30,0.9975944757461548,0.06118065118789673,0.23333333333333334,0.9364138245582581,0.6,0.5333333333333333,1.7886463403701782,1.2216383218765259,1.3737064599990845,1.9162381887435913,0.17012238502502441,0.25865164399147034,0.1759176403284073,1.664667010307312,1.746115803718567,0.6666666666666666,0.5333333333333333,0.1881720430107527,0.05590748612602922,0.020190963135905408,1.1402482917552352,1.0216963102633805,1.3102627325555718,1.2958871453832443,0.03129901915091874,0.014264641959254382,0.04667617726983551,0.060240963855421686,0.0011026371735502118,0.0008589203652799921,1.0220935456005924,0.960833886421349,0.9890761387726201,0.9783803424456217,0.0005100173424786383,0.0003888604015230862,0.10435182398645228,False,0.02567573959186145,1.498738129157573e-05,5.861530553374905e-06,0.1516647855530474,0.0,9.125850738200825e-06,0.10838485246267425,7088,0.003978361375629902,-0.0024194028228521347,0.220372460496614,0.006397764198482037,0.9507618510158014,0.23038939051918736,0.9952526092529297,0.9411208033561707,0.9513026475906372,1.0118894577026367,0.022182464599609375,0.11209497600793839,0.2006964385509491,0.9393601417541504,0.9897069931030273,0.9619427200902935,0.2352920428893905,0,600000
0.06430829702451801,0.0027909111231565475,0.0006082004401832819,0.25217757797134027,0.0024819705909899783,0.0021827106829732656,0.032707298591530445,7118,0.005395966116338968,-0.0008020862005650997,0.22014610845743185,0.006198052316904068,0.9824388873279011,0.2162124192188817,0.7240894436836243,0.6651286482810974,0.6654994487762451,0.7385265827178955,0.01924949884414673,0.0911497101187706,0.12774330377578735,0.6747428178787231,0.7192770838737488,0.9894984546220849,0.23777746558021917,uniform_reservoir,0.09063437514646738,0.6611539721488953,0.14455580711364746,0.5,0.5888888888888889,0.5165981650352478,0.4223527848202078,30,0.9973178505897522,0.04442960023880005,0.06666666666666667,0.9528882503509521,0.8,0.5,1.0915507078170776,0.4403192400932312,0.4573797285556793,1.134919285774231,0.05782473087310791,0.13057886064052582,0.1422457993030548,1.0181187391281128,1.077094554901123,0.8333333333333334,0.525,0.11290322580645161,0.004278526726722518,0.0023645910400462967,0.7710243817619098,0.7169400998875233,0.8476916539691779,0.8305184487734563,0.003561992407916999,0.001984346065118007,0.010314598370400602,0.0,0.0024716384346337135,0.0019187051849586085,0.710077872118318,0.6458573480806198,0.7309600301772162,0.7055357414973104,0.001169034143561854,0.0009060606193073583,0.09281188875359618,True,0.06419687175029982,4.38574261352187e-06,-1.0589269550109748e-06,0.25112866817155755,0.0,5.444669568532845e-06,0.07830815842522067,7088,0.001197651494294405,-0.0009935291018337011,0.22079571106094809,0.002191180596128106,0.9832110609480813,0.21501128668171557,0.7225341796875,0.6660802364349365,0.6663803458213806,0.7368488311767578,0.019086182117462158,0.0909828171133995,0.1276819109916687,0.6732894778251648,0.7177626490592957,0.9901594243792325,0.23656179458239276,0,800000
2.860300197909368e-07,0.0,0.0,0.2030957645858139,0.0,0.0,,5879,0.4009321331977844,0.00015735626220703125,0.2480013607756421,0.4007747769355774,0.0,0.0,0.0,-0.07750140130519867,0.07750140130519867,0.0,0.0,0.0,0.0,0.0,0.0,0.0,0.0,uniform_reservoir,2.225743252247473e-07,0.0,0.0,0.42105263157894735,0.0,0.0,,38,0.39156797528266907,0.003329545259475708,0.2894736842105263,0.38823843002319336,0.0,0.0,0.0,-0.8661841154098511,0.8661841154098511,0.0,0.0,0.0,0.0,0.0,0.0,0.0,0.0,0.0,0.0,0.0,0.0,0.0,0.0,0.0,0.0,0.0,,0.0,0.0,0.0,0.0,0.0,0.0,0.0,0.0,0.0,,False,2.8644284574428643e-07,0.0,0.0,0.2016777948981339,0.0,0.0,,5841,0.4009930491447449,0.0001366734504699707,0.24773155281629858,0.4008563756942749,0.0,0.0,0.0,-0.07237043976783752,0.07237043976783752,0.0,0.0,0.0,0.0,0.0,0.0,0.0,0.0,1,0
0.001673336268263979,0.0023038755171000957,-1.486646942794323e-05,0.21517264840959346,0.002721551284232012,0.002318741986528039,-0.021122299339461012,5879,0.009274782612919807,1.568533480167389e-05,0.24102738560979758,0.009259097278118134,0.9285592787889096,0.0,0.6644394993782043,0.5868030786514282,0.6080181002616882,0.6643044948577881,-0.00018006563186645508,0.005594956688582897,0.009119316004216671,0.6617462038993835,0.6644845604896545,0.9292821908487838,0.0,uniform_reservoir,0.0035843565708084057,0.34923163056373596,-0.001376032829284668,0.13157894736842105,0.42105263157894735,0.35060766339302063,-0.04791398684691906,38,0.834381103515625,0.0011652708053588867,0.34210526315789475,0.8332158327102661,0.07894736842105263,0.0,0.6888235807418823,-0.17722398042678833,0.19399961829185486,0.6889602541923523,0.00018221139907836914,0.005871478468179703,0.00931256078183651,0.6856670379638672,0.6887780427932739,0.09868421052631579,0.0,0.0,0.920608427868121,0.9551014817917435,0.6381430249309066,0.636732664027222,0.7195385936754689,0.7204565505915642,0.26745359319250894,0.2694276214876,-0.08327051434115894,0.0,2.4727556000002412e-05,2.1573783026660105e-05,0.595998713464448,0.5960331529077857,0.6268734539227305,0.62657069087293,1.4559937426241997e-05,1.2943087217858164e-05,-0.17969024622422453,False,0.0016609036759858266,4.685521707870066e-05,-6.011185178067535e-06,0.21571648690292758,0.0,5.28664022567682e-05,-0.022457749383807697,5841,0.003906859550625086,8.20704735815525e-06,0.24036979969183359,0.0038986525032669306,0.9340866290018832,0.0,0.664280891418457,0.5917736887931824,0.6107116341590881,0.6641441583633423,-0.00018233060836791992,0.00559315737336874,0.009118059650063515,0.661590576171875,0.6643264889717102,0.9346858414655025,0.0,1,200000
0.004703593859338386,0.0029794354923069477,-6.386544555425644e-05,0.2607586324204797,0.0036854340307308497,0.003043300937861204,0.0039207942220060256,5879,0.009989865124225616,-0.0003660237416625023,0.30617451947610136,0.010355888865888119,1.0,1.0,2.5765671730041504,2.5010464191436768,2.5010464191436768,2.578547716140747,0.0026407241821289062,0.22780649363994598,0.09600640833377838,2.482203245162964,2.575906991958618,1.0,1.0,uniform_reservoir,0.0033683148692464325,0.45442748069763184,-0.009813427925109863,0.39473684210526316,0.5701754385964912,0.4642409086227417,0.03991838846417903,38,0.9923132658004761,-0.00452423095703125,0.21052631578947367,0.9968374967575073,1.0,1.0,4.007842540740967,3.140949249267578,3.140949249267578,4.007133483886719,-0.0009455680847167969,0.1768728345632553,0.056086670607328415,3.9196999073028564,4.0080790519714355,1.0,1.0,1.0,0.07513173225804316,0.1043432955540147,2.7375274285748232,2.712264168717177,3.2756922885983233,3.2892420795045485,0.052122459495929876,0.0731027478322778,-0.04258173233258824,1.0,5.8094277771184956e-05,7.92503807762768e-05,2.5730810815637764,2.7707703354382756,2.716243293067367,2.6852044087475964,4.047898342404441e-05,5.43444579724857e-05,-0.07138620616402265,False,0.004712280831025339,4.2433690396137536e-05,-4.3765248847194016e-07,0.2598870056497175,0.0,4.2871342884609476e-05,0.009248609927819576,5841,0.0035991293843835592,-0.00033897184766829014,0.30679678137305255,0.003938101232051849,1.0,1.0,2.5672554969787598,2.4968836307525635,2.4968836307525635,2.569253921508789,0.002664327621459961,0.22813785076141357,0.09626612067222595,2.472851514816284,2.566589593887329,1.0,1.0,1,400000
0.002942654245272661,0.004723818972706795,-0.0005007190629839897,0.34410614050008503,0.005839995464081193,0.0052245380356907845,0.0370737835914616,5879,0.010541999712586403,-0.002399217337369919,0.1542779384249022,0.012941217049956322,1.0,0.997958836536826,3.0710833072662354,2.984487295150757,2.984487295150757,3.0619890689849854,-0.012125253677368164,0.32765498757362366,0.11669496446847916,2.92952036857605,3.0741143226623535,1.0,0.9993621364177582,uniform_reservoir,0.012228636720693289,0.7137228846549988,-0.03961217403411865,0.0,0.9035087719298246,0.7533350586891174,0.18251497221306925,38,0.9869529604911804,0.0031183362007141113,0.5,0.9838346242904663,1.0,1.0,3.686251163482666,2.884284019470215,2.884284019470215,3.7504682540893555,0.08562254905700684,0.5725551247596741,0.17334075272083282,3.4063022136688232,3.6648457050323486,1.0,1.0,1.0,0.208683169472632,0.3595586005154884,2.888608884455553,2.8398831936455093,3.6658968880311544,3.780854430039269,0.11546374912240301,0.20288122090693772,0.22077509443347088,1.0,0.015895365416712815,0.018783923441296427,2.8547428774111197,2.8917314795532616,2.9814735983046208,2.89319092534581,0.007908767251947942,0.009274205795725752,0.14720453962209584,False,0.0028822421011079663,0.00011125928722321987,-0.00024627053062431514,0.34634480397192263,0.0,0.000357529817847535,0.05700631663072715,5841,0.004189728293567896,-0.002435114234685898,0.15202876219825373,0.006624842528253794,1.0,0.9979455572675912,3.0670809745788574,2.9851393699645996,2.9851393699645996,3.0575098991394043,-0.012761592864990234,0.3260617256164551,0.11632644385099411,2.9264185428619385,3.0702714920043945,1.0,0.9993579866461222,1,600000
0.017804645235595946,0.005300499033182859,0.0005945805460214615,0.23388331348868854,0.005443102568464024,0.004705918487161398,0.01423984465761303,5879,0.010448621585965157,-0.0030084270983934402,0.113114475250893,0.013457048684358597,1.0,0.999659806089471,5.175312042236328,5.081130504608154,5.081130504608154,5.158631324768066,-0.022240638732910156,0.5928884148597717,0.118537537753582,4.9249114990234375,5.180871963500977,1.0,0.9998299030447355,uniform_reservoir,0.030872179129212186,0.814090371131897,0.09239757061004639,0.34210526315789475,0.8421052631578947,0.7216928005218506,0.11470822012154015,38,0.9961817860603333,0.02322441339492798,0.42105263157894735,0.9729573726654053,1.0,1.0,5.606438159942627,4.652489185333252,4.652489185333252,5.518673896789551,-0.1170191764831543,1.2269786596298218,0.23592211306095123,5.064055442810059,5.635693073272705,1.0,1.0,0.9900497512437811,0.026030227390911344,0.01372826879934993,4.459816458213389,4.647854303246114,5.5415699076271805,5.5635167624355,0.016357781466196847,0.00850590741350412,0.05421169032189162,1.0,0.012329876772039335,0.011000765923942203,4.624464067545804,4.616248617268572,5.055255954493624,4.894498016471307,0.005785561159401594,0.005072474679998984,0.09373725560119871,True,0.017719631318808167,3.872616798616946e-05,-2.6660454750526696e-06,0.23317925012840268,0.0,4.139221346122213e-05,-0.03200158385266626,5841,0.0040357038378715515,-0.00317908963188529,0.1111111111111111,0.007214793469756842,1.0,0.9996575928779319,5.172506809234619,5.083919048309326,5.083919048309326,5.1562886238098145,-0.02162456512451172,0.5887631773948669,0.1177738606929779,4.924006462097168,5.177913188934326,1.0,0.9998287964389659,1,800000
2.999605311289533e-07,0.0,0.0,0.14694454256446485,0.0,0.0,,5662,0.47914883494377136,0.0011099278926849365,0.27181208053691275,0.4780389070510864,0.0,0.0,0.0,-0.07894767820835114,0.07894767820835114,0.0,0.0,0.0,0.0,0.0,0.0,0.0,0.0,uniform_reservoir,2.6950233979921554e-07,0.0,0.0,0.5,0.0,0.0,,32,0.45067304372787476,-0.002968043088912964,0.1875,0.4536410868167877,0.0,0.0,0.0,-0.7913125157356262,0.7913125157356262,0.0,0.0,0.0,0.0,0.0,0.0,0.0,0.0,0.0,0.0,0.0,0.0,0.0,0.0,0.0,0.0,0.0,,0.0,0.0,0.0,0.0,0.0,0.0,0.0,0.0,0.0,,False,3.001336505112893e-07,0.0,0.0,0.14493783303730018,0.0,0.0,,5630,0.47931066155433655,0.0011330842971801758,0.272291296625222,0.47817757725715637,0.0,0.0,0.0,-0.07489870488643646,0.07489870488643646,0.0,0.0,0.0,0.0,0.0,0.0,0.0,0.0,2,0
0.00046317425609041104,0.0040328591130673885,-1.4723744243383408e-05,0.3064288237371953,0.00282585658777817,0.004047582857310772,0.008175196950024825,5662,0.053980883210897446,0.00016558915376663208,0.2515012363122571,0.053815294057130814,0.9569056870363829,0.0,0.7596849799156189,0.6798824071884155,0.6858062744140625,0.7588301301002502,-0.0011397600173950195,0.008844039402902126,0.01572345942258835,0.7557820081710815,0.7599698901176453,0.9580978452843518,0.0,uniform_reservoir,0.002236848900549781,0.43708527088165283,0.0002739131450653076,0.28125,0.5,0.4368113577365875,-0.03236655128877428,32,0.9939811825752258,0.0003541111946105957,0.4375,0.9936270713806152,0.3125,0.0,0.7979494333267212,0.004793811589479446,0.11947157979011536,0.7961063385009766,-0.00245743989944458,0.006959748454391956,0.010577665641903877,0.7947401404380798,0.7985637784004211,0.328125,0.0,0.0,1.7114222627815776,1.7301225478372442,0.7592209311523986,0.7572669085979877,0.8283872550091107,0.828829936780134,0.45600176938764714,0.45743905640062377,-0.06295978513858931,0.0,0.022255690809259016,0.022620862600037536,0.7875082675487765,0.790038126771168,0.7350369558982689,0.7371575235571466,0.007983814535096832,0.008061811869688332,-0.257279600924825,False,0.00045309297924801324,0.001571460161358118,-1.636403612792492e-05,0.30657193605683836,0.0,0.001587824197486043,0.008208057521312203,5630,0.048638083040714264,0.0001645311713218689,0.25044404973357015,0.048473551869392395,0.9605683836589698,0.0,0.7594674229621887,0.6837195158004761,0.6890252232551575,0.7586182355880737,-0.001132369041442871,0.008854749612510204,0.015752708539366722,0.755560576915741,0.7597506046295166,0.9616785079928952,0.0,2,200000
0.0043151876006729765,0.0025243964046239853,7.84359872341156e-05,0.29618509360649947,0.0027669845755327917,0.0024459604173898697,0.04404190982977678,5662,0.01208428293466568,0.0015142783522605896,0.3175556340515719,0.01057000458240509,0.8807841752031085,0.0,0.14137296378612518,0.06224463880062103,0.14904271066188812,0.14119231700897217,-0.00024084746837615967,0.012125055305659771,0.08355741202831268,0.1350686401128769,0.14143316447734833,0.8824620275521017,0.0,uniform_reservoir,0.004274669998582819,0.43121203780174255,0.009010612964630127,0.34375,0.4895833333333333,0.4222014248371124,0.1827314016637364,32,0.6122997999191284,0.03777593374252319,0.46875,0.5745238661766052,0.125,0.0,0.44517987966537476,-0.3460121750831604,0.37397265434265137,0.4453003406524658,0.00016057491302490234,0.005151874851435423,0.05633094161748886,0.4427325129508972,0.4451397657394409,0.125,0.0,0.0,1.120796267908521,1.1349049891930014,0.30045137944489875,0.3046764886107485,0.3086685746284635,0.3091324521772715,0.1641591416357367,0.1647894309590606,0.04366523044561756,0.0,0.0005275863927159487,0.0005979782494817896,0.2468272749214403,0.32430061306403846,0.16447415329531906,0.16759224001541403,0.0002536518630152071,0.00025134971503514226,0.09209451809336079,False,0.004315417896102264,8.780611824477091e-05,2.7667269023368135e-05,0.2959147424511545,0.0,6.013884922140278e-05,0.14484712083419235,5630,0.00867275521159172,0.0013081715442240238,0.316696269982238,0.007364583667367697,0.8850799289520427,0.0,0.13964617252349854,0.06456509977579117,0.14776423573493958,0.13946381211280823,-0.0002431422472000122,0.012164688669145107,0.0837121531367302,0.1333199143409729,0.13970695436000824,0.8867673179396093,0.0,2,400000
0.15214120909156353,0.0044105700217187405,0.0006189737468957901,0.2417873542917697,0.0043565289061580125,0.0037915962748229504,-0.09282677553602815,5662,0.015836218371987343,-0.018955210223793983,0.21918050158954433,0.034791428595781326,1.0,1.0,6.727245330810547,6.722617149353027,6.722617149353027,6.8015642166137695,0.0990915298461914,1.8291674852371216,0.2993009388446808,5.980618476867676,6.702472686767578,1.0,1.0,uniform_reservoir,0.15526278428367918,0.7756010890007019,0.11369943618774414,0.40625,0.7708333333333334,0.6619016528129578,-0.7395717561515739,32,0.9994901418685913,0.16010445356369019,0.53125,0.8393856883049011,1.0,1.0,5.147759437561035,3.8935961723327637,3.8935961723327637,4.684908866882324,-0.6171340942382812,3.2506299018859863,0.6373640298843384,3.972357749938965,5.3020429611206055,1.0,1.0,1.0,4.495346313431913e-05,0.00039677791005475563,4.817614752584727,5.249984994608694,6.190666500396209,6.36960032851149,3.66900725065121e-05,0.0003164010451774029,0.05606615603274996,1.0,0.0035532579085057595,0.0034055985541790717,4.9759488990229945,5.047353943188986,5.559128315328212,5.157771145556307,0.001682146031769241,0.0014507959399604055,-0.1257752043423037,False,0.15212346656826914,2.724903606576845e-05,-2.3756550945108756e-05,0.2408525754884547,0.0,5.100558701087721e-05,-0.0706071920005388,5630,0.010245289653539658,-0.01997295580804348,0.21740674955595027,0.030218245461583138,1.0,1.0,6.736223220825195,6.738696098327637,6.738696098327637,6.813594818115234,0.10316276550292969,1.821088194847107,0.29737940430641174,5.992033004760742,6.710432052612305,1.0,1.0,2,600000
0.029767011117332622,0.00458655646070838,0.0008515564259141684,0.27234192864712115,0.0042976568939126335,0.0037350000347942114,-0.03693145383410162,5662,0.009782305918633938,-0.0017045605927705765,0.1273401624867538,0.011486866511404514,0.9982338396326387,0.7006358177322501,1.897390604019165,1.7998887300491333,1.7998887300491333,1.8788362741470337,-0.024738788604736328,0.2514059543609619,0.1354876309633255,1.773590087890625,1.90357506275177,0.9995584599081596,0.7105704697986577,uniform_reservoir,0.11201487766673547,0.7924525737762451,0.14180141687393188,0.6875,0.7604166666666666,0.6506511569023132,-0.5068160239686326,32,0.9986757040023804,0.24789541959762573,0.5,0.7507802844047546,1.0,1.0,2.758025646209717,1.8434836864471436,1.8434836864471436,2.634795904159546,-0.1643061637878418,0.2677421569824219,0.09422590583562851,2.6085028648376465,2.7991020679473877,1.0,1.0,0.6282722513089005,0.028665325679889875,0.006703726800263736,1.7479228634796842,1.8717399623901638,2.361876211699515,2.401856245413923,0.020085609784970627,0.004985149320131819,-0.021025820073006244,0.41935483870967744,0.0031188766593767663,0.002386339497739374,1.599516317729027,1.6631659086673494,1.9317784949389112,1.9479995585108711,0.00149514088128799,0.0011200010504650436,0.06029274918748847,True,0.029299527684014524,0.00010845511133084074,5.042045813752338e-05,0.2699822380106572,0.0,5.8034653193317354e-05,-0.01937530541603607,5630,0.004161597695201635,-0.003123246133327484,0.12522202486678508,0.0072848438285291195,0.9982238010657194,0.6989342806394316,1.8924988508224487,1.7996407747268677,1.7996407747268677,1.8745396137237549,-0.02394568920135498,0.25131309032440186,0.13572217524051666,1.768844723701477,1.8984853029251099,0.9995559502664298,0.7089253996447602,2,800000
