arm,input_unchanged,kind,path,seed,sha256_after,sha256_before,size_bytes,step
current_old_50_50,True,head_predictions,/home/localadmin/experiment_logs/minigrid/sequential_baseline_12m_v1/diagnostics/head/current_old_50_50/seed_0000/step_000000000000/predictions.npz,0,e3159a5f3dd68e1a71f1ec33345198a068855687667852000130cba404cf92f1,e3159a5f3dd68e1a71f1ec33345198a068855687667852000130cba404cf92f1,1112612,0
current_old_50_50,True,head_summary,/home/localadmin/experiment_logs/minigrid/sequential_baseline_12m_v1/diagnostics/head/current_old_50_50/seed_0000/step_000000000000/summary.json,0,34e6d6e515a16faba94634aa9a5b62cde2225b122f6ecddc94ca456323cd0930,34e6d6e515a16faba94634aa9a5b62cde2225b122f6ecddc94ca456323cd0930,70003,0
current_old_50_50,True,critic_rollouts,/home/localadmin/experiment_logs/minigrid/sequential_baseline_12m_v1/diagnostics/critic_provenance/current_old_50_50/seed_0000/step_000000000000/rollout_summary.csv,0,e3880208bddae21155a28e18d0fd2434a7a132ebcf75916a3ad122e4f8b6dda1,e3880208bddae21155a28e18d0fd2434a7a132ebcf75916a3ad122e4f8b6dda1,1474950,0
current_old_50_50,True,critic_summary,/home/localadmin/experiment_logs/minigrid/sequential_baseline_12m_v1/diagnostics/critic_provenance/current_old_50_50/seed_0000/step_000000000000/summary.json,0,e7590151e6404aba1386b9e76af1f32864dd9f7f770869f2a9104d574d811e31,e7590151e6404aba1386b9e76af1f32864dd9f7f770869f2a9104d574d811e31,94094,0
current_old_50_50,True,head_predictions,/home/localadmin/experiment_logs/minigrid/sequential_baseline_12m_v1/diagnostics/head/current_old_50_50/seed_0000/step_000000200000/predictions.npz,0,c30209f380872b8ce152f94e6b93818d0d4373ed0f57d775b7478f27355d6af5,c30209f380872b8ce152f94e6b93818d0d4373ed0f57d775b7478f27355d6af5,2156692,200000
current_old_50_50,True,head_summary,/home/localadmin/experiment_logs/minigrid/sequential_baseline_12m_v1/diagnostics/head/current_old_50_50/seed_0000/step_000000200000/summary.json,0,9072a7d9ee3f252fbe523dede0723fb4c5c41306d3df50eb3576e2940c7df014,9072a7d9ee3f252fbe523dede0723fb4c5c41306d3df50eb3576e2940c7df014,98058,200000
current_old_50_50,True,critic_rollouts,/home/localadmin/experiment_logs/minigrid/sequential_baseline_12m_v1/diagnostics/critic_provenance/current_old_50_50/seed_0000/step_000000200000/rollout_summary.csv,0,ce4200e6393749033815e9b53cf3255ea71cf1fabacb1507aa5f6a2199dc4f7b,ce4200e6393749033815e9b53cf3255ea71cf1fabacb1507aa5f6a2199dc4f7b,3252855,200000
current_old_50_50,True,critic_summary,/home/localadmin/experiment_logs/minigrid/sequential_baseline_12m_v1/diagnostics/critic_provenance/current_old_50_50/seed_0000/step_000000200000/summary.json,0,c7a2d6f34d1543b6cc4019c9a654c87485d01cbad1cdd1748c6b0dd313b64d60,c7a2d6f34d1543b6cc4019c9a654c87485d01cbad1cdd1748c6b0dd313b64d60,114019,200000
current_old_50_50,True,head_predictions,/home/localadmin/experiment_logs/minigrid/sequential_baseline_12m_v1/diagnostics/head/current_old_50_50/seed_0000/step_000000400000/predictions.npz,0,252ac544d2919cffe686d5ef9a12d12a284bf52e452557b890bd26ce6df99eea,252ac544d2919cffe686d5ef9a12d12a284bf52e452557b890bd26ce6df99eea,2223337,400000
current_old_50_50,True,head_summary,/home/localadmin/experiment_logs/minigrid/sequential_baseline_12m_v1/diagnostics/head/current_old_50_50/seed_0000/step_000000400000/summary.json,0,c77f4ea250553b08da482fa305a2fae2bed4904832677adf824e066fe7804d59,c77f4ea250553b08da482fa305a2fae2bed4904832677adf824e066fe7804d59,98502,400000
current_old_50_50,True,critic_rollouts,/home/localadmin/experiment_logs/minigrid/sequential_baseline_12m_v1/diagnostics/critic_provenance/current_old_50_50/seed_0000/step_000000400000/rollout_summary.csv,0,a980d999734ef1ecac8066a47987c89ebc507447c2c7ccd61cfe03604d9a8fa2,a980d999734ef1ecac8066a47987c89ebc507447c2c7ccd61cfe03604d9a8fa2,3244752,400000
current_old_50_50,True,critic_summary,/home/localadmin/experiment_logs/minigrid/sequential_baseline_12m_v1/diagnostics/critic_provenance/current_old_50_50/seed_0000/step_000000400000/summary.json,0,84a2bdf6f822bead0a6cfd652c66568a7d3f26540549276d20b030029c5331ad,84a2bdf6f822bead0a6cfd652c66568a7d3f26540549276d20b030029c5331ad,114135,400000
current_old_50_50,True,head_predictions,/home/localadmin/experiment_logs/minigrid/sequential_baseline_12m_v1/diagnostics/head/current_old_50_50/seed_0000/step_000000600000/predictions.npz,0,86a689c25a0ca3d18de619a587341406d2ecc0691c906ed332bceab7cf819a4a,86a689c25a0ca3d18de619a587341406d2ecc0691c906ed332bceab7cf819a4a,2306432,600000
current_old_50_50,True,head_summary,/home/localadmin/experiment_logs/minigrid/sequential_baseline_12m_v1/diagnostics/head/current_old_50_50/seed_0000/step_000000600000/summary.json,0,fdaadbab560e3735b8d7d71c6627580370f6c5c4960cc1ef6505166c7cf5a3db,fdaadbab560e3735b8d7d71c6627580370f6c5c4960cc1ef6505166c7cf5a3db,97987,600000
current_old_50_50,True,critic_rollouts,/home/localadmin/experiment_logs/minigrid/sequential_baseline_12m_v1/diagnostics/critic_provenance/current_old_50_50/seed_0000/step_000000600000/rollout_summary.csv,0,bd4cfe5342b16c778ad8f6cf1456fedf3f0db1e41a0a1391fde10db757ccb988,bd4cfe5342b16c778ad8f6cf1456fedf3f0db1e41a0a1391fde10db757ccb988,3201332,600000
current_old_50_50,True,critic_summary,/home/localadmin/experiment_logs/minigrid/sequential_baseline_12m_v1/diagnostics/critic_provenance/current_old_50_50/seed_0000/step_000000600000/summary.json,0,fd16cd32c13647421682307dcbfd2035b5bba5fb9b6d3f0ac7a7f36d15e36da7,fd16cd32c13647421682307dcbfd2035b5bba5fb9b6d3f0ac7a7f36d15e36da7,113149,600000
current_old_50_50,True,head_predictions,/home/localadmin/experiment_logs/minigrid/sequential_baseline_12m_v1/diagnostics/head/current_old_50_50/seed_0000/step_000000800000/predictions.npz,0,24219209c6b34a3cca77ad16df93a738db2c561c0462286b834d4dc54d8356f0,24219209c6b34a3cca77ad16df93a738db2c561c0462286b834d4dc54d8356f0,2288842,800000
current_old_50_50,True,head_summary,/home/localadmin/experiment_logs/minigrid/sequential_baseline_12m_v1/diagnostics/head/current_old_50_50/seed_0000/step_000000800000/summary.json,0,605a20468acdeee1a749d3f70621f8fae70590be5b72c3f10055dfef074b0362,605a20468acdeee1a749d3f70621f8fae70590be5b72c3f10055dfef074b0362,98518,800000
current_old_50_50,True,critic_rollouts,/home/localadmin/experiment_logs/minigrid/sequential_baseline_12m_v1/diagnostics/critic_provenance/current_old_50_50/seed_0000/step_000000800000/rollout_summary.csv,0,a83f0af524ff5e21db361720afc847e75b5d1abcb857383600ea61790512eb48,a83f0af524ff5e21db361720afc847e75b5d1abcb857383600ea61790512eb48,3244404,800000
current_old_50_50,True,critic_summary,/home/localadmin/experiment_logs/minigrid/sequential_baseline_12m_v1/diagnostics/critic_provenance/current_old_50_50/seed_0000/step_000000800000/summary.json,0,770c354cd95e43bb2658c88e8dbecb8dd4d6af850b7b4c0d19258c22f3b54982,770c354cd95e43bb2658c88e8dbecb8dd4d6af850b7b4c0d19258c22f3b54982,114153,800000
current_old_50_50,True,head_predictions,/home/localadmin/experiment_logs/minigrid/sequential_baseline_12m_v1/diagnostics/head/current_old_50_50/seed_0001/step_000000000000/predictions.npz,1,e9ef1388c40dd23dbccef8af6ca768b7ef6d218e05c4e94e506e783c37503027,e9ef1388c40dd23dbccef8af6ca768b7ef6d218e05c4e94e506e783c37503027,920955,0
current_old_50_50,True,head_summary,/home/localadmin/experiment_logs/minigrid/sequential_baseline_12m_v1/diagnostics/head/current_old_50_50/seed_0001/step_000000000000/summary.json,1,c67e7ca1a5de471790bd277f1ca0ad03159d5c510121792e8e4e568e5b4e7881,c67e7ca1a5de471790bd277f1ca0ad03159d5c510121792e8e4e568e5b4e7881,72190,0
current_old_50_50,True,critic_rollouts,/home/localadmin/experiment_logs/minigrid/sequential_baseline_12m_v1/diagnostics/critic_provenance/current_old_50_50/seed_0001/step_000000000000/rollout_summary.csv,1,8f8175cc360a6675284e3c595b6bdc994fcb90a7f8df062b808e0c7e44eba05f,8f8175cc360a6675284e3c595b6bdc994fcb90a7f8df062b808e0c7e44eba05f,1561903,0
current_old_50_50,True,critic_summary,/home/localadmin/experiment_logs/minigrid/sequential_baseline_12m_v1/diagnostics/critic_provenance/current_old_50_50/seed_0001/step_000000000000/summary.json,1,84015af3011c3b94ba0db90e419c04ffb77b5e515e28381137ac9d26fdd9cf44,84015af3011c3b94ba0db90e419c04ffb77b5e515e28381137ac9d26fdd9cf44,94238,0
current_old_50_50,True,head_predictions,/home/localadmin/experiment_logs/minigrid/sequential_baseline_12m_v1/diagnostics/head/current_old_50_50/seed_0001/step_000000200000/predictions.npz,1,3bdf31a7617a3399a08073cecba48d7b03d809630a5d2d90ad1a83fdb667c010,3bdf31a7617a3399a08073cecba48d7b03d809630a5d2d90ad1a83fdb667c010,1811750,200000
current_old_50_50,True,head_summary,/home/localadmin/experiment_logs/minigrid/sequential_baseline_12m_v1/diagnostics/head/current_old_50_50/seed_0001/step_000000200000/summary.json,1,1cff44286ca945349f35028ec97b2715162d230cd31c256a869e7762ba94a449,1cff44286ca945349f35028ec97b2715162d230cd31c256a869e7762ba94a449,100826,200000
current_old_50_50,True,critic_rollouts,/home/localadmin/experiment_logs/minigrid/sequential_baseline_12m_v1/diagnostics/critic_provenance/current_old_50_50/seed_0001/step_000000200000/rollout_summary.csv,1,d1fa6be442a08dfe21c0ca75f545ea227ee9d85a1db5671d7e382151d4acf0e4,d1fa6be442a08dfe21c0ca75f545ea227ee9d85a1db5671d7e382151d4acf0e4,3427005,200000
current_old_50_50,True,critic_summary,/home/localadmin/experiment_logs/minigrid/sequential_baseline_12m_v1/diagnostics/critic_provenance/current_old_50_50/seed_0001/step_000000200000/summary.json,1,e291e7366022c4e20663962da4cb271b3c7e2cb09adfbea1f6a6806fcd486060,e291e7366022c4e20663962da4cb271b3c7e2cb09adfbea1f6a6806fcd486060,114408,200000
current_old_50_50,True,head_predictions,/home/localadmin/experiment_logs/minigrid/sequential_baseline_12m_v1/diagnostics/head/current_old_50_50/seed_0001/step_000000400000/predictions.npz,1,6fb4f1f5ddadfe0e4a4e1008d80a047a5c91dabb548b5d5e78c0a588c848c414,6fb4f1f5ddadfe0e4a4e1008d80a047a5c91dabb548b5d5e78c0a588c848c414,1779540,400000
current_old_50_50,True,head_summary,/home/localadmin/experiment_logs/minigrid/sequential_baseline_12m_v1/diagnostics/head/current_old_50_50/seed_0001/step_000000400000/summary.json,1,0d8bf232333ec98743049e111a91b3f57c26d98f5423ff11ecfe675ce4a70d92,0d8bf232333ec98743049e111a91b3f57c26d98f5423ff11ecfe675ce4a70d92,101724,400000
current_old_50_50,True,critic_rollouts,/home/localadmin/experiment_logs/minigrid/sequential_baseline_12m_v1/diagnostics/critic_provenance/current_old_50_50/seed_0001/step_000000400000/rollout_summary.csv,1,c61043830f54cb5c973fd857db56261c92eb4c805273b9365416cf9f6f6b95d8,c61043830f54cb5c973fd857db56261c92eb4c805273b9365416cf9f6f6b95d8,3418559,400000
current_old_50_50,True,critic_summary,/home/localadmin/experiment_logs/minigrid/sequential_baseline_12m_v1/diagnostics/critic_provenance/current_old_50_50/seed_0001/step_000000400000/summary.json,1,30ecc6947f0908ce243cb7b144dfa3a921ecafe6e3f7ad944d6ef6883f9ae307,30ecc6947f0908ce243cb7b144dfa3a921ecafe6e3f7ad944d6ef6883f9ae307,114612,400000
current_old_50_50,True,head_predictions,/home/localadmin/experiment_logs/minigrid/sequential_baseline_12m_v1/diagnostics/head/current_old_50_50/seed_0001/step_000000600000/predictions.npz,1,59bc62f11e605767b245c2c718d808b4696a47332ece3a39017fc2396fe10c38,59bc62f11e605767b245c2c718d808b4696a47332ece3a39017fc2396fe10c38,1794341,600000
current_old_50_50,True,head_summary,/home/localadmin/experiment_logs/minigrid/sequential_baseline_12m_v1/diagnostics/head/current_old_50_50/seed_0001/step_000000600000/summary.json,1,76c7389ccb8b29251dd95f4c446292721f4192247bdcc60a610ddec06c3fe0ad,76c7389ccb8b29251dd95f4c446292721f4192247bdcc60a610ddec06c3fe0ad,101553,600000
current_old_50_50,True,critic_rollouts,/home/localadmin/experiment_logs/minigrid/sequential_baseline_12m_v1/diagnostics/critic_provenance/current_old_50_50/seed_0001/step_000000600000/rollout_summary.csv,1,e0e88a2f1ba4f041f82d54a6a50b3ffad47cf8f6b56b80f258e7f650cdd3d4a5,e0e88a2f1ba4f041f82d54a6a50b3ffad47cf8f6b56b80f258e7f650cdd3d4a5,3380225,600000
current_old_50_50,True,critic_summary,/home/localadmin/experiment_logs/minigrid/sequential_baseline_12m_v1/diagnostics/critic_provenance/current_old_50_50/seed_0001/step_000000600000/summary.json,1,51e9c9ad9f2c9a0ede59a709035d1fd0350779dce5da9d2e8f88a90201d64c47,51e9c9ad9f2c9a0ede59a709035d1fd0350779dce5da9d2e8f88a90201d64c47,114143,600000
current_old_50_50,True,head_predictions,/home/localadmin/experiment_logs/minigrid/sequential_baseline_12m_v1/diagnostics/head/current_old_50_50/seed_0001/step_000000800000/predictions.npz,1,19da0b35e3b98acbf04a0b3a4ee6e1b74ca538e4a6ba44e5ef6eb576bbf9971e,19da0b35e3b98acbf04a0b3a4ee6e1b74ca538e4a6ba44e5ef6eb576bbf9971e,1891532,800000
current_old_50_50,True,head_summary,/home/localadmin/experiment_logs/minigrid/sequential_baseline_12m_v1/diagnostics/head/current_old_50_50/seed_0001/step_000000800000/summary.json,1,bb2b63ad26dd02552ccba7fb8d09e3dd7a805048eda0e0e5b3e12e6925b0f9b9,bb2b63ad26dd02552ccba7fb8d09e3dd7a805048eda0e0e5b3e12e6925b0f9b9,101751,800000
current_old_50_50,True,critic_rollouts,/home/localadmin/experiment_logs/minigrid/sequential_baseline_12m_v1/diagnostics/critic_provenance/current_old_50_50/seed_0001/step_000000800000/rollout_summary.csv,1,848026cb5a112334531730bccd7bd5fe6f00b8e5b7ecd3f2bb7f2d6d9f4e12f5,848026cb5a112334531730bccd7bd5fe6f00b8e5b7ecd3f2bb7f2d6d9f4e12f5,3406417,800000
current_old_50_50,True,critic_summary,/home/localadmin/experiment_logs/minigrid/sequential_baseline_12m_v1/diagnostics/critic_provenance/current_old_50_50/seed_0001/step_000000800000/summary.json,1,260c9b2fca4e667c6ef7dbc12f2c06a86846808cb4d2c7ea7eeebc407a69f817,260c9b2fca4e667c6ef7dbc12f2c06a86846808cb4d2c7ea7eeebc407a69f817,114082,800000
current_old_50_50,True,head_predictions,/home/localadmin/experiment_logs/minigrid/sequential_baseline_12m_v1/diagnostics/head/current_old_50_50/seed_0002/step_000000000000/predictions.npz,2,f08519bd9eccc8befb8ada882115545ee92466531454d56d4389299eae25550f,f08519bd9eccc8befb8ada882115545ee92466531454d56d4389299eae25550f,884134,0
current_old_50_50,True,head_summary,/home/localadmin/experiment_logs/minigrid/sequential_baseline_12m_v1/diagnostics/head/current_old_50_50/seed_0002/step_000000000000/summary.json,2,38b79c99fe2abe3d5977c61449a2d588fdefedfa32f7e5feeef652037a1519a0,38b79c99fe2abe3d5977c61449a2d588fdefedfa32f7e5feeef652037a1519a0,70000,0
current_old_50_50,True,critic_rollouts,/home/localadmin/experiment_logs/minigrid/sequential_baseline_12m_v1/diagnostics/critic_provenance/current_old_50_50/seed_0002/step_000000000000/rollout_summary.csv,2,a54ea4ab26ace41bb4be1dd5befbcf76863b0bf0a53f602c14330415d1e0298a,a54ea4ab26ace41bb4be1dd5befbcf76863b0bf0a53f602c14330415d1e0298a,1491252,0
current_old_50_50,True,critic_summary,/home/localadmin/experiment_logs/minigrid/sequential_baseline_12m_v1/diagnostics/critic_provenance/current_old_50_50/seed_0002/step_000000000000/summary.json,2,c4abdfc8c40209c80be0e34a2ef4aeac00dad90d7c2f8d04c29106a9add270f4,c4abdfc8c40209c80be0e34a2ef4aeac00dad90d7c2f8d04c29106a9add270f4,94105,0
current_old_50_50,True,head_predictions,/home/localadmin/experiment_logs/minigrid/sequential_baseline_12m_v1/diagnostics/head/current_old_50_50/seed_0002/step_000000200000/predictions.npz,2,70cc3a2905388df7ffe0cd59dd8053532aed07396c019ff0782868988d375b31,70cc3a2905388df7ffe0cd59dd8053532aed07396c019ff0782868988d375b31,1719863,200000
current_old_50_50,True,head_summary,/home/localadmin/experiment_logs/minigrid/sequential_baseline_12m_v1/diagnostics/head/current_old_50_50/seed_0002/step_000000200000/summary.json,2,a083642edb2e4957c9fe79543e375c0a1a60bbd784b1fc5feede4e927e5a9c80,a083642edb2e4957c9fe79543e375c0a1a60bbd784b1fc5feede4e927e5a9c80,98662,200000
current_old_50_50,True,critic_rollouts,/home/localadmin/experiment_logs/minigrid/sequential_baseline_12m_v1/diagnostics/critic_provenance/current_old_50_50/seed_0002/step_000000200000/rollout_summary.csv,2,e64150c4a154572afcceec9f8ec6f29df585c8e7a0799eec936c960b2dcd8e4a,e64150c4a154572afcceec9f8ec6f29df585c8e7a0799eec936c960b2dcd8e4a,3262823,200000
current_old_50_50,True,critic_summary,/home/localadmin/experiment_logs/minigrid/sequential_baseline_12m_v1/diagnostics/critic_provenance/current_old_50_50/seed_0002/step_000000200000/summary.json,2,602b7d94993ff34cc558010af67ed24d8c6d1c57c67407cd161b015c0adf5c51,602b7d94993ff34cc558010af67ed24d8c6d1c57c67407cd161b015c0adf5c51,114030,200000
current_old_50_50,True,head_predictions,/home/localadmin/experiment_logs/minigrid/sequential_baseline_12m_v1/diagnostics/head/current_old_50_50/seed_0002/step_000000400000/predictions.npz,2,1d15d9a7fbe2853c12d3672338c9e5f64c4d4b979d5cb698798e7a457145d737,1d15d9a7fbe2853c12d3672338c9e5f64c4d4b979d5cb698798e7a457145d737,1749949,400000
current_old_50_50,True,head_summary,/home/localadmin/experiment_logs/minigrid/sequential_baseline_12m_v1/diagnostics/head/current_old_50_50/seed_0002/step_000000400000/summary.json,2,5729f0c34f276e9e9c874d30c351f1675719ff33b7f49e73a921d61fff933eb0,5729f0c34f276e9e9c874d30c351f1675719ff33b7f49e73a921d61fff933eb0,98004,400000
current_old_50_50,True,critic_rollouts,/home/localadmin/experiment_logs/minigrid/sequential_baseline_12m_v1/diagnostics/critic_provenance/current_old_50_50/seed_0002/step_000000400000/rollout_summary.csv,2,790b5766a9fb71310d4d186652353208ff99b83b0d87c3007c05fd6540d737da,790b5766a9fb71310d4d186652353208ff99b83b0d87c3007c05fd6540d737da,3294902,400000
current_old_50_50,True,critic_summary,/home/localadmin/experiment_logs/minigrid/sequential_baseline_12m_v1/diagnostics/critic_provenance/current_old_50_50/seed_0002/step_000000400000/summary.json,2,e5b8e0dc4d746ddfc343654c71b6acd5dda3f5633e033b18efd5c00bba0c7b13,e5b8e0dc4d746ddfc343654c71b6acd5dda3f5633e033b18efd5c00bba0c7b13,114936,400000
current_old_50_50,True,head_predictions,/home/localadmin/experiment_logs/minigrid/sequential_baseline_12m_v1/diagnostics/head/current_old_50_50/seed_0002/step_000000600000/predictions.npz,2,a6740a17801cc2e23ddc17a3f1e2028945874df03da521802c2f527fc5d11c2b,a6740a17801cc2e23ddc17a3f1e2028945874df03da521802c2f527fc5d11c2b,1812903,600000
current_old_50_50,True,head_summary,/home/localadmin/experiment_logs/minigrid/sequential_baseline_12m_v1/diagnostics/head/current_old_50_50/seed_0002/step_000000600000/summary.json,2,36e36c9b72dfa9f4d032bf03ad835591774cb9ca6096c5bf4204bcc0f2b86834,36e36c9b72dfa9f4d032bf03ad835591774cb9ca6096c5bf4204bcc0f2b86834,98105,600000
current_old_50_50,True,critic_rollouts,/home/localadmin/experiment_logs/minigrid/sequential_baseline_12m_v1/diagnostics/critic_provenance/current_old_50_50/seed_0002/step_000000600000/rollout_summary.csv,2,1d50375b68a4cdb7d03438ca54f6aacb0bd5e268e49f51f97cea4f90054f7316,1d50375b68a4cdb7d03438ca54f6aacb0bd5e268e49f51f97cea4f90054f7316,3252275,600000
current_old_50_50,True,critic_summary,/home/localadmin/experiment_logs/minigrid/sequential_baseline_12m_v1/diagnostics/critic_provenance/current_old_50_50/seed_0002/step_000000600000/summary.json,2,6292ad4e69d0b698db223cdf8bde3ffcc9728a6ad0e6881271e95a83dfde087c,6292ad4e69d0b698db223cdf8bde3ffcc9728a6ad0e6881271e95a83dfde087c,114024,600000
current_old_50_50,True,head_predictions,/home/localadmin/experiment_logs/minigrid/sequential_baseline_12m_v1/diagnostics/head/current_old_50_50/seed_0002/step_000000800000/predictions.npz,2,478098d271c5607da367dcf82232876b6e41a4a5256c0c66605535eb4208634c,478098d271c5607da367dcf82232876b6e41a4a5256c0c66605535eb4208634c,1808113,800000
current_old_50_50,True,head_summary,/home/localadmin/experiment_logs/minigrid/sequential_baseline_12m_v1/diagnostics/head/current_old_50_50/seed_0002/step_000000800000/summary.json,2,e81c85323a2dade254581be97c4521fc3095642dcb651178b761d9d30a2e7b83,e81c85323a2dade254581be97c4521fc3095642dcb651178b761d9d30a2e7b83,97766,800000
current_old_50_50,True,critic_rollouts,/home/localadmin/experiment_logs/minigrid/sequential_baseline_12m_v1/diagnostics/critic_provenance/current_old_50_50/seed_0002/step_000000800000/rollout_summary.csv,2,1b9d67deb8e8e4e99512729f7bb670691b89477ada499525377c0b2d1d0d49e0,1b9d67deb8e8e4e99512729f7bb670691b89477ada499525377c0b2d1d0d49e0,3265689,800000
current_old_50_50,True,critic_summary,/home/localadmin/experiment_logs/minigrid/sequential_baseline_12m_v1/diagnostics/critic_provenance/current_old_50_50/seed_0002/step_000000800000/summary.json,2,9b448f6ab1a81ffa47951878273d39243d9d3a21f7b6a4571d4dad186b1283d8,9b448f6ab1a81ffa47951878273d39243d9d3a21f7b6a4571d4dad186b1283d8,114019,800000
fifo_100k,True,head_predictions,/home/localadmin/experiment_logs/minigrid/sequential_baseline_12m_v1/diagnostics/head/fifo_100k/seed_0000/step_000000000000/predictions.npz,0,e3159a5f3dd68e1a71f1ec33345198a068855687667852000130cba404cf92f1,e3159a5f3dd68e1a71f1ec33345198a068855687667852000130cba404cf92f1,1112612,0
fifo_100k,True,head_summary,/home/localadmin/experiment_logs/minigrid/sequential_baseline_12m_v1/diagnostics/head/fifo_100k/seed_0000/step_000000000000/summary.json,0,6625bdef42c82f7921c2f67a87580d3ee0f82a107b3c6f0a1ddf07700222cb91,6625bdef42c82f7921c2f67a87580d3ee0f82a107b3c6f0a1ddf07700222cb91,69995,0
fifo_100k,True,critic_rollouts,/home/localadmin/experiment_logs/minigrid/sequential_baseline_12m_v1/diagnostics/critic_provenance/fifo_100k/seed_0000/step_000000000000/rollout_summary.csv,0,e3880208bddae21155a28e18d0fd2434a7a132ebcf75916a3ad122e4f8b6dda1,e3880208bddae21155a28e18d0fd2434a7a132ebcf75916a3ad122e4f8b6dda1,1474950,0
fifo_100k,True,critic_summary,/home/localadmin/experiment_logs/minigrid/sequential_baseline_12m_v1/diagnostics/critic_provenance/fifo_100k/seed_0000/step_000000000000/summary.json,0,3382651179ec32ff030394e4ee8a409df1123ef330aa690f2716d0fc33c050ab,3382651179ec32ff030394e4ee8a409df1123ef330aa690f2716d0fc33c050ab,94094,0
fifo_100k,True,head_predictions,/home/localadmin/experiment_logs/minigrid/sequential_baseline_12m_v1/diagnostics/head/fifo_100k/seed_0000/step_000000200000/predictions.npz,0,3dfbaab679850e46c3258fed7652c397466a52e0aebe9aa821cd4365030c768f,3dfbaab679850e46c3258fed7652c397466a52e0aebe9aa821cd4365030c768f,2164285,200000
fifo_100k,True,head_summary,/home/localadmin/experiment_logs/minigrid/sequential_baseline_12m_v1/diagnostics/head/fifo_100k/seed_0000/step_000000200000/summary.json,0,d85854797842e3d4928fb02e7d8864a3782db25fa8a5627fc8b4e2bcc9083a8f,d85854797842e3d4928fb02e7d8864a3782db25fa8a5627fc8b4e2bcc9083a8f,97955,200000
fifo_100k,True,critic_rollouts,/home/localadmin/experiment_logs/minigrid/sequential_baseline_12m_v1/diagnostics/critic_provenance/fifo_100k/seed_0000/step_000000200000/rollout_summary.csv,0,7e9ba1155d5026da94fa88d962e5c424c8313e41ac0b4cbafe4b1e928f15ea2d,7e9ba1155d5026da94fa88d962e5c424c8313e41ac0b4cbafe4b1e928f15ea2d,3248527,200000
fifo_100k,True,critic_summary,/home/localadmin/experiment_logs/minigrid/sequential_baseline_12m_v1/diagnostics/critic_provenance/fifo_100k/seed_0000/step_000000200000/summary.json,0,71dd8f0a725e9ac3d1f919ba9680e135347bf16cccb5a2574bf6670dd85f2860,71dd8f0a725e9ac3d1f919ba9680e135347bf16cccb5a2574bf6670dd85f2860,113842,200000
fifo_100k,True,head_predictions,/home/localadmin/experiment_logs/minigrid/sequential_baseline_12m_v1/diagnostics/head/fifo_100k/seed_0000/step_000000400000/predictions.npz,0,acbeab77aa72215a4ed9bf87dd0005b0d03ae7c56fad2f2e768b839606f25972,acbeab77aa72215a4ed9bf87dd0005b0d03ae7c56fad2f2e768b839606f25972,1993449,400000
fifo_100k,True,head_summary,/home/localadmin/experiment_logs/minigrid/sequential_baseline_12m_v1/diagnostics/head/fifo_100k/seed_0000/step_000000400000/summary.json,0,12793701bb90a85b8dc72433dfddb70c97bfd69b07942f04063fcafd0121c505,12793701bb90a85b8dc72433dfddb70c97bfd69b07942f04063fcafd0121c505,97949,400000
fifo_100k,True,critic_rollouts,/home/localadmin/experiment_logs/minigrid/sequential_baseline_12m_v1/diagnostics/critic_provenance/fifo_100k/seed_0000/step_000000400000/rollout_summary.csv,0,5a790ba2d8423bd7416c41ca6ee86a617802ed353eb0117fb103d71561b339b6,5a790ba2d8423bd7416c41ca6ee86a617802ed353eb0117fb103d71561b339b6,3374526,400000
fifo_100k,True,critic_summary,/home/localadmin/experiment_logs/minigrid/sequential_baseline_12m_v1/diagnostics/critic_provenance/fifo_100k/seed_0000/step_000000400000/summary.json,0,c921916c4a080b9b75c997286b45beb38b7c17d4f314536b74fe8837ecd10010,c921916c4a080b9b75c997286b45beb38b7c17d4f314536b74fe8837ecd10010,114326,400000
fifo_100k,True,head_predictions,/home/localadmin/experiment_logs/minigrid/sequential_baseline_12m_v1/diagnostics/head/fifo_100k/seed_0000/step_000000600000/predictions.npz,0,e1e4d2f4e3dfdcd0bb65399ede75eb619f2637ec1e56a4ee16fd0b2f2e9f41b7,e1e4d2f4e3dfdcd0bb65399ede75eb619f2637ec1e56a4ee16fd0b2f2e9f41b7,2084629,600000
fifo_100k,True,head_summary,/home/localadmin/experiment_logs/minigrid/sequential_baseline_12m_v1/diagnostics/head/fifo_100k/seed_0000/step_000000600000/summary.json,0,cc57d268938c37f8a103fe5caea7d1ce88b433c5413cf3e261b1ebd1de81aaf0,cc57d268938c37f8a103fe5caea7d1ce88b433c5413cf3e261b1ebd1de81aaf0,98337,600000
fifo_100k,True,critic_rollouts,/home/localadmin/experiment_logs/minigrid/sequential_baseline_12m_v1/diagnostics/critic_provenance/fifo_100k/seed_0000/step_000000600000/rollout_summary.csv,0,bb5612f1a886178926c09934683c551fd8c6df4ca419d6bcf5c92ac1fb56372b,bb5612f1a886178926c09934683c551fd8c6df4ca419d6bcf5c92ac1fb56372b,3356738,600000
fifo_100k,True,critic_summary,/home/localadmin/experiment_logs/minigrid/sequential_baseline_12m_v1/diagnostics/critic_provenance/fifo_100k/seed_0000/step_000000600000/summary.json,0,00d65389ed085e4294928aea59185f988a9c6837aa39fc631876fd5220dd65b1,00d65389ed085e4294928aea59185f988a9c6837aa39fc631876fd5220dd65b1,115193,600000
fifo_100k,True,head_predictions,/home/localadmin/experiment_logs/minigrid/sequential_baseline_12m_v1/diagnostics/head/fifo_100k/seed_0000/step_000000800000/predictions.npz,0,b026608ee7292bbe429986a842013d76039688c2e398cb6a840a4641fc103423,b026608ee7292bbe429986a842013d76039688c2e398cb6a840a4641fc103423,2255154,800000
fifo_100k,True,head_summary,/home/localadmin/experiment_logs/minigrid/sequential_baseline_12m_v1/diagnostics/head/fifo_100k/seed_0000/step_000000800000/summary.json,0,422f7750c82bf1f809e37740bd7efafc3951770a5a6f4c87f2141224917858e8,422f7750c82bf1f809e37740bd7efafc3951770a5a6f4c87f2141224917858e8,97828,800000
fifo_100k,True,critic_rollouts,/home/localadmin/experiment_logs/minigrid/sequential_baseline_12m_v1/diagnostics/critic_provenance/fifo_100k/seed_0000/step_000000800000/rollout_summary.csv,0,24820ff0114f85fc2cb99bb2535de018d1c34ab661ba5f37f4446cb0ae58cf11,24820ff0114f85fc2cb99bb2535de018d1c34ab661ba5f37f4446cb0ae58cf11,3247808,800000
fifo_100k,True,critic_summary,/home/localadmin/experiment_logs/minigrid/sequential_baseline_12m_v1/diagnostics/critic_provenance/fifo_100k/seed_0000/step_000000800000/summary.json,0,4ef734408d657f2dec312dc215036fccf8bbd824383987db1b6d52bb60cf96c9,4ef734408d657f2dec312dc215036fccf8bbd824383987db1b6d52bb60cf96c9,114282,800000
fifo_100k,True,head_predictions,/home/localadmin/experiment_logs/minigrid/sequential_baseline_12m_v1/diagnostics/head/fifo_100k/seed_0001/step_000000000000/predictions.npz,1,e9ef1388c40dd23dbccef8af6ca768b7ef6d218e05c4e94e506e783c37503027,e9ef1388c40dd23dbccef8af6ca768b7ef6d218e05c4e94e506e783c37503027,920955,0
fifo_100k,True,head_summary,/home/localadmin/experiment_logs/minigrid/sequential_baseline_12m_v1/diagnostics/head/fifo_100k/seed_0001/step_000000000000/summary.json,1,ff04de8d88774405b5b76e916674e6a6ee3333c34a07ac8150ec32492bb0c305,ff04de8d88774405b5b76e916674e6a6ee3333c34a07ac8150ec32492bb0c305,72182,0
fifo_100k,True,critic_rollouts,/home/localadmin/experiment_logs/minigrid/sequential_baseline_12m_v1/diagnostics/critic_provenance/fifo_100k/seed_0001/step_000000000000/rollout_summary.csv,1,8f8175cc360a6675284e3c595b6bdc994fcb90a7f8df062b808e0c7e44eba05f,8f8175cc360a6675284e3c595b6bdc994fcb90a7f8df062b808e0c7e44eba05f,1561903,0
fifo_100k,True,critic_summary,/home/localadmin/experiment_logs/minigrid/sequential_baseline_12m_v1/diagnostics/critic_provenance/fifo_100k/seed_0001/step_000000000000/summary.json,1,7b85d4618cdce4ba0f938072dbf845c4e6cca8f950738ec945d0dadce8823320,7b85d4618cdce4ba0f938072dbf845c4e6cca8f950738ec945d0dadce8823320,94238,0
fifo_100k,True,head_predictions,/home/localadmin/experiment_logs/minigrid/sequential_baseline_12m_v1/diagnostics/head/fifo_100k/seed_0001/step_000000200000/predictions.npz,1,a4d16cdab19eb59a8b0c59e6846f98d6bcb45d95b9bc3734143462018ce875f3,a4d16cdab19eb59a8b0c59e6846f98d6bcb45d95b9bc3734143462018ce875f3,1844014,200000
fifo_100k,True,head_summary,/home/localadmin/experiment_logs/minigrid/sequential_baseline_12m_v1/diagnostics/head/fifo_100k/seed_0001/step_000000200000/summary.json,1,a90c9e252d7ebe164415ec3f229f78d20f25639f45f55b26619c45cdc10e9d56,a90c9e252d7ebe164415ec3f229f78d20f25639f45f55b26619c45cdc10e9d56,100683,200000
fifo_100k,True,critic_rollouts,/home/localadmin/experiment_logs/minigrid/sequential_baseline_12m_v1/diagnostics/critic_provenance/fifo_100k/seed_0001/step_000000200000/rollout_summary.csv,1,4a05d6d202c8199b55eb5d22c7e15092fccbecc74277eac0b831c549a0da29a1,4a05d6d202c8199b55eb5d22c7e15092fccbecc74277eac0b831c549a0da29a1,3419051,200000
fifo_100k,True,critic_summary,/home/localadmin/experiment_logs/minigrid/sequential_baseline_12m_v1/diagnostics/critic_provenance/fifo_100k/seed_0001/step_000000200000/summary.json,1,964bdcd7fe95dcd1816eb94ad877151c7a6660c71e533065146d4c3be5f5ebb1,964bdcd7fe95dcd1816eb94ad877151c7a6660c71e533065146d4c3be5f5ebb1,114261,200000
fifo_100k,True,head_predictions,/home/localadmin/experiment_logs/minigrid/sequential_baseline_12m_v1/diagnostics/head/fifo_100k/seed_0001/step_000000400000/predictions.npz,1,22a38908be479c8c6d44e5b2084409276b2079ac1a0e395baa076fd7b79b1f6f,22a38908be479c8c6d44e5b2084409276b2079ac1a0e395baa076fd7b79b1f6f,1816997,400000
fifo_100k,True,head_summary,/home/localadmin/experiment_logs/minigrid/sequential_baseline_12m_v1/diagnostics/head/fifo_100k/seed_0001/step_000000400000/summary.json,1,1b2ba2a8999277bf27e362fb9cdb5247138a3e078790c6acb105a41eb65f5dfb,1b2ba2a8999277bf27e362fb9cdb5247138a3e078790c6acb105a41eb65f5dfb,100513,400000
fifo_100k,True,critic_rollouts,/home/localadmin/experiment_logs/minigrid/sequential_baseline_12m_v1/diagnostics/critic_provenance/fifo_100k/seed_0001/step_000000400000/rollout_summary.csv,1,d1df9642fe65ab8af6bd991561bf0ae8fb3433afd2b5e3ecf983b7ae7be3bb72,d1df9642fe65ab8af6bd991561bf0ae8fb3433afd2b5e3ecf983b7ae7be3bb72,3458507,400000
fifo_100k,True,critic_summary,/home/localadmin/experiment_logs/minigrid/sequential_baseline_12m_v1/diagnostics/critic_provenance/fifo_100k/seed_0001/step_000000400000/summary.json,1,0481162bd6ab78a49295742f8d82900f88cb40f6cf91afe22673c81c8c00b04e,0481162bd6ab78a49295742f8d82900f88cb40f6cf91afe22673c81c8c00b04e,113357,400000
fifo_100k,True,head_predictions,/home/localadmin/experiment_logs/minigrid/sequential_baseline_12m_v1/diagnostics/head/fifo_100k/seed_0001/step_000000600000/predictions.npz,1,693c0cd1b3281cd9e7ce5a5076c1e8a9e346e64e92b503cbe02e2fc5a70666fb,693c0cd1b3281cd9e7ce5a5076c1e8a9e346e64e92b503cbe02e2fc5a70666fb,1726709,600000
fifo_100k,True,head_summary,/home/localadmin/experiment_logs/minigrid/sequential_baseline_12m_v1/diagnostics/head/fifo_100k/seed_0001/step_000000600000/summary.json,1,62b949f457a1e66736076249599094b502fb5ce42e107af272f7d7ee849c7e56,62b949f457a1e66736076249599094b502fb5ce42e107af272f7d7ee849c7e56,101064,600000
fifo_100k,True,critic_rollouts,/home/localadmin/experiment_logs/minigrid/sequential_baseline_12m_v1/diagnostics/critic_provenance/fifo_100k/seed_0001/step_000000600000/rollout_summary.csv,1,5e5d9237c1f2c1f9f9ba2ee5c9ad688661c314fd20a22b57b642758f27df7232,5e5d9237c1f2c1f9f9ba2ee5c9ad688661c314fd20a22b57b642758f27df7232,3522316,600000
fifo_100k,True,critic_summary,/home/localadmin/experiment_logs/minigrid/sequential_baseline_12m_v1/diagnostics/critic_provenance/fifo_100k/seed_0001/step_000000600000/summary.json,1,387f97e8ca1bc3188877a54f2c46209cb1cb88eeed5fcf2aa45c7c5f0aa81797,387f97e8ca1bc3188877a54f2c46209cb1cb88eeed5fcf2aa45c7c5f0aa81797,114837,600000
fifo_100k,True,head_predictions,/home/localadmin/experiment_logs/minigrid/sequential_baseline_12m_v1/diagnostics/head/fifo_100k/seed_0001/step_000000800000/predictions.npz,1,ae926e6b607e02b07c8532b5ad13c1bbd54e21e7ed3e9a448e6812ac4e294b92,ae926e6b607e02b07c8532b5ad13c1bbd54e21e7ed3e9a448e6812ac4e294b92,1864664,800000
fifo_100k,True,head_summary,/home/localadmin/experiment_logs/minigrid/sequential_baseline_12m_v1/diagnostics/head/fifo_100k/seed_0001/step_000000800000/summary.json,1,1b45dafc907445976e29178165aa436b25530392d9197a33ac7ffb9e1d769abe,1b45dafc907445976e29178165aa436b25530392d9197a33ac7ffb9e1d769abe,100286,800000
fifo_100k,True,critic_rollouts,/home/localadmin/experiment_logs/minigrid/sequential_baseline_12m_v1/diagnostics/critic_provenance/fifo_100k/seed_0001/step_000000800000/rollout_summary.csv,1,7e136d317aecb033e6b16163e07b4d55d83b44e676fec4263cdd6f15b8a8e56b,7e136d317aecb033e6b16163e07b4d55d83b44e676fec4263cdd6f15b8a8e56b,3423274,800000
fifo_100k,True,critic_summary,/home/localadmin/experiment_logs/minigrid/sequential_baseline_12m_v1/diagnostics/critic_provenance/fifo_100k/seed_0001/step_000000800000/summary.json,1,0195ff25c660c564e28a35f2be407e84cf4650b8f8be33640dd1ea2e1af4f0a4,0195ff25c660c564e28a35f2be407e84cf4650b8f8be33640dd1ea2e1af4f0a4,114468,800000
fifo_100k,True,head_predictions,/home/localadmin/experiment_logs/minigrid/sequential_baseline_12m_v1/diagnostics/head/fifo_100k/seed_0002/step_000000000000/predictions.npz,2,f08519bd9eccc8befb8ada882115545ee92466531454d56d4389299eae25550f,f08519bd9eccc8befb8ada882115545ee92466531454d56d4389299eae25550f,884134,0
fifo_100k,True,head_summary,/home/localadmin/experiment_logs/minigrid/sequential_baseline_12m_v1/diagnostics/head/fifo_100k/seed_0002/step_000000000000/summary.json,2,9404b2238fb605d519ce69a579f9846045892d3122780ab9ae578e11bac35325,9404b2238fb605d519ce69a579f9846045892d3122780ab9ae578e11bac35325,69992,0
fifo_100k,True,critic_rollouts,/home/localadmin/experiment_logs/minigrid/sequential_baseline_12m_v1/diagnostics/critic_provenance/fifo_100k/seed_0002/step_000000000000/rollout_summary.csv,2,a54ea4ab26ace41bb4be1dd5befbcf76863b0bf0a53f602c14330415d1e0298a,a54ea4ab26ace41bb4be1dd5befbcf76863b0bf0a53f602c14330415d1e0298a,1491252,0
fifo_100k,True,critic_summary,/home/localadmin/experiment_logs/minigrid/sequential_baseline_12m_v1/diagnostics/critic_provenance/fifo_100k/seed_0002/step_000000000000/summary.json,2,709fdbf5b53b9eb23cafb9d8fa0c1abb1242be6ee24806b8272b35bec7c528b1,709fdbf5b53b9eb23cafb9d8fa0c1abb1242be6ee24806b8272b35bec7c528b1,94105,0
fifo_100k,True,head_predictions,/home/localadmin/experiment_logs/minigrid/sequential_baseline_12m_v1/diagnostics/head/fifo_100k/seed_0002/step_000000200000/predictions.npz,2,8007ee79d0caf68f397f8d54c8f256c05df173b8612bda73df7f3c890f8aaeaf,8007ee79d0caf68f397f8d54c8f256c05df173b8612bda73df7f3c890f8aaeaf,1708980,200000
fifo_100k,True,head_summary,/home/localadmin/experiment_logs/minigrid/sequential_baseline_12m_v1/diagnostics/head/fifo_100k/seed_0002/step_000000200000/summary.json,2,7c366e71c9b695903e0f405e07a136b0b84569445d9d018f4c5559fb7503a521,7c366e71c9b695903e0f405e07a136b0b84569445d9d018f4c5559fb7503a521,98934,200000
fifo_100k,True,critic_rollouts,/home/localadmin/experiment_logs/minigrid/sequential_baseline_12m_v1/diagnostics/critic_provenance/fifo_100k/seed_0002/step_000000200000/rollout_summary.csv,2,6bf6548f538728c841387ce6d52178eec9cb56dd7a92289ab99e115611f2422f,6bf6548f538728c841387ce6d52178eec9cb56dd7a92289ab99e115611f2422f,3265321,200000
fifo_100k,True,critic_summary,/home/localadmin/experiment_logs/minigrid/sequential_baseline_12m_v1/diagnostics/critic_provenance/fifo_100k/seed_0002/step_000000200000/summary.json,2,b0a20f137f565755e84e56047ecad6c08263482316c89a4654aaad8c252d20ec,b0a20f137f565755e84e56047ecad6c08263482316c89a4654aaad8c252d20ec,114273,200000
fifo_100k,True,head_predictions,/home/localadmin/experiment_logs/minigrid/sequential_baseline_12m_v1/diagnostics/head/fifo_100k/seed_0002/step_000000400000/predictions.npz,2,865e292d905cc0dc09c74afec36e7f4af41a9d336c4bb949b9767404d28a3340,865e292d905cc0dc09c74afec36e7f4af41a9d336c4bb949b9767404d28a3340,1799242,400000
fifo_100k,True,head_summary,/home/localadmin/experiment_logs/minigrid/sequential_baseline_12m_v1/diagnostics/head/fifo_100k/seed_0002/step_000000400000/summary.json,2,c85ba1857902a77bfb84b0999961f7eb5b10abf07bb581abe7ab3d219a67dcc2,c85ba1857902a77bfb84b0999961f7eb5b10abf07bb581abe7ab3d219a67dcc2,97470,400000
fifo_100k,True,critic_rollouts,/home/localadmin/experiment_logs/minigrid/sequential_baseline_12m_v1/diagnostics/critic_provenance/fifo_100k/seed_0002/step_000000400000/rollout_summary.csv,2,d07bfc6ce8eccde2d5c3bf7539cfb4eb55607177e8e8189a05bd2072bf3e1e6d,d07bfc6ce8eccde2d5c3bf7539cfb4eb55607177e8e8189a05bd2072bf3e1e6d,3300787,400000
fifo_100k,True,critic_summary,/home/localadmin/experiment_logs/minigrid/sequential_baseline_12m_v1/diagnostics/critic_provenance/fifo_100k/seed_0002/step_000000400000/summary.json,2,a34a112b4b3072779bd5d345fe85afd66dad7e0da9b997bbf912635101be3bef,a34a112b4b3072779bd5d345fe85afd66dad7e0da9b997bbf912635101be3bef,114179,400000
fifo_100k,True,head_predictions,/home/localadmin/experiment_logs/minigrid/sequential_baseline_12m_v1/diagnostics/head/fifo_100k/seed_0002/step_000000600000/predictions.npz,2,2b5eea4e9d436c859d795bfdb2dc807cef771ba896b7643b35ba644caa885ecb,2b5eea4e9d436c859d795bfdb2dc807cef771ba896b7643b35ba644caa885ecb,1587643,600000
fifo_100k,True,head_summary,/home/localadmin/experiment_logs/minigrid/sequential_baseline_12m_v1/diagnostics/head/fifo_100k/seed_0002/step_000000600000/summary.json,2,a4b29385f93a8f8bb93d35d685ceff20b343b1c4724f1c205656da9af92415df,a4b29385f93a8f8bb93d35d685ceff20b343b1c4724f1c205656da9af92415df,99009,600000
fifo_100k,True,critic_rollouts,/home/localadmin/experiment_logs/minigrid/sequential_baseline_12m_v1/diagnostics/critic_provenance/fifo_100k/seed_0002/step_000000600000/rollout_summary.csv,2,1bfdc2d13e6bd4412a45c7f61bee885492ced1d4f188fd3cb25f733bbb146262,1bfdc2d13e6bd4412a45c7f61bee885492ced1d4f188fd3cb25f733bbb146262,3490081,600000
fifo_100k,True,critic_summary,/home/localadmin/experiment_logs/minigrid/sequential_baseline_12m_v1/diagnostics/critic_provenance/fifo_100k/seed_0002/step_000000600000/summary.json,2,4c421847c01ab3c9d00158fe835acdf695d5340e943e4705d5b63b0e6f57f5e8,4c421847c01ab3c9d00158fe835acdf695d5340e943e4705d5b63b0e6f57f5e8,116154,600000
fifo_100k,True,head_predictions,/home/localadmin/experiment_logs/minigrid/sequential_baseline_12m_v1/diagnostics/head/fifo_100k/seed_0002/step_000000800000/predictions.npz,2,162858fe758691e9c974973891ecff70e030719991421ba445ff47329d620b5a,162858fe758691e9c974973891ecff70e030719991421ba445ff47329d620b5a,1810370,800000
fifo_100k,True,head_summary,/home/localadmin/experiment_logs/minigrid/sequential_baseline_12m_v1/diagnostics/head/fifo_100k/seed_0002/step_000000800000/summary.json,2,11b4191c2175422d6da32f02de97db53ecc70b1be50ff8431125921fab50e12a,11b4191c2175422d6da32f02de97db53ecc70b1be50ff8431125921fab50e12a,97260,800000
fifo_100k,True,critic_rollouts,/home/localadmin/experiment_logs/minigrid/sequential_baseline_12m_v1/diagnostics/critic_provenance/fifo_100k/seed_0002/step_000000800000/rollout_summary.csv,2,3606914f0928f4b95c3af19ef3162fbbed0df51b7f48a61c7b90bff06f14e8b8,3606914f0928f4b95c3af19ef3162fbbed0df51b7f48a61c7b90bff06f14e8b8,3247784,800000
fifo_100k,True,critic_summary,/home/localadmin/experiment_logs/minigrid/sequential_baseline_12m_v1/diagnostics/critic_provenance/fifo_100k/seed_0002/step_000000800000/summary.json,2,9d72a9c650efe65878d81816fe0c8e8aef9d5c362fd4c9b11ac2abe083b7d640,9d72a9c650efe65878d81816fe0c8e8aef9d5c362fd4c9b11ac2abe083b7d640,113760,800000
uniform_reservoir,True,head_predictions,/home/localadmin/experiment_logs/minigrid/sequential_baseline_12m_v1/diagnostics/head/uniform_reservoir/seed_0000/step_000000000000/predictions.npz,0,e3159a5f3dd68e1a71f1ec33345198a068855687667852000130cba404cf92f1,e3159a5f3dd68e1a71f1ec33345198a068855687667852000130cba404cf92f1,1112612,0
uniform_reservoir,True,head_summary,/home/localadmin/experiment_logs/minigrid/sequential_baseline_12m_v1/diagnostics/head/uniform_reservoir/seed_0000/step_000000000000/summary.json,0,534eb3973fe317ecd3050097b629e5dc3857c73b7421b7a629cd98918eeda492,534eb3973fe317ecd3050097b629e5dc3857c73b7421b7a629cd98918eeda492,70003,0
uniform_reservoir,True,critic_rollouts,/home/localadmin/experiment_logs/minigrid/sequential_baseline_12m_v1/diagnostics/critic_provenance/uniform_reservoir/seed_0000/step_000000000000/rollout_summary.csv,0,e3880208bddae21155a28e18d0fd2434a7a132ebcf75916a3ad122e4f8b6dda1,e3880208bddae21155a28e18d0fd2434a7a132ebcf75916a3ad122e4f8b6dda1,1474950,0
uniform_reservoir,True,critic_summary,/home/localadmin/experiment_logs/minigrid/sequential_baseline_12m_v1/diagnostics/critic_provenance/uniform_reservoir/seed_0000/step_000000000000/summary.json,0,90bf45797f53d0b448417615167904697f761f0b48ccfb7c78c9caadf6a0fac4,90bf45797f53d0b448417615167904697f761f0b48ccfb7c78c9caadf6a0fac4,94094,0
uniform_reservoir,True,head_predictions,/home/localadmin/experiment_logs/minigrid/sequential_baseline_12m_v1/diagnostics/head/uniform_reservoir/seed_0000/step_000000200000/predictions.npz,0,8d9380f35237308834ff62acdf1808ea4df3f2d01b717126e1e3254111638302,8d9380f35237308834ff62acdf1808ea4df3f2d01b717126e1e3254111638302,2240361,200000
uniform_reservoir,True,head_summary,/home/localadmin/experiment_logs/minigrid/sequential_baseline_12m_v1/diagnostics/head/uniform_reservoir/seed_0000/step_000000200000/summary.json,0,dfb8635847b6f1057f43eecb43d59bbad021c1077f2e77fa0436bfe274a9acb7,dfb8635847b6f1057f43eecb43d59bbad021c1077f2e77fa0436bfe274a9acb7,98186,200000
uniform_reservoir,True,critic_rollouts,/home/localadmin/experiment_logs/minigrid/sequential_baseline_12m_v1/diagnostics/critic_provenance/uniform_reservoir/seed_0000/step_000000200000/rollout_summary.csv,0,ea7bf21df9bb094758f635066528e12fe176f664223b344b3efd22c29c82705a,ea7bf21df9bb094758f635066528e12fe176f664223b344b3efd22c29c82705a,3255250,200000
uniform_reservoir,True,critic_summary,/home/localadmin/experiment_logs/minigrid/sequential_baseline_12m_v1/diagnostics/critic_provenance/uniform_reservoir/seed_0000/step_000000200000/summary.json,0,7e1739455af0fa3cdbe894ad0e7ca24ca9092992ede1b0e6a033cb86d98a9b78,7e1739455af0fa3cdbe894ad0e7ca24ca9092992ede1b0e6a033cb86d98a9b78,114328,200000
uniform_reservoir,True,head_predictions,/home/localadmin/experiment_logs/minigrid/sequential_baseline_12m_v1/diagnostics/head/uniform_reservoir/seed_0000/step_000000400000/predictions.npz,0,a7d530737a5a7316cf8541826c7948aafbfe99878b59ed771ba94da610e684f7,a7d530737a5a7316cf8541826c7948aafbfe99878b59ed771ba94da610e684f7,2245684,400000
uniform_reservoir,True,head_summary,/home/localadmin/experiment_logs/minigrid/sequential_baseline_12m_v1/diagnostics/head/uniform_reservoir/seed_0000/step_000000400000/summary.json,0,a6041d513599a9ad1cbfe3eee707af8daff4b41ea58ae7c4ea5a8b8a25bde346,a6041d513599a9ad1cbfe3eee707af8daff4b41ea58ae7c4ea5a8b8a25bde346,98317,400000
uniform_reservoir,True,critic_rollouts,/home/localadmin/experiment_logs/minigrid/sequential_baseline_12m_v1/diagnostics/critic_provenance/uniform_reservoir/seed_0000/step_000000400000/rollout_summary.csv,0,104f53409622ac4c79cf19f3a8602f51cb768d7d64213d54b57e832965b8470e,104f53409622ac4c79cf19f3a8602f51cb768d7d64213d54b57e832965b8470e,3247511,400000
uniform_reservoir,True,critic_summary,/home/localadmin/experiment_logs/minigrid/sequential_baseline_12m_v1/diagnostics/critic_provenance/uniform_reservoir/seed_0000/step_000000400000/summary.json,0,ac761fc1eaccfe29a99678bc95844ee8666c512b8f51540740c158c371ebe953,ac761fc1eaccfe29a99678bc95844ee8666c512b8f51540740c158c371ebe953,113706,400000
uniform_reservoir,True,head_predictions,/home/localadmin/experiment_logs/minigrid/sequential_baseline_12m_v1/diagnostics/head/uniform_reservoir/seed_0000/step_000000600000/predictions.npz,0,8af2033f013baa3f0619686960cafac43bbe01157325ff7a05111cf5f926fdae,8af2033f013baa3f0619686960cafac43bbe01157325ff7a05111cf5f926fdae,2300835,600000
uniform_reservoir,True,head_summary,/home/localadmin/experiment_logs/minigrid/sequential_baseline_12m_v1/diagnostics/head/uniform_reservoir/seed_0000/step_000000600000/summary.json,0,e18e57e1f63514505b97f9dd944a79fc2e4f53ca4ebecaaac426dffaf1ec8ddd,e18e57e1f63514505b97f9dd944a79fc2e4f53ca4ebecaaac426dffaf1ec8ddd,98261,600000
uniform_reservoir,True,critic_rollouts,/home/localadmin/experiment_logs/minigrid/sequential_baseline_12m_v1/diagnostics/critic_provenance/uniform_reservoir/seed_0000/step_000000600000/rollout_summary.csv,0,c32f44a32132d9d23e13bf41a05aad03c37d088534073aa3f354e793b3378250,c32f44a32132d9d23e13bf41a05aad03c37d088534073aa3f354e793b3378250,3256799,600000
uniform_reservoir,True,critic_summary,/home/localadmin/experiment_logs/minigrid/sequential_baseline_12m_v1/diagnostics/critic_provenance/uniform_reservoir/seed_0000/step_000000600000/summary.json,0,e35abbe2f2b9473ba96e0616862c1951998728a0e78828009f851e334ab45cf6,e35abbe2f2b9473ba96e0616862c1951998728a0e78828009f851e334ab45cf6,114214,600000
uniform_reservoir,True,head_predictions,/home/localadmin/experiment_logs/minigrid/sequential_baseline_12m_v1/diagnostics/head/uniform_reservoir/seed_0000/step_000000800000/predictions.npz,0,35443fdbbf81d71b961e419d6cf02dadb3d82a27e047e114e6c5a1f48cbb454c,35443fdbbf81d71b961e419d6cf02dadb3d82a27e047e114e6c5a1f48cbb454c,2277533,800000
uniform_reservoir,True,head_summary,/home/localadmin/experiment_logs/minigrid/sequential_baseline_12m_v1/diagnostics/head/uniform_reservoir/seed_0000/step_000000800000/summary.json,0,77095635f63881ad9f10ed71b7d87eb721dfa70adcd2376feb0ff580f5fdc9c7,77095635f63881ad9f10ed71b7d87eb721dfa70adcd2376feb0ff580f5fdc9c7,98037,800000
uniform_reservoir,True,critic_rollouts,/home/localadmin/experiment_logs/minigrid/sequential_baseline_12m_v1/diagnostics/critic_provenance/uniform_reservoir/seed_0000/step_000000800000/rollout_summary.csv,0,e01f2701bad5a0db8ddccbc46d6aa64ef1fcdb5bb2477137804a1dbdfdde0074,e01f2701bad5a0db8ddccbc46d6aa64ef1fcdb5bb2477137804a1dbdfdde0074,3248362,800000
uniform_reservoir,True,critic_summary,/home/localadmin/experiment_logs/minigrid/sequential_baseline_12m_v1/diagnostics/critic_provenance/uniform_reservoir/seed_0000/step_000000800000/summary.json,0,25c3c59b941e4c88791582531f3a2a876fdab4226d83f9fb56f458e761516d55,25c3c59b941e4c88791582531f3a2a876fdab4226d83f9fb56f458e761516d55,113542,800000
uniform_reservoir,True,head_predictions,/home/localadmin/experiment_logs/minigrid/sequential_baseline_12m_v1/diagnostics/head/uniform_reservoir/seed_0001/step_000000000000/predictions.npz,1,e9ef1388c40dd23dbccef8af6ca768b7ef6d218e05c4e94e506e783c37503027,e9ef1388c40dd23dbccef8af6ca768b7ef6d218e05c4e94e506e783c37503027,920955,0
uniform_reservoir,True,head_summary,/home/localadmin/experiment_logs/minigrid/sequential_baseline_12m_v1/diagnostics/head/uniform_reservoir/seed_0001/step_000000000000/summary.json,1,91abf64788f51f5efde4144cec2abde0b573a508a25d1856ad59ea93c19148ce,91abf64788f51f5efde4144cec2abde0b573a508a25d1856ad59ea93c19148ce,72190,0
uniform_reservoir,True,critic_rollouts,/home/localadmin/experiment_logs/minigrid/sequential_baseline_12m_v1/diagnostics/critic_provenance/uniform_reservoir/seed_0001/step_000000000000/rollout_summary.csv,1,8f8175cc360a6675284e3c595b6bdc994fcb90a7f8df062b808e0c7e44eba05f,8f8175cc360a6675284e3c595b6bdc994fcb90a7f8df062b808e0c7e44eba05f,1561903,0
uniform_reservoir,True,critic_summary,/home/localadmin/experiment_logs/minigrid/sequential_baseline_12m_v1/diagnostics/critic_provenance/uniform_reservoir/seed_0001/step_000000000000/summary.json,1,021a6d11b5d115ed002700697ef6a1a514d8af1261327178db3166d0bb73878c,021a6d11b5d115ed002700697ef6a1a514d8af1261327178db3166d0bb73878c,94238,0
uniform_reservoir,True,head_predictions,/home/localadmin/experiment_logs/minigrid/sequential_baseline_12m_v1/diagnostics/head/uniform_reservoir/seed_0001/step_000000200000/predictions.npz,1,1bf39b93e27d52707bf9ac80e2572d0010a3e19f7bc72dc1454b28cb31577eac,1bf39b93e27d52707bf9ac80e2572d0010a3e19f7bc72dc1454b28cb31577eac,1865572,200000
uniform_reservoir,True,head_summary,/home/localadmin/experiment_logs/minigrid/sequential_baseline_12m_v1/diagnostics/head/uniform_reservoir/seed_0001/step_000000200000/summary.json,1,539f8d47ade0ba34700f4686430af33ff5502e17cde1f5af9ece3bab8f74ddf9,539f8d47ade0ba34700f4686430af33ff5502e17cde1f5af9ece3bab8f74ddf9,100905,200000
uniform_reservoir,True,critic_rollouts,/home/localadmin/experiment_logs/minigrid/sequential_baseline_12m_v1/diagnostics/critic_provenance/uniform_reservoir/seed_0001/step_000000200000/rollout_summary.csv,1,78f908c07c1ccb7d2d8cbc704e6ad935786d42b751f7d47b88560f198f0c507f,78f908c07c1ccb7d2d8cbc704e6ad935786d42b751f7d47b88560f198f0c507f,3426563,200000
uniform_reservoir,True,critic_summary,/home/localadmin/experiment_logs/minigrid/sequential_baseline_12m_v1/diagnostics/critic_provenance/uniform_reservoir/seed_0001/step_000000200000/summary.json,1,3d0f8c2398488074b52aa7755195a49a771f0c0edcc14eff34ca0906e35523d5,3d0f8c2398488074b52aa7755195a49a771f0c0edcc14eff34ca0906e35523d5,114462,200000
uniform_reservoir,True,head_predictions,/home/localadmin/experiment_logs/minigrid/sequential_baseline_12m_v1/diagnostics/head/uniform_reservoir/seed_0001/step_000000400000/predictions.npz,1,5e9a5782a046873b0493fe8c005f8fba4454ce5e81e55586c9ed426b94a6bcfe,5e9a5782a046873b0493fe8c005f8fba4454ce5e81e55586c9ed426b94a6bcfe,1879686,400000
uniform_reservoir,True,head_summary,/home/localadmin/experiment_logs/minigrid/sequential_baseline_12m_v1/diagnostics/head/uniform_reservoir/seed_0001/step_000000400000/summary.json,1,7708e14546600b4dd274957d4e4216281752893071edb33523f4b53d3fb6fcf4,7708e14546600b4dd274957d4e4216281752893071edb33523f4b53d3fb6fcf4,100892,400000
uniform_reservoir,True,critic_rollouts,/home/localadmin/experiment_logs/minigrid/sequential_baseline_12m_v1/diagnostics/critic_provenance/uniform_reservoir/seed_0001/step_000000400000/rollout_summary.csv,1,4255022a0d976b04900127c29373588180aca6bfd135ab91c9c21c2b988b24df,4255022a0d976b04900127c29373588180aca6bfd135ab91c9c21c2b988b24df,3376636,400000
uniform_reservoir,True,critic_summary,/home/localadmin/experiment_logs/minigrid/sequential_baseline_12m_v1/diagnostics/critic_provenance/uniform_reservoir/seed_0001/step_000000400000/summary.json,1,526bcddee8f272d258acfff274bea475c6e4374ef38d4eedfb6f73d165f6efd4,526bcddee8f272d258acfff274bea475c6e4374ef38d4eedfb6f73d165f6efd4,113403,400000
uniform_reservoir,True,head_predictions,/home/localadmin/experiment_logs/minigrid/sequential_baseline_12m_v1/diagnostics/head/uniform_reservoir/seed_0001/step_000000600000/predictions.npz,1,15eac1a0113a01aa1197a873ab735e9d8c49176b0e0a6bf2cbc5661948d7f506,15eac1a0113a01aa1197a873ab735e9d8c49176b0e0a6bf2cbc5661948d7f506,1889011,600000
uniform_reservoir,True,head_summary,/home/localadmin/experiment_logs/minigrid/sequential_baseline_12m_v1/diagnostics/head/uniform_reservoir/seed_0001/step_000000600000/summary.json,1,7d578dba015fca97beff2c991a9146bb1d98a29b21c2fe0a139bb9c9395d235e,7d578dba015fca97beff2c991a9146bb1d98a29b21c2fe0a139bb9c9395d235e,101146,600000
uniform_reservoir,True,critic_rollouts,/home/localadmin/experiment_logs/minigrid/sequential_baseline_12m_v1/diagnostics/critic_provenance/uniform_reservoir/seed_0001/step_000000600000/rollout_summary.csv,1,898ae7e20793cfc135eb8e43c3fab9d9b954e2d9af1951599cad91ae9c347706,898ae7e20793cfc135eb8e43c3fab9d9b954e2d9af1951599cad91ae9c347706,3352709,600000
uniform_reservoir,True,critic_summary,/home/localadmin/experiment_logs/minigrid/sequential_baseline_12m_v1/diagnostics/critic_provenance/uniform_reservoir/seed_0001/step_000000600000/summary.json,1,f74d04f4332424fa18d46b0c32a6dfa516866cf378df9f4ed7c9e4e94bf8bf77,f74d04f4332424fa18d46b0c32a6dfa516866cf378df9f4ed7c9e4e94bf8bf77,113258,600000
uniform_reservoir,True,head_predictions,/home/localadmin/experiment_logs/minigrid/sequential_baseline_12m_v1/diagnostics/head/uniform_reservoir/seed_0001/step_000000800000/predictions.npz,1,bd3d0b019b4968c177d49374624154b9799af9fae6f68754c42325c73b1f7168,bd3d0b019b4968c177d49374624154b9799af9fae6f68754c42325c73b1f7168,1882552,800000
uniform_reservoir,True,head_summary,/home/localadmin/experiment_logs/minigrid/sequential_baseline_12m_v1/diagnostics/head/uniform_reservoir/seed_0001/step_000000800000/summary.json,1,1118453b0dd00fa74286ac6da5542e8a64657fac1b8c1e5a76ea6828127a5ffd,1118453b0dd00fa74286ac6da5542e8a64657fac1b8c1e5a76ea6828127a5ffd,100786,800000
uniform_reservoir,True,critic_rollouts,/home/localadmin/experiment_logs/minigrid/sequential_baseline_12m_v1/diagnostics/critic_provenance/uniform_reservoir/seed_0001/step_000000800000/rollout_summary.csv,1,22c0277bd02f6779f6e680ac5d32f87c06a28f932c0f6b6f91ee13c4892101db,22c0277bd02f6779f6e680ac5d32f87c06a28f932c0f6b6f91ee13c4892101db,3342808,800000
uniform_reservoir,True,critic_summary,/home/localadmin/experiment_logs/minigrid/sequential_baseline_12m_v1/diagnostics/critic_provenance/uniform_reservoir/seed_0001/step_000000800000/summary.json,1,2542a0fc39cfbea88753ac8fe2d9509dcbe4cb058b31926ac04929bef5c44747,2542a0fc39cfbea88753ac8fe2d9509dcbe4cb058b31926ac04929bef5c44747,112740,800000
uniform_reservoir,True,head_predictions,/home/localadmin/experiment_logs/minigrid/sequential_baseline_12m_v1/diagnostics/head/uniform_reservoir/seed_0002/step_000000000000/predictions.npz,2,f08519bd9eccc8befb8ada882115545ee92466531454d56d4389299eae25550f,f08519bd9eccc8befb8ada882115545ee92466531454d56d4389299eae25550f,884134,0
uniform_reservoir,True,head_summary,/home/localadmin/experiment_logs/minigrid/sequential_baseline_12m_v1/diagnostics/head/uniform_reservoir/seed_0002/step_000000000000/summary.json,2,e1300a9a0a996af768cb0a19f79cb08f40afb1ea8cb19de7f806f3bd38f99cff,e1300a9a0a996af768cb0a19f79cb08f40afb1ea8cb19de7f806f3bd38f99cff,70000,0
uniform_reservoir,True,critic_rollouts,/home/localadmin/experiment_logs/minigrid/sequential_baseline_12m_v1/diagnostics/critic_provenance/uniform_reservoir/seed_0002/step_000000000000/rollout_summary.csv,2,a54ea4ab26ace41bb4be1dd5befbcf76863b0bf0a53f602c14330415d1e0298a,a54ea4ab26ace41bb4be1dd5befbcf76863b0bf0a53f602c14330415d1e0298a,1491252,0
uniform_reservoir,True,critic_summary,/home/localadmin/experiment_logs/minigrid/sequential_baseline_12m_v1/diagnostics/critic_provenance/uniform_reservoir/seed_0002/step_000000000000/summary.json,2,7b3eedf0e9c625e8589da2aeda714006ffa745dc536a8a3128bc9dd38d3fcf4f,7b3eedf0e9c625e8589da2aeda714006ffa745dc536a8a3128bc9dd38d3fcf4f,94105,0
uniform_reservoir,True,head_predictions,/home/localadmin/experiment_logs/minigrid/sequential_baseline_12m_v1/diagnostics/head/uniform_reservoir/seed_0002/step_000000200000/predictions.npz,2,acc0c941432779252ef4bdefe874b669cd9b80a125cee7d943eb7c674156126c,acc0c941432779252ef4bdefe874b669cd9b80a125cee7d943eb7c674156126c,1755353,200000
uniform_reservoir,True,head_summary,/home/localadmin/experiment_logs/minigrid/sequential_baseline_12m_v1/diagnostics/head/uniform_reservoir/seed_0002/step_000000200000/summary.json,2,4c61b8eb5b1431558bc64dfe74ad53a36aed33d445fabb3b96f98d7335e80141,4c61b8eb5b1431558bc64dfe74ad53a36aed33d445fabb3b96f98d7335e80141,98738,200000
uniform_reservoir,True,critic_rollouts,/home/localadmin/experiment_logs/minigrid/sequential_baseline_12m_v1/diagnostics/critic_provenance/uniform_reservoir/seed_0002/step_000000200000/rollout_summary.csv,2,676aa4276b9ef903aa0f2eaa7f38625322403da8153548095cadaacfc31a3310,676aa4276b9ef903aa0f2eaa7f38625322403da8153548095cadaacfc31a3310,3254231,200000
uniform_reservoir,True,critic_summary,/home/localadmin/experiment_logs/minigrid/sequential_baseline_12m_v1/diagnostics/critic_provenance/uniform_reservoir/seed_0002/step_000000200000/summary.json,2,9de48eabf1bf3005793005629ca4adfcb65da9384080b9c7cb77ebcd615eb3b9,9de48eabf1bf3005793005629ca4adfcb65da9384080b9c7cb77ebcd615eb3b9,114214,200000
uniform_reservoir,True,head_predictions,/home/localadmin/experiment_logs/minigrid/sequential_baseline_12m_v1/diagnostics/head/uniform_reservoir/seed_0002/step_000000400000/predictions.npz,2,842f033a84d211b509e2559f39c87845ee5c9de206ef28e392ca39fffa05e790,842f033a84d211b509e2559f39c87845ee5c9de206ef28e392ca39fffa05e790,1740106,400000
uniform_reservoir,True,head_summary,/home/localadmin/experiment_logs/minigrid/sequential_baseline_12m_v1/diagnostics/head/uniform_reservoir/seed_0002/step_000000400000/summary.json,2,5dbd313d49204a3f73d5127b824bd66c5ba20f14799c194f02156c59e8eac28c,5dbd313d49204a3f73d5127b824bd66c5ba20f14799c194f02156c59e8eac28c,98571,400000
uniform_reservoir,True,critic_rollouts,/home/localadmin/experiment_logs/minigrid/sequential_baseline_12m_v1/diagnostics/critic_provenance/uniform_reservoir/seed_0002/step_000000400000/rollout_summary.csv,2,53b5b52c9ca0c818cb082e16f73992d244e23b49c5e92f90b2fc6d7cd0999b48,53b5b52c9ca0c818cb082e16f73992d244e23b49c5e92f90b2fc6d7cd0999b48,3342288,400000
uniform_reservoir,True,critic_summary,/home/localadmin/experiment_logs/minigrid/sequential_baseline_12m_v1/diagnostics/critic_provenance/uniform_reservoir/seed_0002/step_000000400000/summary.json,2,d8b46ca26031c734bb4f5c4fcca86181a633a59f3e7c07177e11d76b0b6730dd,d8b46ca26031c734bb4f5c4fcca86181a633a59f3e7c07177e11d76b0b6730dd,114812,400000
uniform_reservoir,True,head_predictions,/home/localadmin/experiment_logs/minigrid/sequential_baseline_12m_v1/diagnostics/head/uniform_reservoir/seed_0002/step_000000600000/predictions.npz,2,02a4bfb716e9b300f691c9f080f0fc03453703d685fc9f21f84d3c60b208cf91,02a4bfb716e9b300f691c9f080f0fc03453703d685fc9f21f84d3c60b208cf91,1833783,600000
uniform_reservoir,True,head_summary,/home/localadmin/experiment_logs/minigrid/sequential_baseline_12m_v1/diagnostics/head/uniform_reservoir/seed_0002/step_000000600000/summary.json,2,9a0f370e254ce71367990fcaa0c983b25fe3baa02aa65db0bda5447cfd4fcde2,9a0f370e254ce71367990fcaa0c983b25fe3baa02aa65db0bda5447cfd4fcde2,97880,600000
uniform_reservoir,True,critic_rollouts,/home/localadmin/experiment_logs/minigrid/sequential_baseline_12m_v1/diagnostics/critic_provenance/uniform_reservoir/seed_0002/step_000000600000/rollout_summary.csv,2,2aecd8e67e388356522f4656941609cdb1c64096b2b89c972606f9c14b457f1f,2aecd8e67e388356522f4656941609cdb1c64096b2b89c972606f9c14b457f1f,3179981,600000
uniform_reservoir,True,critic_summary,/home/localadmin/experiment_logs/minigrid/sequential_baseline_12m_v1/diagnostics/critic_provenance/uniform_reservoir/seed_0002/step_000000600000/summary.json,2,d06a34b1e4f1783fc9fa8bcd31339aeb3a1deb55f4c481e7d4c222f9b3df9e6c,d06a34b1e4f1783fc9fa8bcd31339aeb3a1deb55f4c481e7d4c222f9b3df9e6c,112699,600000
uniform_reservoir,True,head_predictions,/home/localadmin/experiment_logs/minigrid/sequential_baseline_12m_v1/diagnostics/head/uniform_reservoir/seed_0002/step_000000800000/predictions.npz,2,2a669bdb0c75e1315e89fa7a5c5067df686ea882d8d118fe57ece736d71a205d,2a669bdb0c75e1315e89fa7a5c5067df686ea882d8d118fe57ece736d71a205d,1793957,800000
uniform_reservoir,True,head_summary,/home/localadmin/experiment_logs/minigrid/sequential_baseline_12m_v1/diagnostics/head/uniform_reservoir/seed_0002/step_000000800000/summary.json,2,5d83ea18485715ca2ae3b49f13788efe46bbb77a93cbbb727f6608c1eeaca490,5d83ea18485715ca2ae3b49f13788efe46bbb77a93cbbb727f6608c1eeaca490,98048,800000
uniform_reservoir,True,critic_rollouts,/home/localadmin/experiment_logs/minigrid/sequential_baseline_12m_v1/diagnostics/critic_provenance/uniform_reservoir/seed_0002/step_000000800000/rollout_summary.csv,2,2a49ae02bc4b6aed9b729d8ed8d677e1201ef4ff9234807ff560133cf909cfbd,2a49ae02bc4b6aed9b729d8ed8d677e1201ef4ff9234807ff560133cf909cfbd,3222272,800000
uniform_reservoir,True,critic_summary,/home/localadmin/experiment_logs/minigrid/sequential_baseline_12m_v1/diagnostics/critic_provenance/uniform_reservoir/seed_0002/step_000000800000/summary.json,2,ed836f3c9176522acdad1bbaf022c2273a2084b2a53b09d6efcdeaff91829233,ed836f3c9176522acdad1bbaf022c2273a2084b2a53b09d6efcdeaff91829233,113002,800000
