actent,adapt_actor_grad_norm_mean,adapt_actor_loss_mean,adapt_actor_steps_mean,adapt_actor_update_rms_mean,adapt_adapt_triggers_mean,checkpoint_kind,checkpoint_label,checkpoint_step,complete,condition,deaths,episode_count_exact,episodes,family,goal,horizon,integrity_equal,last_step,logdir,mean_action_length,median_action_length,objective,policy_mode,requested_episodes,reset_count,returncode,seed,source_checkpoint,success_rate,successes
0.0,nan,nan,nan,nan,nan,natural,step_0001250000,1250000,True,frozen,0,True,100,frozen,kill_goblin,0,True,12835,/home/cm150user/crl_ir/logs/rlscape/m4_reservoir_3goal_500k_seed0/stage3b_natural_forgetting_recovery/evaluations/step_0001250000/frozen/kill_goblin/sampled/attempt_01,127.35,138.0,standard,sampled,100,100,0,3000,/home/cm150user/crl_ir/logs/rlscape/m4_reservoir_3goal_500k_seed0/milestones/step_000001250000/checkpoint,0.56,56
0.0,nan,nan,nan,nan,nan,natural,step_0001250000,1250000,True,frozen,0,True,50,frozen,kill_goblin,0,True,6297,/home/cm150user/crl_ir/logs/rlscape/m4_reservoir_3goal_500k_seed0/stage3b_natural_forgetting_recovery/evaluations/step_0001250000/frozen/kill_goblin/deterministic/attempt_01,124.94,138.5,standard,deterministic,50,50,0,3000,/home/cm150user/crl_ir/logs/rlscape/m4_reservoir_3goal_500k_seed0/milestones/step_000001250000/checkpoint,0.64,32
0.0,nan,nan,nan,nan,nan,natural,step_0001250000,1250000,True,frozen,0,True,100,frozen,bury_bones,0,True,10566,/home/cm150user/crl_ir/logs/rlscape/m4_reservoir_3goal_500k_seed0/stage3b_natural_forgetting_recovery/evaluations/step_0001250000/frozen/bury_bones/sampled/attempt_01,104.66,118.5,standard,sampled,100,100,0,3000,/home/cm150user/crl_ir/logs/rlscape/m4_reservoir_3goal_500k_seed0/milestones/step_000001250000/checkpoint,0.71,71
0.0,nan,nan,nan,nan,nan,natural,step_0001250000,1250000,True,frozen,0,True,50,frozen,bury_bones,0,True,7309,/home/cm150user/crl_ir/logs/rlscape/m4_reservoir_3goal_500k_seed0/stage3b_natural_forgetting_recovery/evaluations/step_0001250000/frozen/bury_bones/deterministic/attempt_01,145.18,200.0,standard,deterministic,50,50,0,3000,/home/cm150user/crl_ir/logs/rlscape/m4_reservoir_3goal_500k_seed0/milestones/step_000001250000/checkpoint,0.36,18
0.0,nan,nan,nan,nan,nan,natural,step_0001250000,1250000,True,frozen,0,True,100,frozen,chop_logs,0,True,9749,/home/cm150user/crl_ir/logs/rlscape/m4_reservoir_3goal_500k_seed0/stage3b_natural_forgetting_recovery/evaluations/step_0001250000/frozen/chop_logs/sampled/attempt_01,96.49,76.0,standard,sampled,100,100,0,3000,/home/cm150user/crl_ir/logs/rlscape/m4_reservoir_3goal_500k_seed0/milestones/step_000001250000/checkpoint,0.84,84
0.0,nan,nan,nan,nan,nan,natural,step_0001250000,1250000,True,frozen,0,True,50,frozen,chop_logs,0,True,4959,/home/cm150user/crl_ir/logs/rlscape/m4_reservoir_3goal_500k_seed0/stage3b_natural_forgetting_recovery/evaluations/step_0001250000/frozen/chop_logs/deterministic/attempt_01,98.18,76.0,standard,deterministic,50,50,0,3000,/home/cm150user/crl_ir/logs/rlscape/m4_reservoir_3goal_500k_seed0/milestones/step_000001250000/checkpoint,0.78,39
0.0003,0.04589816533841515,0.0012746152888883904,132.41,1.3107622212121704e-05,132.41,natural,step_0001250000,1250000,True,standard_ir_h6,0,True,100,standard_ir,kill_goblin,6,True,13341,/home/cm150user/crl_ir/logs/rlscape/m4_reservoir_3goal_500k_seed0/stage3b_natural_forgetting_recovery/evaluations/step_0001250000/standard_ir_h6/kill_goblin/sampled/attempt_01,132.41,164.0,standard,sampled,100,100,0,3000,/home/cm150user/crl_ir/logs/rlscape/m4_reservoir_3goal_500k_seed0/milestones/step_000001250000/checkpoint,0.61,61
0.0003,0.03363545108886174,0.002999327196889075,128.68,1.2170356011828086e-05,128.68,natural,step_0001250000,1250000,True,standard_ir_h6,0,True,50,standard_ir,kill_goblin,6,True,6484,/home/cm150user/crl_ir/logs/rlscape/m4_reservoir_3goal_500k_seed0/stage3b_natural_forgetting_recovery/evaluations/step_0001250000/standard_ir_h6/kill_goblin/deterministic/attempt_01,128.68,148.5,standard,deterministic,50,50,0,3000,/home/cm150user/crl_ir/logs/rlscape/m4_reservoir_3goal_500k_seed0/milestones/step_000001250000/checkpoint,0.6,30
0.0003,0.03878847092921105,0.00023456782357015923,192.51,1.1462009459988168e-05,192.51,natural,step_0001250000,1250000,True,standard_ir_h6,0,True,100,standard_ir,bury_bones,6,True,19351,/home/cm150user/crl_ir/logs/rlscape/m4_reservoir_3goal_500k_seed0/stage3b_natural_forgetting_recovery/evaluations/step_0001250000/standard_ir_h6/bury_bones/sampled/attempt_01,192.51,200.0,standard,sampled,100,100,0,3000,/home/cm150user/crl_ir/logs/rlscape/m4_reservoir_3goal_500k_seed0/milestones/step_000001250000/checkpoint,0.07,7
0.0003,0.04280391427301959,0.0010004945406489828,187.74,1.1980566408224717e-05,187.74,natural,step_0001250000,1250000,True,standard_ir_h6,0,True,50,standard_ir,bury_bones,6,True,9437,/home/cm150user/crl_ir/logs/rlscape/m4_reservoir_3goal_500k_seed0/stage3b_natural_forgetting_recovery/evaluations/step_0001250000/standard_ir_h6/bury_bones/deterministic/attempt_01,187.74,200.0,standard,deterministic,50,50,0,3000,/home/cm150user/crl_ir/logs/rlscape/m4_reservoir_3goal_500k_seed0/milestones/step_000001250000/checkpoint,0.12,6
0.0003,0.031623974167298,-0.004083186683611248,133.41,1.2759650569347824e-05,133.41,natural,step_0001250000,1250000,True,standard_ir_h6,0,True,100,standard_ir,chop_logs,6,True,13441,/home/cm150user/crl_ir/logs/rlscape/m4_reservoir_3goal_500k_seed0/stage3b_natural_forgetting_recovery/evaluations/step_0001250000/standard_ir_h6/chop_logs/sampled/attempt_01,133.41,156.5,standard,sampled,100,100,0,3000,/home/cm150user/crl_ir/logs/rlscape/m4_reservoir_3goal_500k_seed0/milestones/step_000001250000/checkpoint,0.53,53
0.0003,0.021895281857664747,-0.006484831584306769,159.8,1.1596916720595678e-05,159.8,natural,step_0001250000,1250000,True,standard_ir_h6,0,True,50,standard_ir,chop_logs,6,True,8040,/home/cm150user/crl_ir/logs/rlscape/m4_reservoir_3goal_500k_seed0/stage3b_natural_forgetting_recovery/evaluations/step_0001250000/standard_ir_h6/chop_logs/deterministic/attempt_01,159.8,200.0,standard,deterministic,50,50,0,3000,/home/cm150user/crl_ir/logs/rlscape/m4_reservoir_3goal_500k_seed0/milestones/step_000001250000/checkpoint,0.34,17
0.0,0.04529444432474996,0.004880068658250154,112.13,1.3080025905326981e-05,112.13,natural,step_0001250000,1250000,True,reward_only_ir_h6,0,True,100,reward_only_ir,kill_goblin,6,True,11313,/home/cm150user/crl_ir/logs/rlscape/m4_reservoir_3goal_500k_seed0/stage3b_natural_forgetting_recovery/evaluations/step_0001250000/reward_only_ir_h6/kill_goblin/sampled/attempt_01,112.13,112.5,reward_only,sampled,100,100,0,3000,/home/cm150user/crl_ir/logs/rlscape/m4_reservoir_3goal_500k_seed0/milestones/step_000001250000/checkpoint,0.74,74
0.0,0.041373011298727856,0.0048647451556806,108.46,1.2267282941213842e-05,108.46,natural,step_0001250000,1250000,True,reward_only_ir_h6,0,True,50,reward_only_ir,kill_goblin,6,True,5473,/home/cm150user/crl_ir/logs/rlscape/m4_reservoir_3goal_500k_seed0/stage3b_natural_forgetting_recovery/evaluations/step_0001250000/reward_only_ir_h6/kill_goblin/deterministic/attempt_01,108.46,111.0,reward_only,deterministic,50,50,0,3000,/home/cm150user/crl_ir/logs/rlscape/m4_reservoir_3goal_500k_seed0/milestones/step_000001250000/checkpoint,0.8,40
0.0,0.04444687954608753,0.004566274437155735,97.96,1.4075293566411438e-05,97.96,natural,step_0001250000,1250000,True,reward_only_ir_h6,0,True,100,reward_only_ir,bury_bones,6,True,9896,/home/cm150user/crl_ir/logs/rlscape/m4_reservoir_3goal_500k_seed0/stage3b_natural_forgetting_recovery/evaluations/step_0001250000/reward_only_ir_h6/bury_bones/sampled/attempt_01,97.96,95.5,reward_only,sampled,100,100,0,3000,/home/cm150user/crl_ir/logs/rlscape/m4_reservoir_3goal_500k_seed0/milestones/step_000001250000/checkpoint,0.95,95
0.0,0.031671532049761725,0.004637406042765869,112.54,1.4001002938773177e-05,112.54,natural,step_0001250000,1250000,True,reward_only_ir_h6,0,True,50,reward_only_ir,bury_bones,6,True,5677,/home/cm150user/crl_ir/logs/rlscape/m4_reservoir_3goal_500k_seed0/stage3b_natural_forgetting_recovery/evaluations/step_0001250000/reward_only_ir_h6/bury_bones/deterministic/attempt_01,112.54,101.5,reward_only,deterministic,50,50,0,3000,/home/cm150user/crl_ir/logs/rlscape/m4_reservoir_3goal_500k_seed0/milestones/step_000001250000/checkpoint,0.9,45
0.0,0.05163572872987873,0.015624770307710338,93.24,1.7434471520741647e-05,93.24,natural,step_0001250000,1250000,True,reward_only_ir_h6,0,True,100,reward_only_ir,chop_logs,6,True,9424,/home/cm150user/crl_ir/logs/rlscape/m4_reservoir_3goal_500k_seed0/stage3b_natural_forgetting_recovery/evaluations/step_0001250000/reward_only_ir_h6/chop_logs/sampled/attempt_01,93.24,74.0,reward_only,sampled,100,100,0,3000,/home/cm150user/crl_ir/logs/rlscape/m4_reservoir_3goal_500k_seed0/milestones/step_000001250000/checkpoint,0.75,75
0.0,0.06839866883458244,0.026351784975929212,100.34,1.9099506901213822e-05,100.34,natural,step_0001250000,1250000,True,reward_only_ir_h6,0,True,50,reward_only_ir,chop_logs,6,True,5067,/home/cm150user/crl_ir/logs/rlscape/m4_reservoir_3goal_500k_seed0/stage3b_natural_forgetting_recovery/evaluations/step_0001250000/reward_only_ir_h6/chop_logs/deterministic/attempt_01,100.34,63.5,reward_only,deterministic,50,50,0,3000,/home/cm150user/crl_ir/logs/rlscape/m4_reservoir_3goal_500k_seed0/milestones/step_000001250000/checkpoint,0.7,35
0.0,0.06440967656890512,0.01755985432295888,99.15,1.727279352922998e-05,99.15,natural,step_0001250000,1250000,True,reward_only_ir_h15,0,True,100,reward_only_ir,kill_goblin,15,True,10015,/home/cm150user/crl_ir/logs/rlscape/m4_reservoir_3goal_500k_seed0/stage3b_natural_forgetting_recovery/evaluations/step_0001250000/reward_only_ir_h15/kill_goblin/sampled/attempt_01,99.15,81.0,reward_only,sampled,100,100,0,3000,/home/cm150user/crl_ir/logs/rlscape/m4_reservoir_3goal_500k_seed0/milestones/step_000001250000/checkpoint,0.76,76
0.0,0.10761158719893366,0.033783506070008885,124.52,1.7283997117790463e-05,124.52,natural,step_0001250000,1250000,True,reward_only_ir_h15,0,True,50,reward_only_ir,kill_goblin,15,True,6276,/home/cm150user/crl_ir/logs/rlscape/m4_reservoir_3goal_500k_seed0/stage3b_natural_forgetting_recovery/evaluations/step_0001250000/reward_only_ir_h15/kill_goblin/deterministic/attempt_01,124.52,125.0,reward_only,deterministic,50,50,0,3000,/home/cm150user/crl_ir/logs/rlscape/m4_reservoir_3goal_500k_seed0/milestones/step_000001250000/checkpoint,0.6,30
0.0,0.049407974191354696,0.015260665615820639,58.05,2.451274497492731e-05,58.05,natural,step_0001250000,1250000,True,reward_only_ir_h15,0,True,100,reward_only_ir,bury_bones,15,True,5905,/home/cm150user/crl_ir/logs/rlscape/m4_reservoir_3goal_500k_seed0/stage3b_natural_forgetting_recovery/evaluations/step_0001250000/reward_only_ir_h15/bury_bones/sampled/attempt_01,58.05,59.5,reward_only,sampled,100,100,0,3000,/home/cm150user/crl_ir/logs/rlscape/m4_reservoir_3goal_500k_seed0/milestones/step_000001250000/checkpoint,0.99,99
0.0,0.04618703882448878,0.020366761634733995,85.88,1.9686669764949035e-05,85.88,natural,step_0001250000,1250000,True,reward_only_ir_h15,0,True,50,reward_only_ir,bury_bones,15,True,4344,/home/cm150user/crl_ir/logs/rlscape/m4_reservoir_3goal_500k_seed0/stage3b_natural_forgetting_recovery/evaluations/step_0001250000/reward_only_ir_h15/bury_bones/deterministic/attempt_01,85.88,87.5,reward_only,deterministic,50,50,0,3000,/home/cm150user/crl_ir/logs/rlscape/m4_reservoir_3goal_500k_seed0/milestones/step_000001250000/checkpoint,0.96,48
0.0,0.05806736880374645,0.05112643644655999,85.66,1.8127286003102766e-05,85.66,natural,step_0001250000,1250000,True,reward_only_ir_h15,0,True,100,reward_only_ir,chop_logs,15,True,8666,/home/cm150user/crl_ir/logs/rlscape/m4_reservoir_3goal_500k_seed0/stage3b_natural_forgetting_recovery/evaluations/step_0001250000/reward_only_ir_h15/chop_logs/sampled/attempt_01,85.66,58.0,reward_only,sampled,100,100,0,3000,/home/cm150user/crl_ir/logs/rlscape/m4_reservoir_3goal_500k_seed0/milestones/step_000001250000/checkpoint,0.76,76
0.0,0.054920556540558614,0.041390758304909854,90.36,1.804610204234985e-05,90.36,natural,step_0001250000,1250000,True,reward_only_ir_h15,0,True,50,reward_only_ir,chop_logs,15,True,4568,/home/cm150user/crl_ir/logs/rlscape/m4_reservoir_3goal_500k_seed0/stage3b_natural_forgetting_recovery/evaluations/step_0001250000/reward_only_ir_h15/chop_logs/deterministic/attempt_01,90.36,66.0,reward_only,deterministic,50,50,0,3000,/home/cm150user/crl_ir/logs/rlscape/m4_reservoir_3goal_500k_seed0/milestones/step_000001250000/checkpoint,0.78,39
0.0,0.06313691564587855,0.022095517752518563,103.4,1.7204151522384988e-05,103.4,natural,step_0001250000,1250000,True,reward_only_ir_h20,0,True,100,reward_only_ir,kill_goblin,20,True,10440,/home/cm150user/crl_ir/logs/rlscape/m4_reservoir_3goal_500k_seed0/stage3b_natural_forgetting_recovery/evaluations/step_0001250000/reward_only_ir_h20/kill_goblin/sampled/attempt_01,103.4,86.5,reward_only,sampled,100,100,0,3000,/home/cm150user/crl_ir/logs/rlscape/m4_reservoir_3goal_500k_seed0/milestones/step_000001250000/checkpoint,0.73,73
0.0,0.08890665582782155,0.03136211899766204,103.06,1.6896730215798824e-05,103.06,natural,step_0001250000,1250000,True,reward_only_ir_h20,0,True,50,reward_only_ir,kill_goblin,20,True,5203,/home/cm150user/crl_ir/logs/rlscape/m4_reservoir_3goal_500k_seed0/stage3b_natural_forgetting_recovery/evaluations/step_0001250000/reward_only_ir_h20/kill_goblin/deterministic/attempt_01,103.06,83.0,reward_only,deterministic,50,50,0,3000,/home/cm150user/crl_ir/logs/rlscape/m4_reservoir_3goal_500k_seed0/milestones/step_000001250000/checkpoint,0.76,38
0.0,0.05346564857942057,0.019327374597467493,64.37,2.4000765406352198e-05,64.37,natural,step_0001250000,1250000,True,reward_only_ir_h20,0,True,100,reward_only_ir,bury_bones,20,True,6537,/home/cm150user/crl_ir/logs/rlscape/m4_reservoir_3goal_500k_seed0/stage3b_natural_forgetting_recovery/evaluations/step_0001250000/reward_only_ir_h20/bury_bones/sampled/attempt_01,64.37,72.5,reward_only,sampled,100,100,0,3000,/home/cm150user/crl_ir/logs/rlscape/m4_reservoir_3goal_500k_seed0/milestones/step_000001250000/checkpoint,1.0,100
0.0,0.058886737633008224,0.02338324925267296,63.46,2.343906387874695e-05,63.46,natural,step_0001250000,1250000,True,reward_only_ir_h20,0,True,50,reward_only_ir,bury_bones,20,True,3223,/home/cm150user/crl_ir/logs/rlscape/m4_reservoir_3goal_500k_seed0/stage3b_natural_forgetting_recovery/evaluations/step_0001250000/reward_only_ir_h20/bury_bones/deterministic/attempt_01,63.46,60.5,reward_only,deterministic,50,50,0,3000,/home/cm150user/crl_ir/logs/rlscape/m4_reservoir_3goal_500k_seed0/milestones/step_000001250000/checkpoint,0.98,49
0.0,0.055267632696374455,0.05221626756524089,79.98,1.7253716686134483e-05,79.98,natural,step_0001250000,1250000,True,reward_only_ir_h20,0,True,100,reward_only_ir,chop_logs,20,True,8098,/home/cm150user/crl_ir/logs/rlscape/m4_reservoir_3goal_500k_seed0/stage3b_natural_forgetting_recovery/evaluations/step_0001250000/reward_only_ir_h20/chop_logs/sampled/attempt_01,79.98,62.5,reward_only,sampled,100,100,0,3000,/home/cm150user/crl_ir/logs/rlscape/m4_reservoir_3goal_500k_seed0/milestones/step_000001250000/checkpoint,0.88,88
0.0,0.06161446770316752,0.06609495765870688,86.8,1.7417224692554303e-05,86.8,natural,step_0001250000,1250000,True,reward_only_ir_h20,0,True,50,reward_only_ir,chop_logs,20,True,4390,/home/cm150user/crl_ir/logs/rlscape/m4_reservoir_3goal_500k_seed0/stage3b_natural_forgetting_recovery/evaluations/step_0001250000/reward_only_ir_h20/chop_logs/deterministic/attempt_01,86.8,59.0,reward_only,deterministic,50,50,0,3000,/home/cm150user/crl_ir/logs/rlscape/m4_reservoir_3goal_500k_seed0/milestones/step_000001250000/checkpoint,0.8,40
0.0,nan,nan,nan,nan,nan,natural,step_0001500000,1500000,True,frozen,0,True,100,frozen,kill_goblin,0,True,17891,/home/cm150user/crl_ir/logs/rlscape/m4_reservoir_3goal_500k_seed0/stage3b_natural_forgetting_recovery/evaluations/step_0001500000/frozen/kill_goblin/sampled/attempt_01,177.91,200.0,standard,sampled,100,100,0,3000,/home/cm150user/crl_ir/logs/rlscape/m4_reservoir_3goal_500k_seed0/milestones/step_000001500000/checkpoint,0.23,23
0.0,nan,nan,nan,nan,nan,natural,step_0001500000,1500000,True,frozen,0,True,50,frozen,kill_goblin,0,True,8312,/home/cm150user/crl_ir/logs/rlscape/m4_reservoir_3goal_500k_seed0/stage3b_natural_forgetting_recovery/evaluations/step_0001500000/frozen/kill_goblin/deterministic/attempt_01,165.24,200.0,standard,deterministic,50,50,0,3000,/home/cm150user/crl_ir/logs/rlscape/m4_reservoir_3goal_500k_seed0/milestones/step_000001500000/checkpoint,0.26,13
0.0,nan,nan,nan,nan,nan,natural,step_0001500000,1500000,True,frozen,0,True,100,frozen,bury_bones,0,True,17856,/home/cm150user/crl_ir/logs/rlscape/m4_reservoir_3goal_500k_seed0/stage3b_natural_forgetting_recovery/evaluations/step_0001500000/frozen/bury_bones/sampled/attempt_01,177.56,200.0,standard,sampled,100,100,0,3000,/home/cm150user/crl_ir/logs/rlscape/m4_reservoir_3goal_500k_seed0/milestones/step_000001500000/checkpoint,0.14,14
0.0,nan,nan,nan,nan,nan,natural,step_0001500000,1500000,True,frozen,0,True,50,frozen,bury_bones,0,True,9843,/home/cm150user/crl_ir/logs/rlscape/m4_reservoir_3goal_500k_seed0/stage3b_natural_forgetting_recovery/evaluations/step_0001500000/frozen/bury_bones/deterministic/attempt_01,195.86,200.0,standard,deterministic,50,50,0,3000,/home/cm150user/crl_ir/logs/rlscape/m4_reservoir_3goal_500k_seed0/milestones/step_000001500000/checkpoint,0.04,2
0.0,nan,nan,nan,nan,nan,natural,step_0001500000,1500000,True,frozen,0,True,100,frozen,chop_logs,0,True,19689,/home/cm150user/crl_ir/logs/rlscape/m4_reservoir_3goal_500k_seed0/stage3b_natural_forgetting_recovery/evaluations/step_0001500000/frozen/chop_logs/sampled/attempt_01,195.89,200.0,standard,sampled,100,100,0,3000,/home/cm150user/crl_ir/logs/rlscape/m4_reservoir_3goal_500k_seed0/milestones/step_000001500000/checkpoint,0.03,3
0.0,nan,nan,nan,nan,nan,natural,step_0001500000,1500000,True,frozen,0,True,50,frozen,chop_logs,0,True,9742,/home/cm150user/crl_ir/logs/rlscape/m4_reservoir_3goal_500k_seed0/stage3b_natural_forgetting_recovery/evaluations/step_0001500000/frozen/chop_logs/deterministic/attempt_01,193.84,200.0,standard,deterministic,50,50,0,3000,/home/cm150user/crl_ir/logs/rlscape/m4_reservoir_3goal_500k_seed0/milestones/step_000001500000/checkpoint,0.04,2
0.0003,0.03958812350518784,0.0016713722949625218,138.65,1.311571138561704e-05,138.65,natural,step_0001500000,1500000,True,standard_ir_h6,0,True,100,standard_ir,kill_goblin,6,True,13965,/home/cm150user/crl_ir/logs/rlscape/m4_reservoir_3goal_500k_seed0/stage3b_natural_forgetting_recovery/evaluations/step_0001500000/standard_ir_h6/kill_goblin/sampled/attempt_01,138.65,200.0,standard,sampled,100,100,0,3000,/home/cm150user/crl_ir/logs/rlscape/m4_reservoir_3goal_500k_seed0/milestones/step_000001500000/checkpoint,0.46,46
0.0003,0.03899827386687781,0.0018640663473491598,151.44,1.3560910404137822e-05,151.44,natural,step_0001500000,1500000,True,standard_ir_h6,0,True,50,standard_ir,kill_goblin,6,True,7622,/home/cm150user/crl_ir/logs/rlscape/m4_reservoir_3goal_500k_seed0/stage3b_natural_forgetting_recovery/evaluations/step_0001500000/standard_ir_h6/kill_goblin/deterministic/attempt_01,151.44,200.0,standard,deterministic,50,50,0,3000,/home/cm150user/crl_ir/logs/rlscape/m4_reservoir_3goal_500k_seed0/milestones/step_000001500000/checkpoint,0.36,18
0.0003,0.042274370945715366,0.005237086400940501,198.15,1.1919343521565656e-05,198.15,natural,step_0001500000,1500000,True,standard_ir_h6,0,True,100,standard_ir,bury_bones,6,True,19915,/home/cm150user/crl_ir/logs/rlscape/m4_reservoir_3goal_500k_seed0/stage3b_natural_forgetting_recovery/evaluations/step_0001500000/standard_ir_h6/bury_bones/sampled/attempt_01,198.15,200.0,standard,sampled,100,100,0,3000,/home/cm150user/crl_ir/logs/rlscape/m4_reservoir_3goal_500k_seed0/milestones/step_000001500000/checkpoint,0.02,2
0.0003,0.05116261577368958,0.008652866436072614,200.0,1.2268821447119647e-05,200.0,natural,step_0001500000,1500000,True,standard_ir_h6,0,True,50,standard_ir,bury_bones,6,True,10050,/home/cm150user/crl_ir/logs/rlscape/m4_reservoir_3goal_500k_seed0/stage3b_natural_forgetting_recovery/evaluations/step_0001500000/standard_ir_h6/bury_bones/deterministic/attempt_01,200.0,200.0,standard,deterministic,50,50,0,3000,/home/cm150user/crl_ir/logs/rlscape/m4_reservoir_3goal_500k_seed0/milestones/step_000001500000/checkpoint,0.0,0
0.0003,0.02568321959075343,0.0031032002236476104,189.44,1.158352355625048e-05,189.44,natural,step_0001500000,1500000,True,standard_ir_h6,0,True,100,standard_ir,chop_logs,6,True,19044,/home/cm150user/crl_ir/logs/rlscape/m4_reservoir_3goal_500k_seed0/stage3b_natural_forgetting_recovery/evaluations/step_0001500000/standard_ir_h6/chop_logs/sampled/attempt_01,189.44,200.0,standard,sampled,100,100,0,3000,/home/cm150user/crl_ir/logs/rlscape/m4_reservoir_3goal_500k_seed0/milestones/step_000001500000/checkpoint,0.09,9
0.0003,0.02119005273136444,-0.0002506019060392219,184.98,1.1748803435545187e-05,184.98,natural,step_0001500000,1500000,True,standard_ir_h6,0,True,50,standard_ir,chop_logs,6,True,9299,/home/cm150user/crl_ir/logs/rlscape/m4_reservoir_3goal_500k_seed0/stage3b_natural_forgetting_recovery/evaluations/step_0001500000/standard_ir_h6/chop_logs/deterministic/attempt_01,184.98,200.0,standard,deterministic,50,50,0,3000,/home/cm150user/crl_ir/logs/rlscape/m4_reservoir_3goal_500k_seed0/milestones/step_000001500000/checkpoint,0.12,6
0.0,0.010278382588602248,0.0012150445212899656,158.08,1.0491805788265907e-05,158.08,natural,step_0001500000,1500000,True,reward_only_ir_h6,0,True,100,reward_only_ir,kill_goblin,6,True,15908,/home/cm150user/crl_ir/logs/rlscape/m4_reservoir_3goal_500k_seed0/stage3b_natural_forgetting_recovery/evaluations/step_0001500000/reward_only_ir_h6/kill_goblin/sampled/attempt_01,158.08,200.0,reward_only,sampled,100,100,0,3000,/home/cm150user/crl_ir/logs/rlscape/m4_reservoir_3goal_500k_seed0/milestones/step_000001500000/checkpoint,0.37,37
0.0,0.008319963419354315,0.0005998067387265368,170.9,9.228949196633386e-06,170.9,natural,step_0001500000,1500000,True,reward_only_ir_h6,0,True,50,reward_only_ir,kill_goblin,6,True,8595,/home/cm150user/crl_ir/logs/rlscape/m4_reservoir_3goal_500k_seed0/stage3b_natural_forgetting_recovery/evaluations/step_0001500000/reward_only_ir_h6/kill_goblin/deterministic/attempt_01,170.9,200.0,reward_only,deterministic,50,50,0,3000,/home/cm150user/crl_ir/logs/rlscape/m4_reservoir_3goal_500k_seed0/milestones/step_000001500000/checkpoint,0.24,12
0.0,0.006935410081314733,0.0005785078742610686,189.05,8.470754582981603e-06,189.05,natural,step_0001500000,1500000,True,reward_only_ir_h6,0,True,100,reward_only_ir,bury_bones,6,True,19005,/home/cm150user/crl_ir/logs/rlscape/m4_reservoir_3goal_500k_seed0/stage3b_natural_forgetting_recovery/evaluations/step_0001500000/reward_only_ir_h6/bury_bones/sampled/attempt_01,189.05,200.0,reward_only,sampled,100,100,0,3000,/home/cm150user/crl_ir/logs/rlscape/m4_reservoir_3goal_500k_seed0/milestones/step_000001500000/checkpoint,0.17,17
0.0,0.005724025960642214,0.0005088764323416365,191.06,7.768752907241316e-06,191.06,natural,step_0001500000,1500000,True,reward_only_ir_h6,0,True,50,reward_only_ir,bury_bones,6,True,9603,/home/cm150user/crl_ir/logs/rlscape/m4_reservoir_3goal_500k_seed0/stage3b_natural_forgetting_recovery/evaluations/step_0001500000/reward_only_ir_h6/bury_bones/deterministic/attempt_01,191.06,200.0,reward_only,deterministic,50,50,0,3000,/home/cm150user/crl_ir/logs/rlscape/m4_reservoir_3goal_500k_seed0/milestones/step_000001500000/checkpoint,0.12,6
0.0,0.0008926647120906378,6.595518740784646e-05,184.73,9.681105857516633e-06,184.73,natural,step_0001500000,1500000,True,reward_only_ir_h6,0,True,100,reward_only_ir,chop_logs,6,True,18573,/home/cm150user/crl_ir/logs/rlscape/m4_reservoir_3goal_500k_seed0/stage3b_natural_forgetting_recovery/evaluations/step_0001500000/reward_only_ir_h6/chop_logs/sampled/attempt_01,184.73,200.0,reward_only,sampled,100,100,0,3000,/home/cm150user/crl_ir/logs/rlscape/m4_reservoir_3goal_500k_seed0/milestones/step_000001500000/checkpoint,0.11,11
0.0,0.0015015930720794534,0.0001760483147248944,183.06,9.508132079252574e-06,183.06,natural,step_0001500000,1500000,True,reward_only_ir_h6,0,True,50,reward_only_ir,chop_logs,6,True,9203,/home/cm150user/crl_ir/logs/rlscape/m4_reservoir_3goal_500k_seed0/stage3b_natural_forgetting_recovery/evaluations/step_0001500000/reward_only_ir_h6/chop_logs/deterministic/attempt_01,183.06,200.0,reward_only,deterministic,50,50,0,3000,/home/cm150user/crl_ir/logs/rlscape/m4_reservoir_3goal_500k_seed0/milestones/step_000001500000/checkpoint,0.14,7
0.0,0.03654730689198953,0.007099507765593194,173.75,1.4807506471858097e-05,173.75,natural,step_0001500000,1500000,True,reward_only_ir_h15,0,True,100,reward_only_ir,kill_goblin,15,True,17475,/home/cm150user/crl_ir/logs/rlscape/m4_reservoir_3goal_500k_seed0/stage3b_natural_forgetting_recovery/evaluations/step_0001500000/reward_only_ir_h15/kill_goblin/sampled/attempt_01,173.75,200.0,reward_only,sampled,100,100,0,3000,/home/cm150user/crl_ir/logs/rlscape/m4_reservoir_3goal_500k_seed0/milestones/step_000001500000/checkpoint,0.2,20
0.0,0.017314933272578718,0.003616118004237223,146.18,1.2753579207093508e-05,146.18,natural,step_0001500000,1500000,True,reward_only_ir_h15,0,True,50,reward_only_ir,kill_goblin,15,True,7359,/home/cm150user/crl_ir/logs/rlscape/m4_reservoir_3goal_500k_seed0/stage3b_natural_forgetting_recovery/evaluations/step_0001500000/reward_only_ir_h15/kill_goblin/deterministic/attempt_01,146.18,200.0,reward_only,deterministic,50,50,0,3000,/home/cm150user/crl_ir/logs/rlscape/m4_reservoir_3goal_500k_seed0/milestones/step_000001500000/checkpoint,0.38,19
0.0,0.04842025730112718,0.010124944916422171,94.05,2.1228136511416833e-05,94.05,natural,step_0001500000,1500000,True,reward_only_ir_h15,0,True,100,reward_only_ir,bury_bones,15,True,9505,/home/cm150user/crl_ir/logs/rlscape/m4_reservoir_3goal_500k_seed0/stage3b_natural_forgetting_recovery/evaluations/step_0001500000/reward_only_ir_h15/bury_bones/sampled/attempt_01,94.05,93.5,reward_only,sampled,100,100,0,3000,/home/cm150user/crl_ir/logs/rlscape/m4_reservoir_3goal_500k_seed0/milestones/step_000001500000/checkpoint,0.91,91
0.0,0.0516933387521999,0.012336218089177403,101.92,2.1830331800433692e-05,101.92,natural,step_0001500000,1500000,True,reward_only_ir_h15,0,True,50,reward_only_ir,bury_bones,15,True,5146,/home/cm150user/crl_ir/logs/rlscape/m4_reservoir_3goal_500k_seed0/stage3b_natural_forgetting_recovery/evaluations/step_0001500000/reward_only_ir_h15/bury_bones/deterministic/attempt_01,101.92,107.5,reward_only,deterministic,50,50,0,3000,/home/cm150user/crl_ir/logs/rlscape/m4_reservoir_3goal_500k_seed0/milestones/step_000001500000/checkpoint,0.86,43
0.0,0.002128846177895663,0.00034156031456746114,190.46,1.1284100520242599e-05,190.46,natural,step_0001500000,1500000,True,reward_only_ir_h15,0,True,100,reward_only_ir,chop_logs,15,True,19146,/home/cm150user/crl_ir/logs/rlscape/m4_reservoir_3goal_500k_seed0/stage3b_natural_forgetting_recovery/evaluations/step_0001500000/reward_only_ir_h15/chop_logs/sampled/attempt_01,190.46,200.0,reward_only,sampled,100,100,0,3000,/home/cm150user/crl_ir/logs/rlscape/m4_reservoir_3goal_500k_seed0/milestones/step_000001500000/checkpoint,0.08,8
0.0,0.0012972771190677872,0.00014998775457916193,193.06,9.173741515867121e-06,193.06,natural,step_0001500000,1500000,True,reward_only_ir_h15,0,True,50,reward_only_ir,chop_logs,15,True,9703,/home/cm150user/crl_ir/logs/rlscape/m4_reservoir_3goal_500k_seed0/stage3b_natural_forgetting_recovery/evaluations/step_0001500000/reward_only_ir_h15/chop_logs/deterministic/attempt_01,193.06,200.0,reward_only,deterministic,50,50,0,3000,/home/cm150user/crl_ir/logs/rlscape/m4_reservoir_3goal_500k_seed0/milestones/step_000001500000/checkpoint,0.04,2
0.0,0.03561986631187332,0.008921037010395995,143.07,1.4940529316217697e-05,143.07,natural,step_0001500000,1500000,True,reward_only_ir_h20,0,True,100,reward_only_ir,kill_goblin,20,True,14407,/home/cm150user/crl_ir/logs/rlscape/m4_reservoir_3goal_500k_seed0/stage3b_natural_forgetting_recovery/evaluations/step_0001500000/reward_only_ir_h20/kill_goblin/sampled/attempt_01,143.07,200.0,reward_only,sampled,100,100,0,3000,/home/cm150user/crl_ir/logs/rlscape/m4_reservoir_3goal_500k_seed0/milestones/step_000001500000/checkpoint,0.44,44
0.0,0.019608940406222578,0.00564836196467458,177.6,1.3258422352816043e-05,177.6,natural,step_0001500000,1500000,True,reward_only_ir_h20,0,True,50,reward_only_ir,kill_goblin,20,True,8930,/home/cm150user/crl_ir/logs/rlscape/m4_reservoir_3goal_500k_seed0/stage3b_natural_forgetting_recovery/evaluations/step_0001500000/reward_only_ir_h20/kill_goblin/deterministic/attempt_01,177.6,200.0,reward_only,deterministic,50,50,0,3000,/home/cm150user/crl_ir/logs/rlscape/m4_reservoir_3goal_500k_seed0/milestones/step_000001500000/checkpoint,0.18,9
0.0,0.05746716568652084,0.017156749221404994,113.7,2.018774519117268e-05,113.7,natural,step_0001500000,1500000,True,reward_only_ir_h20,0,True,100,reward_only_ir,bury_bones,20,True,11470,/home/cm150user/crl_ir/logs/rlscape/m4_reservoir_3goal_500k_seed0/stage3b_natural_forgetting_recovery/evaluations/step_0001500000/reward_only_ir_h20/bury_bones/sampled/attempt_01,113.7,109.5,reward_only,sampled,100,100,0,3000,/home/cm150user/crl_ir/logs/rlscape/m4_reservoir_3goal_500k_seed0/milestones/step_000001500000/checkpoint,0.78,78
0.0,0.046594704373844935,0.014497481720032594,111.86,2.1490540772296225e-05,111.86,natural,step_0001500000,1500000,True,reward_only_ir_h20,0,True,50,reward_only_ir,bury_bones,20,True,5643,/home/cm150user/crl_ir/logs/rlscape/m4_reservoir_3goal_500k_seed0/stage3b_natural_forgetting_recovery/evaluations/step_0001500000/reward_only_ir_h20/bury_bones/deterministic/attempt_01,111.86,122.5,reward_only,deterministic,50,50,0,3000,/home/cm150user/crl_ir/logs/rlscape/m4_reservoir_3goal_500k_seed0/milestones/step_000001500000/checkpoint,0.78,39
0.0,0.003987323769773183,0.0018308614150204846,189.13,1.3239416367799303e-05,189.13,natural,step_0001500000,1500000,True,reward_only_ir_h20,0,True,100,reward_only_ir,chop_logs,20,True,19013,/home/cm150user/crl_ir/logs/rlscape/m4_reservoir_3goal_500k_seed0/stage3b_natural_forgetting_recovery/evaluations/step_0001500000/reward_only_ir_h20/chop_logs/sampled/attempt_01,189.13,200.0,reward_only,sampled,100,100,0,3000,/home/cm150user/crl_ir/logs/rlscape/m4_reservoir_3goal_500k_seed0/milestones/step_000001500000/checkpoint,0.08,8
0.0,0.010367791642486149,0.003912447648543799,189.22,1.3916932050165546e-05,189.22,natural,step_0001500000,1500000,True,reward_only_ir_h20,0,True,50,reward_only_ir,chop_logs,20,True,9511,/home/cm150user/crl_ir/logs/rlscape/m4_reservoir_3goal_500k_seed0/stage3b_natural_forgetting_recovery/evaluations/step_0001500000/reward_only_ir_h20/chop_logs/deterministic/attempt_01,189.22,200.0,reward_only,deterministic,50,50,0,3000,/home/cm150user/crl_ir/logs/rlscape/m4_reservoir_3goal_500k_seed0/milestones/step_000001500000/checkpoint,0.1,5
