actent,adapt_actor_grad_norm_mean,adapt_actor_loss_mean,adapt_actor_steps_mean,adapt_actor_update_rms_mean,adapt_adapt_triggers_mean,canonical_stage,checkpoint_kind,complete,compute_actor_updates_mean,compute_actor_updates_sum,compute_adapt_seconds_mean,compute_adapt_seconds_sum,compute_after_probe_seconds_mean,compute_after_probe_seconds_sum,compute_before_probe_seconds_mean,compute_before_probe_seconds_sum,compute_cheap_seconds_mean,compute_cheap_seconds_sum,compute_consequence_seconds_mean,compute_consequence_seconds_sum,compute_imagined_transitions_mean,compute_imagined_transitions_sum,compute_posterior_samples_mean,compute_posterior_samples_sum,compute_rejected_actor_updates_mean,compute_rejected_actor_updates_sum,compute_tentative_actor_updates_mean,compute_tentative_actor_updates_sum,compute_training_rollout_seconds_mean,compute_training_rollout_seconds_sum,condition,deaths,environment_steps,episode_count_exact,episodes,evaluation_seconds,family,gate_actor_entropy_mean,gate_actor_entropy_sum,gate_after_reward_return_mean_mean,gate_after_reward_return_mean_sum,gate_after_success_rate_mean,gate_after_success_rate_sum,gate_baseline_pass_mean,gate_baseline_pass_sum,gate_before_reward_return_mean_mean,gate_before_reward_return_mean_sum,gate_before_success_rate_mean,gate_before_success_rate_sum,gate_cheap_pass_mean,gate_cheap_pass_sum,gate_consequence_evaluated_mean,gate_consequence_evaluated_sum,gate_consequence_pass_mean,gate_consequence_pass_sum,gate_enabled,gate_evaluated_mean,gate_evaluated_sum,gate_final_pass_mean,gate_final_pass_sum,gate_js_disagreement_mean,gate_js_disagreement_sum,gate_kind,gate_posterior_entropy_mean,gate_posterior_entropy_sum,gate_reject_streak_mean,gate_reject_streak_sum,gate_score_after_mean,gate_score_after_sum,gate_score_before_mean,gate_score_before_sum,gate_score_improvement_mean,gate_score_improvement_sum,gate_success_action_concentration_mean,gate_success_action_concentration_sum,gate_success_action_divergence_mean,gate_success_action_divergence_sum,gate_success_rate_mean,gate_success_rate_sum,gate_virtual_active_after_mean,gate_virtual_active_after_sum,gate_virtual_active_before_mean,gate_virtual_active_before_sum,goal,horizon,integrity_equal,last_step,logdir,mean_action_length,median_action_length,mix_beta,objective,objective_label,paired_rng_verified,persistence,persistent_frozen_component_violations,policy_mode,random_updates,replicate,requested_episodes,reset_count,returncode,seed,source_checkpoint,steps_per_second,success_rate,successes,trace_rows,update_budget,virtual_accept_mode,warmup_episodes,warmup_seconds
0.0,nan,nan,nan,nan,nan,stage5b2a,source,True,nan,0.0,nan,0.0,nan,0.0,nan,0.0,nan,0.0,nan,0.0,nan,0.0,nan,0.0,nan,0.0,nan,0.0,nan,0.0,no_ir,0,10050,True,50,1203.7877988100518,no_ir,nan,0.0,nan,0.0,nan,0.0,nan,0.0,nan,0.0,nan,0.0,nan,0.0,nan,0.0,nan,0.0,False,nan,0.0,nan,0.0,nan,0.0,none,nan,0.0,nan,0.0,nan,0.0,nan,0.0,nan,0.0,nan,0.0,nan,0.0,nan,0.0,nan,0.0,nan,0.0,bury_bones,15,True,10251,/home/localadmin/imagined_rehearsal/logs/rlscape/m4_reservoir_3goal_500k_seed0/stage5b2a_bury_autopsy/evaluations/replicate_00/no_ir/attempt_01,200.0,200.0,0.0,standard,no_ir,True,episode,{},sampled,0,0,50,51,0,121000,/home/localadmin/imagined_rehearsal/logs/rlscape/m4_reservoir_3goal_500k_seed0/stage4a_counterfactual_head_repair/checkpoints/counterfactual_bounded,8.348647502437272,0.0,0,10050,0,,1,37.79044860205613
0.0,nan,nan,nan,nan,0.0,stage5b2a,source,True,0.0,0.0,0.0,0.0,nan,0.0,nan,0.0,0.0013131214393069968,0.21009943028911948,0.0071961833804380145,1.1513893408700824,1920.0,307200.0,256.0,40960.0,nan,0.0,nan,0.0,nan,0.0,no_ir_world_audit,0,4020,True,20,482.3031354099512,world_audit,0.2134363992501676,34.149823880026815,nan,0.0,nan,0.0,nan,0.0,nan,0.0,nan,0.0,1.0,160.0,1.0,160.0,0.0,0.0,False,1.0,160.0,0.0,0.0,0.004490436853148339,0.7184698965037342,none,0.21479182098096317,34.36669135695411,nan,0.0,nan,0.0,nan,0.0,nan,0.0,0.7907998096197844,126.5279695391655,0.013272871098397828,2.1236593757436526,0.00185546875,0.296875,nan,0.0,nan,0.0,bury_bones,15,True,4221,/home/localadmin/imagined_rehearsal/logs/rlscape/m4_reservoir_3goal_500k_seed0/stage5b2a_bury_autopsy/evaluations/replicate_00/no_ir_world_audit/attempt_01,200.0,200.0,0.0,standard,no_ir,True,episode,{},sampled,0,0,20,21,0,121000,/home/localadmin/imagined_rehearsal/logs/rlscape/m4_reservoir_3goal_500k_seed0/stage4a_counterfactual_head_repair/checkpoints/counterfactual_bounded,8.335006979755697,0.0,0,4020,0,,1,39.64031558705028
0.0,0.06526115149744573,0.014481218691959593,200.0,1.6845537708604753e-05,200.0,stage5b2a,source,True,1.0,10000.0,0.01429508125912398,142.9508125912398,nan,0.0,nan,0.0,0.0,0.0,0.0,0.0,1920.0,19200000.0,128.0,1280000.0,nan,0.0,nan,0.0,nan,0.0,always_reward_only,0,10050,True,50,1307.0429070090177,always,nan,0.0,nan,0.0,nan,0.0,nan,0.0,nan,0.0,nan,0.0,0.0,0.0,0.0,0.0,0.0,0.0,False,0.0,0.0,1.0,10000.0,nan,0.0,none,nan,0.0,nan,0.0,nan,0.0,nan,0.0,nan,0.0,nan,0.0,nan,0.0,nan,0.0,nan,0.0,nan,0.0,bury_bones,15,True,10251,/home/localadmin/imagined_rehearsal/logs/rlscape/m4_reservoir_3goal_500k_seed0/stage5b2a_bury_autopsy/evaluations/replicate_00/always_reward_only/attempt_01,200.0,200.0,0.0,reward_only,reward_only,True,episode,{},sampled,0,0,50,51,0,121000,/home/localadmin/imagined_rehearsal/logs/rlscape/m4_reservoir_3goal_500k_seed0/stage4a_counterfactual_head_repair/checkpoints/counterfactual_bounded,7.689112534949598,0.0,0,10050,0,,1,41.93215526896529
0.0,0.0073587804034967105,0.0008179700385476173,15.34,1.644315168629891e-05,15.34,stage5b2a,source,True,1.0,767.0,0.014231053854896161,10.915218306705356,nan,0.0,nan,0.0,0.0,0.0,0.0,0.0,1920.0,1472640.0,128.0,98176.0,nan,0.0,nan,0.0,nan,0.0,reward_cap_16,0,7984,True,50,965.092418550048,dose,nan,0.0,nan,0.0,nan,0.0,nan,0.0,nan,0.0,nan,0.0,0.0,0.0,0.0,0.0,0.0,0.0,False,0.0,0.0,1.0,767.0,nan,0.0,none,nan,0.0,nan,0.0,nan,0.0,nan,0.0,nan,0.0,nan,0.0,nan,0.0,nan,0.0,nan,0.0,nan,0.0,bury_bones,15,True,8185,/home/localadmin/imagined_rehearsal/logs/rlscape/m4_reservoir_3goal_500k_seed0/stage5b2a_bury_autopsy/evaluations/replicate_00/reward_cap_16/attempt_01,158.68,200.0,0.0,reward_only,reward_only,True,episode,{},sampled,0,0,50,51,0,121000,/home/localadmin/imagined_rehearsal/logs/rlscape/m4_reservoir_3goal_500k_seed0/stage4a_counterfactual_head_repair/checkpoints/counterfactual_bounded,8.272782840834184,0.38,19,7984,16,,1,36.380506649962626
0.0,0.02064033643516255,0.0033946170040195355,46.0,1.5816964006835806e-05,46.0,stage5b2a,source,True,1.0,2300.0,0.01428005034873343,32.84411580208689,nan,0.0,nan,0.0,0.0,0.0,0.0,0.0,1920.0,4416000.0,128.0,294400.0,nan,0.0,nan,0.0,nan,0.0,reward_cap_46,0,10050,True,50,1227.4286194680026,dose,nan,0.0,nan,0.0,nan,0.0,nan,0.0,nan,0.0,nan,0.0,0.0,0.0,0.0,0.0,0.0,0.0,False,0.0,0.0,1.0,2300.0,nan,0.0,none,nan,0.0,nan,0.0,nan,0.0,nan,0.0,nan,0.0,nan,0.0,nan,0.0,nan,0.0,nan,0.0,nan,0.0,bury_bones,15,True,10251,/home/localadmin/imagined_rehearsal/logs/rlscape/m4_reservoir_3goal_500k_seed0/stage5b2a_bury_autopsy/evaluations/replicate_00/reward_cap_46/attempt_01,200.0,200.0,0.0,reward_only,reward_only,True,episode,{},sampled,0,0,50,51,0,121000,/home/localadmin/imagined_rehearsal/logs/rlscape/m4_reservoir_3goal_500k_seed0/stage4a_counterfactual_head_repair/checkpoints/counterfactual_bounded,8.187848841552933,0.0,0,10050,46,,1,40.853836372029036
0.0,0.015150934180539553,0.005755489998249732,71.76,1.7365843385909864e-05,71.76,stage5b2a,source,True,1.0,3588.0,0.014264488451020874,51.18098456226289,nan,0.0,nan,0.0,0.0,0.0,0.0,0.0,1920.0,6888960.0,128.0,459264.0,nan,0.0,nan,0.0,nan,0.0,reward_cap_80,0,7001,True,50,876.027712472016,dose,nan,0.0,nan,0.0,nan,0.0,nan,0.0,nan,0.0,nan,0.0,0.0,0.0,0.0,0.0,0.0,0.0,False,0.0,0.0,1.0,3588.0,nan,0.0,none,nan,0.0,nan,0.0,nan,0.0,nan,0.0,nan,0.0,nan,0.0,nan,0.0,nan,0.0,nan,0.0,nan,0.0,bury_bones,15,True,7202,/home/localadmin/imagined_rehearsal/logs/rlscape/m4_reservoir_3goal_500k_seed0/stage5b2a_bury_autopsy/evaluations/replicate_00/reward_cap_80/attempt_01,139.02,152.5,0.0,reward_only,reward_only,True,episode,{},sampled,0,0,50,51,0,121000,/home/localadmin/imagined_rehearsal/logs/rlscape/m4_reservoir_3goal_500k_seed0/stage4a_counterfactual_head_repair/checkpoints/counterfactual_bounded,7.99175631127496,0.62,31,7001,80,,1,37.14522891398519
0.0,0.02874262890534388,0.006296106530989553,127.0,1.573960305155361e-05,127.0,stage5b2a,source,True,1.0,6350.0,0.014264614073574308,90.58029936719686,nan,0.0,nan,0.0,0.0,0.0,0.0,0.0,1920.0,12192000.0,128.0,812800.0,nan,0.0,nan,0.0,nan,0.0,reward_cap_127,0,10050,True,50,1269.4823539149947,dose,nan,0.0,nan,0.0,nan,0.0,nan,0.0,nan,0.0,nan,0.0,0.0,0.0,0.0,0.0,0.0,0.0,False,0.0,0.0,1.0,6350.0,nan,0.0,none,nan,0.0,nan,0.0,nan,0.0,nan,0.0,nan,0.0,nan,0.0,nan,0.0,nan,0.0,nan,0.0,nan,0.0,bury_bones,15,True,10251,/home/localadmin/imagined_rehearsal/logs/rlscape/m4_reservoir_3goal_500k_seed0/stage5b2a_bury_autopsy/evaluations/replicate_00/reward_cap_127/attempt_01,200.0,200.0,0.0,reward_only,reward_only,True,episode,{},sampled,0,0,50,51,0,121000,/home/localadmin/imagined_rehearsal/logs/rlscape/m4_reservoir_3goal_500k_seed0/stage4a_counterfactual_head_repair/checkpoints/counterfactual_bounded,7.916612601196467,0.0,0,10050,127,,1,41.366499244002625
0.0,0.021849003906154556,0.004034489914250148,30.2,2.0169828785240685e-05,24.16,stage5b2a,source,True,0.23168392788645953,1208.0,0.0033250884383368134,17.337011117488146,nan,0.0,nan,0.0,0.0,0.0,0.0,0.0,444.8331415420023,2319360.0,29.65554276946682,154624.0,nan,0.0,nan,0.0,nan,0.0,reward_random_46,0,5300,True,50,647.394664265099,random_schedule,nan,0.0,nan,0.0,nan,0.0,nan,0.0,nan,0.0,nan,0.0,0.23168392788645953,1208.0,0.0,0.0,0.0,0.0,True,1.0,5214.0,0.23168392788645953,1208.0,nan,0.0,random_schedule,nan,0.0,nan,0.0,nan,0.0,nan,0.0,nan,0.0,nan,0.0,nan,0.0,nan,0.0,nan,0.0,nan,0.0,bury_bones,15,True,5501,/home/localadmin/imagined_rehearsal/logs/rlscape/m4_reservoir_3goal_500k_seed0/stage5b2a_bury_autopsy/evaluations/replicate_00/reward_random_46/attempt_01,105.0,113.5,0.0,reward_only,reward_only,True,episode,{},sampled,46,0,50,51,0,121000,/home/localadmin/imagined_rehearsal/logs/rlscape/m4_reservoir_3goal_500k_seed0/stage4a_counterfactual_head_repair/checkpoints/counterfactual_bounded,8.186659996675111,0.76,38,5300,46,,1,36.76242286292836
0.0,0.038444370131001604,0.005817595237260965,82.42,1.7586680099487066e-05,52.48,stage5b2a,source,True,0.6367386556661004,2624.0,0.008806417186447781,36.291245225351304,0.007116090056360549,29.325407122261822,0.007138213494060811,29.416577809024602,0.0,0.0,0.021536345715442204,88.75128069333732,5760.0,23736960.0,384.0,1582464.0,0.36326134433389956,1497.0,1.0,4121.0,0.007282042164455858,30.00929575972259,virtual_positive_reward_d25,0,10050,True,50,1399.268262904021,virtual_update,nan,0.0,0.10386921676008472,428.04504226830915,0.11377130854161611,468.8515625,1.0,4121.0,0.09771983852150232,402.70345454711105,0.1072213965057025,441.859375,1.0,4121.0,1.0,4121.0,0.6367386556661004,2624.0,True,1.0,4121.0,0.6367386556661004,2624.0,nan,0.0,virtual_update,nan,0.0,0.4918709051201165,2027.0,0.10386921676008472,428.04504226830915,0.09771983852150232,402.70345454711105,0.0061493782380247055,25.34158771889981,nan,0.0,nan,0.0,nan,0.0,0.937151176898811,3862.0,0.9325406454743994,3843.0,bury_bones,15,True,10251,/home/localadmin/imagined_rehearsal/logs/rlscape/m4_reservoir_3goal_500k_seed0/stage5b2a_bury_autopsy/evaluations/replicate_00/virtual_positive_reward_d25/attempt_01,200.0,200.0,0.0,reward_only,reward_only,True,episode,{},sampled,0,0,50,51,0,121000,/home/localadmin/imagined_rehearsal/logs/rlscape/m4_reservoir_3goal_500k_seed0/stage4a_counterfactual_head_repair/checkpoints/counterfactual_bounded,7.182325409955612,0.0,0,10050,0,positive,1,43.97594163892791
0.0,0.004575455201881286,0.0004161188326378785,44.18,1.7159718875605436e-05,20.68,stage5b2a,source,True,0.46808510638297873,1034.0,0.00885236288276246,19.554869608022273,0.007123982990620133,15.736878426279873,0.0071605076105239005,15.817561311647296,0.0,0.0,0.021591123855420235,47.6947925966233,5760.0,12723840.0,384.0,848256.0,0.5319148936170213,1175.0,1.0,2209.0,0.007306633248584553,16.140352846123278,virtual_negative_reward_d25,0,10050,True,50,1306.083002644009,virtual_update,nan,0.0,0.0030528743892780986,6.743799525915319,0.0045057152557718425,9.953125,1.0,2209.0,0.002439659468152405,5.389207765148663,0.0036356948845631507,8.03125,1.0,2209.0,1.0,2209.0,0.46808510638297873,1034.0,True,1.0,2209.0,0.46808510638297873,1034.0,nan,0.0,virtual_update,nan,0.0,0.7034857401539159,1554.0,0.0030528743892780986,6.743799525915319,0.002439659468152405,5.389207765148663,0.0006132149198731715,1.3545917579998359,nan,0.0,nan,0.0,nan,0.0,0.8424626527840652,1861.0,0.8379357175192395,1851.0,bury_bones,15,True,10251,/home/localadmin/imagined_rehearsal/logs/rlscape/m4_reservoir_3goal_500k_seed0/stage5b2a_bury_autopsy/evaluations/replicate_00/virtual_negative_reward_d25/attempt_01,200.0,200.0,0.0,reward_only,reward_only,True,episode,{},sampled,0,0,50,51,0,121000,/home/localadmin/imagined_rehearsal/logs/rlscape/m4_reservoir_3goal_500k_seed0/stage4a_counterfactual_head_repair/checkpoints/counterfactual_bounded,7.6947636403314155,0.0,0,10050,0,negative,1,43.29727237392217
0.0,0.04524264659214809,0.009929472556861387,200.0,1.4705230788005432e-05,200.0,stage5b2a,source,True,1.0,10000.0,0.014807172194775195,148.07172194775194,nan,0.0,nan,0.0,0.0,0.0,0.0,0.0,1920.0,19200000.0,128.0,1280000.0,nan,0.0,nan,0.0,nan,0.0,always_mixed_beta_0p005,0,10050,True,50,1313.0552616959903,always_mixed,nan,0.0,nan,0.0,nan,0.0,nan,0.0,nan,0.0,nan,0.0,0.0,0.0,0.0,0.0,0.0,0.0,False,0.0,0.0,1.0,10000.0,nan,0.0,none,nan,0.0,nan,0.0,nan,0.0,nan,0.0,nan,0.0,nan,0.0,nan,0.0,nan,0.0,nan,0.0,nan,0.0,bury_bones,15,True,10251,/home/localadmin/imagined_rehearsal/logs/rlscape/m4_reservoir_3goal_500k_seed0/stage5b2a_bury_autopsy/evaluations/replicate_00/always_mixed_beta_0p005/attempt_01,200.0,200.0,0.005,mixed_bounded,mixed_beta_0p005,True,episode,{},sampled,0,0,50,51,0,121000,/home/localadmin/imagined_rehearsal/logs/rlscape/m4_reservoir_3goal_500k_seed0/stage4a_counterfactual_head_repair/checkpoints/counterfactual_bounded,7.653904822725474,0.0,0,10050,0,,1,43.326139135984704
0.0,0.01678119115452598,0.0028459248492856888,46.0,1.6474595657684955e-05,46.0,stage5b2a,source,True,1.0,2300.0,0.014782555108566,33.9998767497018,nan,0.0,nan,0.0,0.0,0.0,0.0,0.0,1920.0,4416000.0,128.0,294400.0,nan,0.0,nan,0.0,nan,0.0,mixed_beta_0p005_cap_46,0,10050,True,50,1232.1127221140778,dose_mixed,nan,0.0,nan,0.0,nan,0.0,nan,0.0,nan,0.0,nan,0.0,0.0,0.0,0.0,0.0,0.0,0.0,False,0.0,0.0,1.0,2300.0,nan,0.0,none,nan,0.0,nan,0.0,nan,0.0,nan,0.0,nan,0.0,nan,0.0,nan,0.0,nan,0.0,nan,0.0,nan,0.0,bury_bones,15,True,10251,/home/localadmin/imagined_rehearsal/logs/rlscape/m4_reservoir_3goal_500k_seed0/stage5b2a_bury_autopsy/evaluations/replicate_00/mixed_beta_0p005_cap_46/attempt_01,200.0,200.0,0.005,mixed_bounded,mixed_beta_0p005,True,episode,{},sampled,0,0,50,51,0,121000,/home/localadmin/imagined_rehearsal/logs/rlscape/m4_reservoir_3goal_500k_seed0/stage4a_counterfactual_head_repair/checkpoints/counterfactual_bounded,8.156721231443871,0.0,0,10050,46,,1,41.348716918961145
0.0,0.011284503959472643,0.002948441369443691,31.558139534883722,1.8066521495625562e-05,27.14,stage5b2a,source,True,0.23156996587030718,1357.0,0.003451991549759798,20.228670481592417,nan,0.0,nan,0.0,0.0,0.0,0.0,0.0,444.6143344709898,2605440.0,29.64095563139932,173696.0,nan,0.0,nan,0.0,nan,0.0,mixed_beta_0p005_random_46,0,5950,True,50,727.5592875899747,random_schedule,nan,0.0,nan,0.0,nan,0.0,nan,0.0,nan,0.0,nan,0.0,0.23156996587030718,1357.0,0.0,0.0,0.0,0.0,True,1.0,5860.0,0.23156996587030718,1357.0,nan,0.0,random_schedule,nan,0.0,nan,0.0,nan,0.0,nan,0.0,nan,0.0,nan,0.0,nan,0.0,nan,0.0,nan,0.0,nan,0.0,bury_bones,15,True,6151,/home/localadmin/imagined_rehearsal/logs/rlscape/m4_reservoir_3goal_500k_seed0/stage5b2a_bury_autopsy/evaluations/replicate_00/mixed_beta_0p005_random_46/attempt_01,118.0,126.0,0.005,mixed_bounded,mixed_beta_0p005,True,episode,{},sampled,46,0,50,51,0,121000,/home/localadmin/imagined_rehearsal/logs/rlscape/m4_reservoir_3goal_500k_seed0/stage4a_counterfactual_head_repair/checkpoints/counterfactual_bounded,8.17802768996222,0.74,37,5950,46,,1,37.38084017497022
0.0,0.03050186167751666,0.005375692871173513,74.5,1.7483201980675005e-05,46.16,stage5b2a,source,True,0.6195973154362416,2308.0,0.00903819839413834,33.66728901816532,0.007088966147986635,26.406398901250213,0.007132879432115779,26.569975884631276,0.0,0.0,0.021498155532867318,80.08062935993075,5760.0,21456000.0,384.0,1430400.0,0.38040268456375836,1417.0,1.0,3725.0,0.00727630996414079,27.10425461642444,virtual_positive_mixed_beta_0p005_d25,0,10050,True,50,1383.182687203982,virtual_update,nan,0.0,0.08503922799793447,316.7711242923059,0.10391568791946308,387.0859375,1.0,3725.0,0.07941732712476107,295.82954353973497,0.09779572147651007,364.2890625,1.0,3725.0,1.0,3725.0,0.6195973154362416,2308.0,True,1.0,3725.0,0.6195973154362416,2308.0,nan,0.0,virtual_update,nan,0.0,0.5108724832214765,1903.0,0.08503922799793447,316.7711242923059,0.07941732712476107,295.82954353973497,0.005621900873168825,20.941580752553875,nan,0.0,nan,0.0,nan,0.0,0.9253691275167786,3447.0,0.9208053691275168,3430.0,bury_bones,15,True,10251,/home/localadmin/imagined_rehearsal/logs/rlscape/m4_reservoir_3goal_500k_seed0/stage5b2a_bury_autopsy/evaluations/replicate_00/virtual_positive_mixed_beta_0p005_d25/attempt_01,200.0,200.0,0.005,mixed_bounded,mixed_beta_0p005,True,episode,{},sampled,0,0,50,51,0,121000,/home/localadmin/imagined_rehearsal/logs/rlscape/m4_reservoir_3goal_500k_seed0/stage4a_counterfactual_head_repair/checkpoints/counterfactual_bounded,7.2658514981238325,0.0,0,10050,0,positive,1,43.658600926049985
0.0,nan,nan,nan,nan,nan,stage5b2a,source,True,nan,0.0,nan,0.0,nan,0.0,nan,0.0,nan,0.0,nan,0.0,nan,0.0,nan,0.0,nan,0.0,nan,0.0,nan,0.0,no_ir,0,7260,True,50,869.2451549280668,no_ir,nan,0.0,nan,0.0,nan,0.0,nan,0.0,nan,0.0,nan,0.0,nan,0.0,nan,0.0,nan,0.0,False,nan,0.0,nan,0.0,nan,0.0,none,nan,0.0,nan,0.0,nan,0.0,nan,0.0,nan,0.0,nan,0.0,nan,0.0,nan,0.0,nan,0.0,nan,0.0,bury_bones,15,True,7461,/home/localadmin/imagined_rehearsal/logs/rlscape/m4_reservoir_3goal_500k_seed0/stage5b2a_bury_autopsy/evaluations/replicate_01/no_ir/attempt_01,144.2,200.0,0.0,standard,no_ir,True,episode,{},sampled,0,1,50,51,0,121001,/home/localadmin/imagined_rehearsal/logs/rlscape/m4_reservoir_3goal_500k_seed0/stage4a_counterfactual_head_repair/checkpoints/counterfactual_bounded,8.352074163244305,0.44,22,7260,0,,1,33.43012913502753
0.0,nan,nan,nan,nan,0.0,stage5b2a,source,True,0.0,0.0,0.0,0.0,nan,0.0,nan,0.0,0.001246104452735937,0.15077863878104836,0.007203230291820508,0.8715908653102815,1920.0,232320.0,256.0,30976.0,nan,0.0,nan,0.0,nan,0.0,no_ir_world_audit,0,2880,True,20,344.96182524901815,world_audit,0.16445343275203908,19.89886536299673,nan,0.0,nan,0.0,nan,0.0,nan,0.0,nan,0.0,1.0,121.0,1.0,121.0,0.0,0.0,False,1.0,121.0,0.0,0.0,0.002615687931657198,0.31649823973052094,none,0.16481721049515252,19.942882469913457,nan,0.0,nan,0.0,nan,0.0,nan,0.0,0.8470538179736492,102.49351197481155,0.02674723570467548,3.2364155202657328,0.03363894628099173,4.0703125,nan,0.0,nan,0.0,bury_bones,15,True,3081,/home/localadmin/imagined_rehearsal/logs/rlscape/m4_reservoir_3goal_500k_seed0/stage5b2a_bury_autopsy/evaluations/replicate_01/no_ir_world_audit/attempt_01,143.0,153.0,0.0,standard,no_ir,True,episode,{},sampled,0,1,20,21,0,121001,/home/localadmin/imagined_rehearsal/logs/rlscape/m4_reservoir_3goal_500k_seed0/stage4a_counterfactual_head_repair/checkpoints/counterfactual_bounded,8.348749888255055,0.55,11,2880,0,,1,35.6405227429932
0.0,0.013493996762926307,0.004616289225706587,98.02,1.8924662453630824e-05,98.02,stage5b2a,source,True,1.0,4901.0,0.014255653246834348,69.86695656273514,nan,0.0,nan,0.0,0.0,0.0,0.0,0.0,1920.0,9409920.0,128.0,627328.0,nan,0.0,nan,0.0,nan,0.0,always_reward_only,0,4951,True,50,646.3664356279187,always,nan,0.0,nan,0.0,nan,0.0,nan,0.0,nan,0.0,nan,0.0,0.0,0.0,0.0,0.0,0.0,0.0,False,0.0,0.0,1.0,4901.0,nan,0.0,none,nan,0.0,nan,0.0,nan,0.0,nan,0.0,nan,0.0,nan,0.0,nan,0.0,nan,0.0,nan,0.0,nan,0.0,bury_bones,15,True,5152,/home/localadmin/imagined_rehearsal/logs/rlscape/m4_reservoir_3goal_500k_seed0/stage5b2a_bury_autopsy/evaluations/replicate_01/always_reward_only/attempt_01,98.02,87.0,0.0,reward_only,reward_only,True,episode,{},sampled,0,1,50,51,0,121001,/home/localadmin/imagined_rehearsal/logs/rlscape/m4_reservoir_3goal_500k_seed0/stage4a_counterfactual_head_repair/checkpoints/counterfactual_bounded,7.659741792115652,0.86,43,4951,0,,1,38.04807344893925
0.0,0.004929782641864194,0.0010647054677935096,16.0,1.787799537396495e-05,16.0,stage5b2a,source,True,1.0,800.0,0.014223952633328736,11.379162106662989,nan,0.0,nan,0.0,0.0,0.0,0.0,0.0,1920.0,1536000.0,128.0,102400.0,nan,0.0,nan,0.0,nan,0.0,reward_cap_16,0,10050,True,50,1212.88318444998,dose,nan,0.0,nan,0.0,nan,0.0,nan,0.0,nan,0.0,nan,0.0,0.0,0.0,0.0,0.0,0.0,0.0,False,0.0,0.0,1.0,800.0,nan,0.0,none,nan,0.0,nan,0.0,nan,0.0,nan,0.0,nan,0.0,nan,0.0,nan,0.0,nan,0.0,nan,0.0,nan,0.0,bury_bones,15,True,10251,/home/localadmin/imagined_rehearsal/logs/rlscape/m4_reservoir_3goal_500k_seed0/stage5b2a_bury_autopsy/evaluations/replicate_01/reward_cap_16/attempt_01,200.0,200.0,0.0,reward_only,reward_only,True,episode,{},sampled,0,1,50,51,0,121001,/home/localadmin/imagined_rehearsal/logs/rlscape/m4_reservoir_3goal_500k_seed0/stage4a_counterfactual_head_repair/checkpoints/counterfactual_bounded,8.286041169378969,0.0,0,10050,16,,1,40.419133453047834
0.0,0.023208198636668155,0.003985806622389151,46.0,1.7568635393830766e-05,46.0,stage5b2a,source,True,1.0,2300.0,0.014264330394647043,32.8079599076882,nan,0.0,nan,0.0,0.0,0.0,0.0,0.0,1920.0,4416000.0,128.0,294400.0,nan,0.0,nan,0.0,nan,0.0,reward_cap_46,0,10050,True,50,1227.903043688042,dose,nan,0.0,nan,0.0,nan,0.0,nan,0.0,nan,0.0,nan,0.0,0.0,0.0,0.0,0.0,0.0,0.0,False,0.0,0.0,1.0,2300.0,nan,0.0,none,nan,0.0,nan,0.0,nan,0.0,nan,0.0,nan,0.0,nan,0.0,nan,0.0,nan,0.0,nan,0.0,nan,0.0,bury_bones,15,True,10251,/home/localadmin/imagined_rehearsal/logs/rlscape/m4_reservoir_3goal_500k_seed0/stage5b2a_bury_autopsy/evaluations/replicate_01/reward_cap_46/attempt_01,200.0,200.0,0.0,reward_only,reward_only,True,episode,{},sampled,0,1,50,51,0,121001,/home/localadmin/imagined_rehearsal/logs/rlscape/m4_reservoir_3goal_500k_seed0/stage4a_counterfactual_head_repair/checkpoints/counterfactual_bounded,8.184685306923367,0.0,0,10050,46,,1,40.981042920961045
0.0,0.02586716219929406,0.003603286178816173,80.0,1.6585757834562287e-05,80.0,stage5b2a,source,True,1.0,4000.0,0.014255563418846578,57.02225367538631,nan,0.0,nan,0.0,0.0,0.0,0.0,0.0,1920.0,7680000.0,128.0,512000.0,nan,0.0,nan,0.0,nan,0.0,reward_cap_80,0,10050,True,50,1244.3556759000057,dose,nan,0.0,nan,0.0,nan,0.0,nan,0.0,nan,0.0,nan,0.0,0.0,0.0,0.0,0.0,0.0,0.0,False,0.0,0.0,1.0,4000.0,nan,0.0,none,nan,0.0,nan,0.0,nan,0.0,nan,0.0,nan,0.0,nan,0.0,nan,0.0,nan,0.0,nan,0.0,nan,0.0,bury_bones,15,True,10251,/home/localadmin/imagined_rehearsal/logs/rlscape/m4_reservoir_3goal_500k_seed0/stage5b2a_bury_autopsy/evaluations/replicate_01/reward_cap_80/attempt_01,200.0,200.0,0.0,reward_only,reward_only,True,episode,{},sampled,0,1,50,51,0,121001,/home/localadmin/imagined_rehearsal/logs/rlscape/m4_reservoir_3goal_500k_seed0/stage4a_counterfactual_head_repair/checkpoints/counterfactual_bounded,8.076468966745486,0.0,0,10050,80,,1,41.00414639594965
0.0,0.02760055158985586,0.009295304408498337,64.52,2.2949745310692625e-05,64.52,stage5b2a,source,True,1.0,3226.0,0.014268099446420114,46.02888881415129,nan,0.0,nan,0.0,0.0,0.0,0.0,0.0,1920.0,6193920.0,128.0,412928.0,nan,0.0,nan,0.0,nan,0.0,reward_cap_127,0,3351,True,50,433.51455574890133,dose,nan,0.0,nan,0.0,nan,0.0,nan,0.0,nan,0.0,nan,0.0,0.0,0.0,0.0,0.0,0.0,0.0,False,0.0,0.0,1.0,3226.0,nan,0.0,none,nan,0.0,nan,0.0,nan,0.0,nan,0.0,nan,0.0,nan,0.0,nan,0.0,nan,0.0,nan,0.0,nan,0.0,bury_bones,15,True,3552,/home/localadmin/imagined_rehearsal/logs/rlscape/m4_reservoir_3goal_500k_seed0/stage5b2a_bury_autopsy/evaluations/replicate_01/reward_cap_127/attempt_02,66.02,66.0,0.0,reward_only,reward_only,True,episode,{},sampled,0,1,50,51,0,121001,/home/localadmin/imagined_rehearsal/logs/rlscape/m4_reservoir_3goal_500k_seed0/stage4a_counterfactual_head_repair/checkpoints/counterfactual_bounded,7.729844259118611,0.98,49,3351,127,,1,37.37707616901025
0.0,0.0343547573701421,0.005511446408990274,46.0,1.7787611611914184e-05,46.0,stage5b2a,source,True,0.23345513601299228,2300.0,0.0033496383003212915,33.00063653476536,nan,0.0,nan,0.0,0.0,0.0,0.0,0.0,448.2338611449452,4416000.0,29.882257409663012,294400.0,nan,0.0,nan,0.0,nan,0.0,reward_random_46,0,10050,True,50,1227.7850994390901,random_schedule,nan,0.0,nan,0.0,nan,0.0,nan,0.0,nan,0.0,nan,0.0,0.23345513601299228,2300.0,0.0,0.0,0.0,0.0,True,1.0,9852.0,0.23345513601299228,2300.0,nan,0.0,random_schedule,nan,0.0,nan,0.0,nan,0.0,nan,0.0,nan,0.0,nan,0.0,nan,0.0,nan,0.0,nan,0.0,nan,0.0,bury_bones,15,True,10251,/home/localadmin/imagined_rehearsal/logs/rlscape/m4_reservoir_3goal_500k_seed0/stage5b2a_bury_autopsy/evaluations/replicate_01/reward_random_46/attempt_01,200.0,200.0,0.0,reward_only,reward_only,True,episode,{},sampled,46,1,50,51,0,121001,/home/localadmin/imagined_rehearsal/logs/rlscape/m4_reservoir_3goal_500k_seed0/stage4a_counterfactual_head_repair/checkpoints/counterfactual_bounded,8.185471549207847,0.0,0,10050,46,,1,40.847339356085286
0.0,0.03251817276813236,0.006227666609945544,74.5,1.791369727841632e-05,45.58,stage5b2a,source,True,0.6118120805369127,2279.0,0.008806094625252205,32.802702479064465,0.007133308347039575,26.571573592722416,0.007153760977339424,26.647759640589356,0.0,0.0,0.021591807994366493,80.42948477901518,5760.0,21456000.0,384.0,1430400.0,0.3881879194630872,1446.0,1.0,3725.0,0.007304738662611918,27.210151518229395,virtual_positive_reward_d25,0,10050,True,50,1383.0212280959822,virtual_update,nan,0.0,0.07967616119297032,296.79370044381443,0.09278313758389262,345.6171875,1.0,3725.0,0.07438237091116097,277.0743316440746,0.08673028523489933,323.0703125,1.0,3725.0,1.0,3725.0,0.6118120805369127,2279.0,True,1.0,3725.0,0.6118120805369127,2279.0,nan,0.0,virtual_update,nan,0.0,0.5307382550335571,1977.0,0.07967616119297032,296.79370044381443,0.07438237091116097,277.0743316440746,0.005293790282172758,19.719368801093523,nan,0.0,nan,0.0,nan,0.0,0.9242953020134228,3443.0,0.9213422818791946,3432.0,bury_bones,15,True,10251,/home/localadmin/imagined_rehearsal/logs/rlscape/m4_reservoir_3goal_500k_seed0/stage5b2a_bury_autopsy/evaluations/replicate_01/virtual_positive_reward_d25/attempt_01,200.0,200.0,0.0,reward_only,reward_only,True,episode,{},sampled,0,1,50,51,0,121001,/home/localadmin/imagined_rehearsal/logs/rlscape/m4_reservoir_3goal_500k_seed0/stage4a_counterfactual_head_repair/checkpoints/counterfactual_bounded,7.2666997409981375,0.0,0,10050,0,positive,1,42.14942685898859
0.0,0.007397060507068402,0.0012002805467575047,32.98,2.0499063211294317e-05,15.4,stage5b2a,source,True,0.46694966646452396,770.0,0.008795632743556221,14.50399839412421,0.007126313808733872,11.751291470602155,0.007147146481229924,11.785644547548145,0.0,0.0,0.021557620364501665,35.54851598106325,5760.0,9498240.0,384.0,633216.0,0.533050333535476,879.0,1.0,1649.0,0.007284160072561139,12.011579959653318,virtual_negative_reward_d25,0,8492,True,50,1093.9724307720317,virtual_update,nan,0.0,0.004906043978053241,8.090066519809795,0.006310642813826562,10.40625,1.0,1649.0,0.004273189323083818,7.046489193765216,0.005419951485748939,8.9375,1.0,1649.0,1.0,1649.0,0.46694966646452396,770.0,True,1.0,1649.0,0.46694966646452396,770.0,nan,0.0,virtual_update,nan,0.0,0.664038811400849,1095.0,0.004906043978053241,8.090066519809795,0.004273189323083818,7.046489193765216,0.0006328546551254415,1.043577326301853,nan,0.0,nan,0.0,nan,0.0,0.8156458459672529,1345.0,0.8095815645845967,1335.0,bury_bones,15,True,8693,/home/localadmin/imagined_rehearsal/logs/rlscape/m4_reservoir_3goal_500k_seed0/stage5b2a_bury_autopsy/evaluations/replicate_01/virtual_negative_reward_d25/attempt_01,168.84,200.0,0.0,reward_only,reward_only,True,episode,{},sampled,0,1,50,51,0,121001,/home/localadmin/imagined_rehearsal/logs/rlscape/m4_reservoir_3goal_500k_seed0/stage4a_counterfactual_head_repair/checkpoints/counterfactual_bounded,7.7625356554982625,0.3,15,8492,0,negative,1,37.699608718045056
0.0,0.04664526045597511,0.009521649361852572,200.0,1.4940394747546294e-05,200.0,stage5b2a,source,True,1.0,10000.0,0.014802624523360283,148.02624523360282,nan,0.0,nan,0.0,0.0,0.0,0.0,0.0,1920.0,19200000.0,128.0,1280000.0,nan,0.0,nan,0.0,nan,0.0,always_mixed_beta_0p005,0,10050,True,50,1316.1008125509834,always_mixed,nan,0.0,nan,0.0,nan,0.0,nan,0.0,nan,0.0,nan,0.0,0.0,0.0,0.0,0.0,0.0,0.0,False,0.0,0.0,1.0,10000.0,nan,0.0,none,nan,0.0,nan,0.0,nan,0.0,nan,0.0,nan,0.0,nan,0.0,nan,0.0,nan,0.0,nan,0.0,nan,0.0,bury_bones,15,True,10251,/home/localadmin/imagined_rehearsal/logs/rlscape/m4_reservoir_3goal_500k_seed0/stage5b2a_bury_autopsy/evaluations/replicate_01/always_mixed_beta_0p005/attempt_01,200.0,200.0,0.005,mixed_bounded,mixed_beta_0p005,True,episode,{},sampled,0,1,50,51,0,121001,/home/localadmin/imagined_rehearsal/logs/rlscape/m4_reservoir_3goal_500k_seed0/stage4a_counterfactual_head_repair/checkpoints/counterfactual_bounded,7.636193142773157,0.0,0,10050,0,,1,42.9195831080433
0.0,0.011744499520400685,0.0018159125578442773,42.12,1.7631155055193858e-05,42.12,stage5b2a,source,True,1.0,2106.0,0.014757093744828292,31.078439426608384,nan,0.0,nan,0.0,0.0,0.0,0.0,0.0,1920.0,4043520.0,128.0,269568.0,nan,0.0,nan,0.0,nan,0.0,mixed_beta_0p005_cap_46,0,7651,True,50,940.8355943450006,dose_mixed,nan,0.0,nan,0.0,nan,0.0,nan,0.0,nan,0.0,nan,0.0,0.0,0.0,0.0,0.0,0.0,0.0,False,0.0,0.0,1.0,2106.0,nan,0.0,none,nan,0.0,nan,0.0,nan,0.0,nan,0.0,nan,0.0,nan,0.0,nan,0.0,nan,0.0,nan,0.0,nan,0.0,bury_bones,15,True,7852,/home/localadmin/imagined_rehearsal/logs/rlscape/m4_reservoir_3goal_500k_seed0/stage5b2a_bury_autopsy/evaluations/replicate_01/mixed_beta_0p005_cap_46/attempt_01,152.02,200.0,0.005,mixed_bounded,mixed_beta_0p005,True,episode,{},sampled,0,1,50,51,0,121001,/home/localadmin/imagined_rehearsal/logs/rlscape/m4_reservoir_3goal_500k_seed0/stage4a_counterfactual_head_repair/checkpoints/counterfactual_bounded,8.132132804059717,0.38,19,7651,46,,1,37.315351029043086
0.0,0.019347837359172303,0.0030165261278226147,46.0,1.6590653935568495e-05,46.0,stage5b2a,source,True,0.23345513601299228,2300.0,0.00347632243590285,34.248728638514876,nan,0.0,nan,0.0,0.0,0.0,0.0,0.0,448.2338611449452,4416000.0,29.882257409663012,294400.0,nan,0.0,nan,0.0,nan,0.0,mixed_beta_0p005_random_46,0,10050,True,50,1230.8371098210337,random_schedule,nan,0.0,nan,0.0,nan,0.0,nan,0.0,nan,0.0,nan,0.0,0.23345513601299228,2300.0,0.0,0.0,0.0,0.0,True,1.0,9852.0,0.23345513601299228,2300.0,nan,0.0,random_schedule,nan,0.0,nan,0.0,nan,0.0,nan,0.0,nan,0.0,nan,0.0,nan,0.0,nan,0.0,nan,0.0,nan,0.0,bury_bones,15,True,10251,/home/localadmin/imagined_rehearsal/logs/rlscape/m4_reservoir_3goal_500k_seed0/stage5b2a_bury_autopsy/evaluations/replicate_01/mixed_beta_0p005_random_46/attempt_01,200.0,200.0,0.005,mixed_bounded,mixed_beta_0p005,True,episode,{},sampled,46,1,50,51,0,121001,/home/localadmin/imagined_rehearsal/logs/rlscape/m4_reservoir_3goal_500k_seed0/stage4a_counterfactual_head_repair/checkpoints/counterfactual_bounded,8.165174676494187,0.0,0,10050,46,,1,41.177452648989856
0.0,0.023353961820360303,0.006981778081524587,44.1,2.020082708080304e-05,28.24,stage5b2a,source,True,0.6403628117913832,1412.0,0.00905253213604325,19.960833359975368,0.007103528736830771,15.66328086471185,0.0071551039795942455,15.77700427500531,0.0,0.0,0.021571071166333968,47.5642119217664,5760.0,12700800.0,384.0,846720.0,0.3596371882086168,793.0,1.0,2205.0,0.00731243846469185,16.12392681464553,virtual_positive_mixed_beta_0p005_d25,0,5941,True,50,820.6826757489471,virtual_update,nan,0.0,0.038794583536861806,85.54205669878029,0.06558956916099773,144.625,1.0,2205.0,0.03419402365053718,75.39782214943448,0.05758928571428571,126.984375,1.0,2205.0,1.0,2205.0,0.6403628117913832,1412.0,True,1.0,2205.0,0.6403628117913832,1412.0,nan,0.0,virtual_update,nan,0.0,0.49795918367346936,1098.0,0.038794583536861806,85.54205669878029,0.03419402365053718,75.39782214943448,0.004600559883516442,10.144234543153754,nan,0.0,nan,0.0,nan,0.0,0.926984126984127,2044.0,0.9115646258503401,2010.0,bury_bones,15,True,6142,/home/localadmin/imagined_rehearsal/logs/rlscape/m4_reservoir_3goal_500k_seed0/stage5b2a_bury_autopsy/evaluations/replicate_01/virtual_positive_mixed_beta_0p005_d25/attempt_01,117.82,102.0,0.005,mixed_bounded,mixed_beta_0p005,True,episode,{},sampled,0,1,50,51,0,121001,/home/localadmin/imagined_rehearsal/logs/rlscape/m4_reservoir_3goal_500k_seed0/stage4a_counterfactual_head_repair/checkpoints/counterfactual_bounded,7.239095177168569,0.78,39,5941,0,positive,1,40.74296092404984
0.0,nan,nan,nan,nan,nan,stage5b2a,source,True,nan,0.0,nan,0.0,nan,0.0,nan,0.0,nan,0.0,nan,0.0,nan,0.0,nan,0.0,nan,0.0,nan,0.0,nan,0.0,no_ir,0,6610,True,50,791.0372690999648,no_ir,nan,0.0,nan,0.0,nan,0.0,nan,0.0,nan,0.0,nan,0.0,nan,0.0,nan,0.0,nan,0.0,False,nan,0.0,nan,0.0,nan,0.0,none,nan,0.0,nan,0.0,nan,0.0,nan,0.0,nan,0.0,nan,0.0,nan,0.0,nan,0.0,nan,0.0,nan,0.0,bury_bones,15,True,6664,/home/localadmin/imagined_rehearsal/logs/rlscape/m4_reservoir_3goal_500k_seed0/stage5b2a_bury_autopsy/evaluations/replicate_02/no_ir/attempt_01,131.2,154.5,0.0,standard,no_ir,True,episode,{},sampled,0,2,50,51,0,121002,/home/localadmin/imagined_rehearsal/logs/rlscape/m4_reservoir_3goal_500k_seed0/stage4a_counterfactual_head_repair/checkpoints/counterfactual_bounded,8.356117035447394,0.58,29,6610,0,,1,15.81495225301478
0.0,nan,nan,nan,nan,0.0,stage5b2a,source,True,0.0,0.0,0.0,0.0,nan,0.0,nan,0.0,0.00123681785573638,0.18181222479324788,0.0071373263906155315,1.0491869794204831,1920.0,282240.0,256.0,37632.0,nan,0.0,nan,0.0,nan,0.0,no_ir_world_audit,0,3662,True,20,438.92693571804557,world_audit,0.14847968966700334,21.826514381049492,nan,0.0,nan,0.0,nan,0.0,nan,0.0,nan,0.0,1.0,147.0,1.0,147.0,0.0,0.0,False,1.0,147.0,0.0,0.0,0.0031729331076258993,0.4664211668210072,none,0.14605333716507612,21.46984056326619,nan,0.0,nan,0.0,nan,0.0,nan,0.0,0.8651739034522958,127.18056380748749,0.02933326923760661,4.311990577928172,0.005155187074829932,0.7578125,nan,0.0,nan,0.0,bury_bones,15,True,3863,/home/localadmin/imagined_rehearsal/logs/rlscape/m4_reservoir_3goal_500k_seed0/stage5b2a_bury_autopsy/evaluations/replicate_02/no_ir_world_audit/attempt_02,182.1,200.0,0.0,standard,no_ir,True,episode,{},sampled,0,2,20,21,0,121002,/home/localadmin/imagined_rehearsal/logs/rlscape/m4_reservoir_3goal_500k_seed0/stage4a_counterfactual_head_repair/checkpoints/counterfactual_bounded,8.343074215778744,0.15,3,3662,0,,1,35.75565019692294
0.0,0.028680888939887805,0.007892881852671688,74.52,2.2874242504316783e-05,74.52,stage5b2a,source,True,1.0,3726.0,0.014287400250865513,53.2348533347249,nan,0.0,nan,0.0,0.0,0.0,0.0,0.0,1920.0,7153920.0,128.0,476928.0,nan,0.0,nan,0.0,nan,0.0,always_reward_only,0,3776,True,50,492.73984170297626,always,nan,0.0,nan,0.0,nan,0.0,nan,0.0,nan,0.0,nan,0.0,0.0,0.0,0.0,0.0,0.0,0.0,False,0.0,0.0,1.0,3726.0,nan,0.0,none,nan,0.0,nan,0.0,nan,0.0,nan,0.0,nan,0.0,nan,0.0,nan,0.0,nan,0.0,nan,0.0,nan,0.0,bury_bones,15,True,3977,/home/localadmin/imagined_rehearsal/logs/rlscape/m4_reservoir_3goal_500k_seed0/stage5b2a_bury_autopsy/evaluations/replicate_02/always_reward_only/attempt_01,74.52,77.5,0.0,reward_only,reward_only,True,episode,{},sampled,0,2,50,51,0,121002,/home/localadmin/imagined_rehearsal/logs/rlscape/m4_reservoir_3goal_500k_seed0/stage4a_counterfactual_head_repair/checkpoints/counterfactual_bounded,7.663273152318326,0.96,48,3776,0,,1,38.05013707000762
0.0,0.00466209774510396,0.0005584839021680839,16.0,1.5362969814134432e-05,16.0,stage5b2a,source,True,1.0,800.0,0.014270428637973964,11.416342910379171,nan,0.0,nan,0.0,0.0,0.0,0.0,0.0,1920.0,1536000.0,128.0,102400.0,nan,0.0,nan,0.0,nan,0.0,reward_cap_16,0,10050,True,50,1214.0882374590728,dose,nan,0.0,nan,0.0,nan,0.0,nan,0.0,nan,0.0,nan,0.0,0.0,0.0,0.0,0.0,0.0,0.0,False,0.0,0.0,1.0,800.0,nan,0.0,none,nan,0.0,nan,0.0,nan,0.0,nan,0.0,nan,0.0,nan,0.0,nan,0.0,nan,0.0,nan,0.0,nan,0.0,bury_bones,15,True,10251,/home/localadmin/imagined_rehearsal/logs/rlscape/m4_reservoir_3goal_500k_seed0/stage5b2a_bury_autopsy/evaluations/replicate_02/reward_cap_16/attempt_01,200.0,200.0,0.0,reward_only,reward_only,True,episode,{},sampled,0,2,50,51,0,121002,/home/localadmin/imagined_rehearsal/logs/rlscape/m4_reservoir_3goal_500k_seed0/stage4a_counterfactual_head_repair/checkpoints/counterfactual_bounded,8.277816792816747,0.0,0,10050,16,,1,40.49087070196401
0.0,0.012925554447391708,0.0015550586585990906,42.62,1.6084560048320084e-05,42.62,stage5b2a,source,True,1.0,2131.0,0.014291310846781098,30.45478341449052,nan,0.0,nan,0.0,0.0,0.0,0.0,0.0,1920.0,4091520.0,128.0,272768.0,nan,0.0,nan,0.0,nan,0.0,reward_cap_46,0,8193,True,50,1004.610730689019,dose,nan,0.0,nan,0.0,nan,0.0,nan,0.0,nan,0.0,nan,0.0,0.0,0.0,0.0,0.0,0.0,0.0,False,0.0,0.0,1.0,2131.0,nan,0.0,none,nan,0.0,nan,0.0,nan,0.0,nan,0.0,nan,0.0,nan,0.0,nan,0.0,nan,0.0,nan,0.0,nan,0.0,bury_bones,15,True,8394,/home/localadmin/imagined_rehearsal/logs/rlscape/m4_reservoir_3goal_500k_seed0/stage5b2a_bury_autopsy/evaluations/replicate_02/reward_cap_46/attempt_01,162.86,200.0,0.0,reward_only,reward_only,True,episode,{},sampled,0,2,50,51,0,121002,/home/localadmin/imagined_rehearsal/logs/rlscape/m4_reservoir_3goal_500k_seed0/stage4a_counterfactual_head_repair/checkpoints/counterfactual_bounded,8.155397657738312,0.34,17,8193,46,,1,36.55440063995775
0.0,0.03178015127417631,0.005549934085848845,80.0,1.816478623258888e-05,80.0,stage5b2a,source,True,1.0,4000.0,0.014272307774284855,57.08923109713942,nan,0.0,nan,0.0,0.0,0.0,0.0,0.0,1920.0,7680000.0,128.0,512000.0,nan,0.0,nan,0.0,nan,0.0,reward_cap_80,0,10050,True,50,1243.3217575359158,dose,nan,0.0,nan,0.0,nan,0.0,nan,0.0,nan,0.0,nan,0.0,0.0,0.0,0.0,0.0,0.0,0.0,False,0.0,0.0,1.0,4000.0,nan,0.0,none,nan,0.0,nan,0.0,nan,0.0,nan,0.0,nan,0.0,nan,0.0,nan,0.0,nan,0.0,nan,0.0,nan,0.0,bury_bones,15,True,10251,/home/localadmin/imagined_rehearsal/logs/rlscape/m4_reservoir_3goal_500k_seed0/stage5b2a_bury_autopsy/evaluations/replicate_02/reward_cap_80/attempt_01,200.0,200.0,0.0,reward_only,reward_only,True,episode,{},sampled,0,2,50,51,0,121002,/home/localadmin/imagined_rehearsal/logs/rlscape/m4_reservoir_3goal_500k_seed0/stage4a_counterfactual_head_repair/checkpoints/counterfactual_bounded,8.08318517639203,0.0,0,10050,80,,1,41.099317528889515
0.0,0.011029154578482104,0.0019681791158074726,82.68,1.8449707622913816e-05,82.68,stage5b2a,source,True,1.0,4134.0,0.014272367875269705,59.00196879636496,nan,0.0,nan,0.0,0.0,0.0,0.0,0.0,1920.0,7937280.0,128.0,529152.0,nan,0.0,nan,0.0,nan,0.0,reward_cap_127,0,4722,True,50,606.1720843500225,dose,nan,0.0,nan,0.0,nan,0.0,nan,0.0,nan,0.0,nan,0.0,0.0,0.0,0.0,0.0,0.0,0.0,False,0.0,0.0,1.0,4134.0,nan,0.0,none,nan,0.0,nan,0.0,nan,0.0,nan,0.0,nan,0.0,nan,0.0,nan,0.0,nan,0.0,nan,0.0,nan,0.0,bury_bones,15,True,4923,/home/localadmin/imagined_rehearsal/logs/rlscape/m4_reservoir_3goal_500k_seed0/stage5b2a_bury_autopsy/evaluations/replicate_02/reward_cap_127/attempt_02,93.44,89.0,0.0,reward_only,reward_only,True,episode,{},sampled,0,2,50,51,0,121002,/home/localadmin/imagined_rehearsal/logs/rlscape/m4_reservoir_3goal_500k_seed0/stage4a_counterfactual_head_repair/checkpoints/counterfactual_bounded,7.789867138245468,0.86,43,4722,127,,1,37.66433501394931
0.0,0.022855383050826024,0.007201689980797582,29.605263157894736,2.1708887016085775e-05,22.5,stage5b2a,source,True,0.23316062176165803,1125.0,0.0033453622761476843,16.141372982412577,nan,0.0,nan,0.0,0.0,0.0,0.0,0.0,447.6683937823834,2160000.0,29.844559585492227,144000.0,nan,0.0,nan,0.0,nan,0.0,reward_random_46,0,4895,True,50,598.1724143050378,random_schedule,nan,0.0,nan,0.0,nan,0.0,nan,0.0,nan,0.0,nan,0.0,0.23316062176165803,1125.0,0.0,0.0,0.0,0.0,True,1.0,4825.0,0.23316062176165803,1125.0,nan,0.0,random_schedule,nan,0.0,nan,0.0,nan,0.0,nan,0.0,nan,0.0,nan,0.0,nan,0.0,nan,0.0,nan,0.0,nan,0.0,bury_bones,15,True,4969,/home/localadmin/imagined_rehearsal/logs/rlscape/m4_reservoir_3goal_500k_seed0/stage5b2a_bury_autopsy/evaluations/replicate_02/reward_random_46/attempt_01,96.9,100.0,0.0,reward_only,reward_only,True,episode,{},sampled,46,2,50,51,0,121002,/home/localadmin/imagined_rehearsal/logs/rlscape/m4_reservoir_3goal_500k_seed0/stage4a_counterfactual_head_repair/checkpoints/counterfactual_bounded,8.183259346198797,0.86,43,4895,46,,1,20.989419146906585
0.0,0.030375310423582026,0.004988656479632384,76.92,1.746600189740924e-05,47.64,stage5b2a,source,True,0.6193447737909517,2382.0,0.008816236975393101,33.907247407361865,0.007125771563312255,27.405717432498932,0.007158775909649313,27.53265214851126,0.0,0.0,0.021577311770770616,82.98634107038379,5760.0,22152960.0,384.0,1476864.0,0.38065522620904835,1464.0,1.0,3846.0,0.00729276431197503,28.047971543855965,virtual_positive_reward_d25,0,10050,True,50,1384.6257472439902,virtual_update,nan,0.0,0.07465690804965372,287.1304683589682,0.08867370319812792,341.0390625,1.0,3846.0,0.06959312735961558,267.6551678250815,0.08307738559542381,319.515625,1.0,3846.0,1.0,3846.0,0.6193447737909517,2382.0,True,1.0,3846.0,0.6193447737909517,2382.0,nan,0.0,virtual_update,nan,0.0,0.5213208528341133,2005.0,0.07465690804965372,287.1304683589682,0.06959312735961558,267.6551678250815,0.005063780688723119,19.475300528829116,nan,0.0,nan,0.0,nan,0.0,0.9284971398855955,3571.0,0.9251170046801872,3558.0,bury_bones,15,True,10251,/home/localadmin/imagined_rehearsal/logs/rlscape/m4_reservoir_3goal_500k_seed0/stage5b2a_bury_autopsy/evaluations/replicate_02/virtual_positive_reward_d25/attempt_01,200.0,200.0,0.0,reward_only,reward_only,True,episode,{},sampled,0,2,50,51,0,121002,/home/localadmin/imagined_rehearsal/logs/rlscape/m4_reservoir_3goal_500k_seed0/stage4a_counterfactual_head_repair/checkpoints/counterfactual_bounded,7.2582790114974305,0.0,0,10050,0,positive,1,44.54010875604581
0.0,0.005664674858801142,0.0006516505700142776,30.26,2.0990605191806713e-05,12.3,stage5b2a,source,True,0.4064771976206213,615.0,0.008803539275716785,13.319754924159497,0.007122599364363607,10.776492838282138,0.00714908186955684,10.816560868639499,0.0,0.0,0.02156688801215448,32.63070156238973,5760.0,8714880.0,384.0,580992.0,0.5935228023793787,898.0,1.0,1513.0,0.0072952067720785645,11.037647846154869,virtual_negative_reward_d25,0,8586,True,50,1095.5897813410265,virtual_update,nan,0.0,0.004009564896876062,6.066471688973483,0.004853767349636484,7.34375,1.0,1513.0,0.003081139143892597,4.6617635247094995,0.003526726701916722,5.3359375,1.0,1513.0,1.0,1513.0,0.4064771976206213,615.0,True,1.0,1513.0,0.4064771976206213,615.0,nan,0.0,virtual_update,nan,0.0,0.7541308658294779,1141.0,0.004009564896876062,6.066471688973483,0.003081139143892597,4.6617635247094995,0.0009284257556098973,1.4047081682377747,nan,0.0,nan,0.0,nan,0.0,0.7884996695307337,1193.0,0.7858559153998678,1189.0,bury_bones,15,True,8787,/home/localadmin/imagined_rehearsal/logs/rlscape/m4_reservoir_3goal_500k_seed0/stage5b2a_bury_autopsy/evaluations/replicate_02/virtual_negative_reward_d25/attempt_01,170.72,200.0,0.0,reward_only,reward_only,True,episode,{},sampled,0,2,50,51,0,121002,/home/localadmin/imagined_rehearsal/logs/rlscape/m4_reservoir_3goal_500k_seed0/stage4a_counterfactual_head_repair/checkpoints/counterfactual_bounded,7.836874846980174,0.22,11,8586,0,negative,1,37.549559295061044
0.0,0.04554412468687317,0.009864981492055253,200.0,1.568968960612125e-05,200.0,stage5b2a,source,True,1.0,10000.0,0.0147948690418154,147.948690418154,nan,0.0,nan,0.0,0.0,0.0,0.0,0.0,1920.0,19200000.0,128.0,1280000.0,nan,0.0,nan,0.0,nan,0.0,always_mixed_beta_0p005,0,10050,True,50,1313.4082593399798,always_mixed,nan,0.0,nan,0.0,nan,0.0,nan,0.0,nan,0.0,nan,0.0,0.0,0.0,0.0,0.0,0.0,0.0,False,0.0,0.0,1.0,10000.0,nan,0.0,none,nan,0.0,nan,0.0,nan,0.0,nan,0.0,nan,0.0,nan,0.0,nan,0.0,nan,0.0,nan,0.0,nan,0.0,bury_bones,15,True,10251,/home/localadmin/imagined_rehearsal/logs/rlscape/m4_reservoir_3goal_500k_seed0/stage5b2a_bury_autopsy/evaluations/replicate_02/always_mixed_beta_0p005/attempt_01,200.0,200.0,0.005,mixed_bounded,mixed_beta_0p005,True,episode,{},sampled,0,2,50,51,0,121002,/home/localadmin/imagined_rehearsal/logs/rlscape/m4_reservoir_3goal_500k_seed0/stage4a_counterfactual_head_repair/checkpoints/counterfactual_bounded,7.651847724065915,0.0,0,10050,0,,1,42.45864921400789
0.0,0.02408951463468427,0.0042129511159323145,46.0,1.8407231248790162e-05,46.0,stage5b2a,source,True,1.0,2300.0,0.014799189452162903,34.03813573997468,nan,0.0,nan,0.0,0.0,0.0,0.0,0.0,1920.0,4416000.0,128.0,294400.0,nan,0.0,nan,0.0,nan,0.0,mixed_beta_0p005_cap_46,0,10050,True,50,1230.1250581910135,dose_mixed,nan,0.0,nan,0.0,nan,0.0,nan,0.0,nan,0.0,nan,0.0,0.0,0.0,0.0,0.0,0.0,0.0,False,0.0,0.0,1.0,2300.0,nan,0.0,none,nan,0.0,nan,0.0,nan,0.0,nan,0.0,nan,0.0,nan,0.0,nan,0.0,nan,0.0,nan,0.0,nan,0.0,bury_bones,15,True,10251,/home/localadmin/imagined_rehearsal/logs/rlscape/m4_reservoir_3goal_500k_seed0/stage5b2a_bury_autopsy/evaluations/replicate_02/mixed_beta_0p005_cap_46/attempt_01,200.0,200.0,0.005,mixed_bounded,mixed_beta_0p005,True,episode,{},sampled,0,2,50,51,0,121002,/home/localadmin/imagined_rehearsal/logs/rlscape/m4_reservoir_3goal_500k_seed0/stage4a_counterfactual_head_repair/checkpoints/counterfactual_bounded,8.169901046304382,0.0,0,10050,46,,1,41.47058104095049
0.0,0.015222055219579306,0.005483972876363415,27.54054054054054,1.9980695974656096e-05,20.38,stage5b2a,source,True,0.23049083917665686,1019.0,0.0034334444552761106,15.179257936775684,nan,0.0,nan,0.0,0.0,0.0,0.0,0.0,442.5424112191812,1956480.0,29.502827414612078,130432.0,nan,0.0,nan,0.0,nan,0.0,mixed_beta_0p005_random_46,0,4506,True,50,551.874909578939,random_schedule,nan,0.0,nan,0.0,nan,0.0,nan,0.0,nan,0.0,nan,0.0,0.23049083917665686,1019.0,0.0,0.0,0.0,0.0,True,1.0,4421.0,0.23049083917665686,1019.0,nan,0.0,random_schedule,nan,0.0,nan,0.0,nan,0.0,nan,0.0,nan,0.0,nan,0.0,nan,0.0,nan,0.0,nan,0.0,nan,0.0,bury_bones,15,True,4707,/home/localadmin/imagined_rehearsal/logs/rlscape/m4_reservoir_3goal_500k_seed0/stage5b2a_bury_autopsy/evaluations/replicate_02/mixed_beta_0p005_random_46/attempt_01,89.12,102.0,0.005,mixed_bounded,mixed_beta_0p005,True,episode,{},sampled,46,2,50,51,0,121002,/home/localadmin/imagined_rehearsal/logs/rlscape/m4_reservoir_3goal_500k_seed0/stage4a_counterfactual_head_repair/checkpoints/counterfactual_bounded,8.164893749994755,0.88,44,4506,46,,1,37.343040963984095
0.0,0.02206307524483679,0.003475618558625175,72.34,1.709794063576726e-05,43.34,stage5b2a,source,True,0.5991152889134642,2167.0,0.009047584052158756,32.72511151665822,0.00710195501381055,25.68777128495276,0.007146930786167426,25.850448653567582,0.0,0.0,0.02155313774313029,77.95769921690226,5760.0,20833920.0,384.0,1388928.0,0.4008847110865358,1450.0,1.0,3617.0,0.007304251953966674,26.419479317497462,virtual_positive_mixed_beta_0p005_d25,0,10050,True,50,1380.8433667520294,virtual_update,nan,0.0,0.045901829981968297,166.02691904477933,0.053756566215095385,194.4375,1.0,3617.0,0.04270083992389554,154.44893800473017,0.04993779375172795,180.625,1.0,3617.0,1.0,3617.0,0.5991152889134642,2167.0,True,1.0,3617.0,0.5991152889134642,2167.0,nan,0.0,virtual_update,nan,0.0,0.5490738180812829,1986.0,0.045901829981968297,166.02691904477933,0.04270083992389554,154.44893800473017,0.003200990055813811,11.577981031878554,nan,0.0,nan,0.0,nan,0.0,0.9212054188554051,3332.0,0.916781863422726,3316.0,bury_bones,15,True,10251,/home/localadmin/imagined_rehearsal/logs/rlscape/m4_reservoir_3goal_500k_seed0/stage5b2a_bury_autopsy/evaluations/replicate_02/virtual_positive_mixed_beta_0p005_d25/attempt_01,200.0,200.0,0.005,mixed_bounded,mixed_beta_0p005,True,episode,{},sampled,0,2,50,51,0,121002,/home/localadmin/imagined_rehearsal/logs/rlscape/m4_reservoir_3goal_500k_seed0/stage4a_counterfactual_head_repair/checkpoints/counterfactual_bounded,7.278160754495459,0.0,0,10050,0,positive,1,43.83892231609207
