proposal,control_scope,horizon,relationship,actual_goal,actual_goal_name,rows,online_value_start_mean,slow_value_start_mean,online_slow_start_gap,online_value_final_mean,slow_value_final_mean,return_mean,return_p95,return_max,return_bias_vs_realized,reward_only_mean,bootstrap_mean,bootstrap_abs_mean,bootstrap_fraction,imagined_reward_sum_mean,imagined_reward_event_posterior_sample_rate,imagined_stop_posterior_sample_rate,prior_entropy_mean,first_action_unique_fraction,all_action_unique_fraction
actor,all,1,factual,0,kill_goblin,505,1.8726271095842417,1.8731710167214422,-0.0005439106024580426,2.052814990223044,2.050203238619436,1.998814955772678,2.082360705570767,2.1309104132309526,nan,0.04410649552417409,1.9547084602485039,1.9547084602485039,0.968967844386041,0.04410649557679549,0.04081064356435644,0.03844368811881188,0.8799194033783261,0.02889851485148515,0.02889851485148515
actor,all,1,factual,1,bury_bones,416,1.8194954065749278,1.8261886092905815,-0.0066932012000156995,2.252324803517415,2.2570660561323166,2.168506786269954,2.293433687883417,2.356937037081204,nan,0.039810340305671606,2.128696445964282,2.128696445964282,0.9789564210173892,0.03981034038052157,0.03511868990384615,0.034574068509615384,0.8000827936025766,0.026216947115384616,0.026216947115384616
actor,all,1,factual,2,chop_logs,512,1.343874462414533,1.356270105810836,-0.01239564009665628,1.4004151404369622,1.4149086424149573,1.375981539772148,1.434892407469952,1.4996434222167698,nan,0.023808982412032335,1.3521725573601158,1.3521725573601158,0.9783671689702443,0.023808982598537125,0.0228424072265625,0.02874755859375,1.0139170587062836,0.0421905517578125,0.0421905517578125
actor,all,1,counterfactual,0,kill_goblin,2020,1.8024788967453607,1.8054329784789889,-0.002954080041571714,2.0124964510450267,2.0114951451226037,1.9644930118302395,2.050525583250041,2.09834952338121,nan,0.03129214869436385,1.9332008631358757,1.9332008631358757,0.977184359484287,0.03129214867659169,0.02908802599009901,0.0311146349009901,0.8772923611178256,0.030681466584158417,0.030681466584158417
actor,all,1,counterfactual,1,bury_bones,1664,1.7605313951722705,1.7672904941181724,-0.006759102827345487,2.2437502923779764,2.2479446544670143,2.188849410825589,2.3009740614572154,2.365471647479633,nan,0.027157516607060003,2.1616918942185284,2.1616918942185284,0.9864428741656047,0.027157516549049514,0.02099609375,0.018352801983173076,0.8011452693205613,0.026630108173076924,0.026630108173076924
actor,all,1,counterfactual,2,chop_logs,2048,1.4053839124972,1.4190217084251344,-0.013637794017540728,1.436348536692094,1.4514490666333586,1.3951021961263543,1.465074257533799,1.5457892736895669,nan,0.03373560480546403,1.3613665913208903,1.3613665913208903,0.9676832399609978,0.03373560497197085,0.032581329345703125,0.041839599609375,1.0133952498435974,0.04027557373046875,0.04027557373046875
actor,all,3,factual,0,kill_goblin,505,1.8726271095842417,1.8731710167214422,-0.0005439106024580426,2.1239521975564486,2.1204618890686793,2.0454374678989313,2.140004217327885,2.196975843566609,nan,0.04842768698546632,1.9970097809134648,1.9970097809134648,0.9668136453830972,0.05772451034481945,0.04308477722772277,0.039402846534653466,0.8602863864143296,0.02889851485148515,0.024071782178217822
actor,all,3,factual,1,bury_bones,416,1.8194954065749278,1.8261886092905815,-0.0066932012000156995,2.3216363925200243,2.3230753019452095,2.21390297059197,2.35132586335634,2.430358898039242,nan,0.04054356908664126,2.173359401505329,2.173359401505329,0.9789234961822751,0.04089342411182694,0.03560697115384615,0.03470552884615385,0.8136122050480201,0.026216947115384616,0.022341997195512817
actor,all,3,factual,2,chop_logs,512,1.343874462414533,1.356270105810836,-0.01239564009665628,1.4345348998904228,1.4506579947192222,1.3969690487568758,1.4721105929374783,1.5952322164246762,nan,0.02597507583114535,1.3709939729257306,1.3709939729257306,0.9766619439285493,0.02687427691253515,0.0245513916015625,0.0305938720703125,1.0372898764326237,0.0421905517578125,0.033905029296875
actor,all,3,counterfactual,0,kill_goblin,2020,1.8024788967453607,1.8054329784789889,-0.002954080041571714,2.090429152238487,2.0878640346597916,2.018219585877293,2.1119128479550797,2.1693913406880916,nan,0.03428819342423521,1.983931392453058,1.983931392453058,0.9757227646965824,0.0407214473141997,0.030646658415841584,0.03220529084158416,0.8592200573718194,0.030681466584158417,0.025292646452145212
actor,all,3,counterfactual,1,bury_bones,1664,1.7605313951722705,1.7672904941181724,-0.006759102827345487,2.3235920710632434,2.323847727205318,2.245622957617329,2.366569125701571,2.4441297555944077,nan,0.02858613521571813,2.217036822401611,2.217036822401611,0.9861140050439201,0.02901252387751936,0.021958571213942308,0.018568772536057692,0.8142749621138836,0.026630108173076924,0.02278332832532051
actor,all,3,counterfactual,2,chop_logs,2048,1.4053839124972,1.4190217084251344,-0.013637794017540728,1.4682663087151013,1.4849080169806257,1.4008116953080063,1.4865618984631765,1.6259242113405479,nan,0.03786664268764618,1.3629450526203601,1.3629450526203601,0.9634157367787112,0.040658350090438625,0.0365142822265625,0.04578399658203125,1.0369228175550234,0.04027557373046875,0.03259531656901042
actor,all,6,factual,0,kill_goblin,505,1.8726271095842417,1.8731710167214422,-0.0005439106024580426,2.1489487886428833,2.1453676183625023,2.053659779413222,2.15850024755702,2.2321403600175573,nan,0.051197802420217244,2.002461976993005,2.002461976993005,0.9654438333694565,0.06242030785310403,0.04554455445544554,0.04003712871287129,0.8474596276141629,0.02889851485148515,0.01766450082508251
actor,all,6,factual,1,bury_bones,416,1.8194954065749278,1.8261886092905815,-0.0066932012000156995,2.34996036784007,2.3497573664555182,2.2209579614991677,2.3749432523064065,2.4651573708948695,nan,0.04094873764174246,2.180009223857425,2.180009223857425,0.9788164136241714,0.04146660373144988,0.03586989182692308,0.03470552884615385,0.8200931309077603,0.026216947115384616,0.016197791466346152
actor,all,6,factual,2,chop_logs,512,1.343874462414533,1.356270105810836,-0.01239564009665628,1.4472208563238382,1.4641980342566967,1.3987171180168332,1.4831334217281347,1.6369348219645734,nan,0.026200968344378812,1.3725161496724545,1.3725161496724545,0.9764466411448736,0.027210048701797926,0.0246734619140625,0.0306549072265625,1.0515895530115813,0.0421905517578125,0.024716695149739586
actor,all,6,counterfactual,0,kill_goblin,2020,1.8024788967453607,1.8054329784789889,-0.002954080041571714,2.1165014416274457,2.1135590076446533,2.0270286279855534,2.1311517053529876,2.204265080942592,nan,0.03660281996449194,1.990425808021061,1.990425808021061,0.9744439227307965,0.04438147980290681,0.032924659653465346,0.03319152227722772,0.8474040420338659,0.030681466584158417,0.018328434405940595
actor,all,6,counterfactual,1,bury_bones,1664,1.7605313951722705,1.7672904941181724,-0.006759102827345487,2.3518199211416335,2.3502427573100877,2.2539369947695596,2.3915243559935844,2.4825299459862884,nan,0.029480847850360783,2.2244561469191986,2.2244561469191986,0.9857820518063769,0.030321792676188623,0.02253136268028846,0.01860633263221154,0.8205612705518993,0.026630108173076924,0.016540527343749997
actor,all,6,counterfactual,2,chop_logs,2048,1.4053839124972,1.4190217084251344,-0.013637794017540728,1.4799414108274505,1.4976413511903957,1.389784536648797,1.4859797328289495,1.649230726769634,nan,0.038469728502125954,1.3513148081466713,1.3513148081466713,0.9626228460696784,0.041735976149768934,0.03697967529296875,0.0461578369140625,1.0509800438885577,0.04027557373046875,0.02365684509277344
actor,all,15,factual,0,kill_goblin,505,1.8726271095842417,1.8731710167214422,-0.0005439106024580426,2.188714874616944,2.185307969905362,2.0568490615928443,2.184763049483513,2.295773047160113,nan,0.06259994427498887,1.9942491173178554,1.9942491173178554,0.9604193594315814,0.08969305301040084,0.056884282178217824,0.04334777227722772,0.8440811451118772,0.02889851485148515,0.011013820132013201
actor,all,15,factual,1,bury_bones,416,1.8194954065749278,1.8261886092905815,-0.0066932012000156995,2.415830770077614,2.416840243224914,2.228577465867766,2.417177477724668,2.548209230521869,nan,0.04926230517569229,2.1793151606920738,2.1793151606920738,0.9754578985697324,0.05912584699070403,0.045297475961538464,0.035963792067307696,0.817366526533778,0.026216947115384616,0.010227614182692309
actor,all,15,factual,2,chop_logs,512,1.343874462414533,1.356270105810836,-0.01239564009665628,1.4605578028131276,1.4781302195042372,1.3916753720565551,1.4924806376492157,1.6802288718248874,nan,0.02635029720129235,1.3653250748552628,1.3653250748552628,0.9761974993246649,0.027508347665386658,0.0247650146484375,0.0306854248046875,1.0706364390207455,0.0421905517578125,0.016070556640625
actor,all,15,counterfactual,0,kill_goblin,2020,1.8024788967453607,1.8054329784789889,-0.002954080041571714,2.158596130290834,2.155494510891414,2.0304169439963675,2.1564868576330958,2.2665725476964136,nan,0.04638920625657878,1.9840277377397888,1.9840277377397888,0.9698511512415591,0.06975520916120546,0.04351794554455445,0.037519337871287126,0.8444575204117464,0.030681466584158417,0.011308013613861386
actor,all,15,counterfactual,1,bury_bones,1664,1.7605313951722705,1.7672904941181724,-0.006759102827345487,2.416538785140102,2.4162157801911235,2.265572939814965,2.439086700594851,2.572167063955232,nan,0.03811122015354472,2.22746171966142,2.22746171966142,0.9824169377645935,0.04847430650224829,0.03175706129807692,0.019681490384615384,0.8175822157914249,0.026630108173076924,0.010478640825320514
actor,all,15,counterfactual,2,chop_logs,2048,1.4053839124972,1.4190217084251344,-0.013637794017540728,1.4936210794840008,1.5127718757139519,1.3615340039821797,1.4745991868924402,1.6672179164502645,nan,0.03909456472666547,1.322439439255514,1.322439439255514,0.9617248214722944,0.04304895020357012,0.037441253662109375,0.046421051025390625,1.0696630320162512,0.04027557373046875,0.015628560384114584
actor,all,20,factual,0,kill_goblin,505,1.8726271095842417,1.8731710167214422,-0.0005439106024580426,2.2006911846670776,2.197773296290105,2.0539922495421714,2.1872491107806677,2.3138423373153985,nan,0.06719902848447938,1.9867932210576924,1.9867932210576924,0.9582534165089776,0.11198805082647519,0.06284034653465347,0.04599319306930693,0.8440494357949436,0.02889851485148515,0.009308477722772279
actor,all,20,factual,1,bury_bones,416,1.8194954065749278,1.8261886092905815,-0.0066932012000156995,2.450859917471042,2.4514046781338177,2.2307839210886753,2.4329710253729164,2.577646770613406,nan,0.05579377953017518,2.1749901415585,2.1749901415585,0.9728039903205856,0.08084216746618283,0.053091195913461536,0.037353515625,0.816992947115348,0.026216947115384616,0.008807842548076924
actor,all,20,factual,2,chop_logs,512,1.343874462414533,1.356270105810836,-0.01239564009665628,1.464598597260192,1.4822082864120603,1.3882679931989785,1.4929149924010294,1.6893698762314162,nan,0.02644889948660664,1.3618190937123718,1.3618190937123718,0.9760816363025213,0.027776366554111413,0.02490234375,0.0307159423828125,1.073793155956082,0.0421905517578125,0.014006042480468748
actor,all,20,counterfactual,0,kill_goblin,2020,1.8024788967453607,1.8054329784789889,-0.002954080041571714,2.1707298056914075,2.1680446349158147,2.027350526906201,2.1583270185124532,2.2834328020171197,nan,0.05047142546546836,1.976879101440733,1.976879101440733,0.9678426674664428,0.09178776326829217,0.04914526608910891,0.04057858910891089,0.844667662016236,0.030681466584158417,0.009565284653465346
actor,all,20,counterfactual,1,bury_bones,1664,1.7605313951722705,1.7672904941181724,-0.006759102827345487,2.451381428597065,2.4504134874934187,2.2706774366211486,2.4595648914199226,2.6067080264114724,nan,0.04470481279433215,2.2259726238268165,2.2259726238268165,0.9798537654291124,0.0693018099989402,0.03939115084134615,0.020827073317307692,0.8170902295969427,0.026630108173076924,0.009001042292668269
actor,all,20,counterfactual,2,chop_logs,2048,1.4053839124972,1.4190217084251344,-0.013637794017540728,1.4983115947106853,1.5177306022960693,1.3510317671262941,1.4677753667585418,1.6677942851195708,nan,0.039417581630619015,1.311614185495675,1.311614185495675,0.9613578564934873,0.04409854263321953,0.037807464599609375,0.04666900634765625,1.0729913630930241,0.04027557373046875,0.01362018585205078
actor,paired_recorded,1,factual,0,kill_goblin,505,1.8726271095842417,1.8731710167214422,-0.0005439106024580426,2.052814990223044,2.050203238619436,1.998814955772678,2.082360705570767,2.1309104132309526,nan,0.04410649552417409,1.9547084602485039,1.9547084602485039,0.968967844386041,0.04410649557679549,0.04081064356435644,0.03844368811881188,0.8799194033783261,0.02889851485148515,0.02889851485148515
actor,paired_recorded,1,factual,1,bury_bones,416,1.8194954065749278,1.8261886092905815,-0.0066932012000156995,2.252324803517415,2.2570660561323166,2.168506786269954,2.293433687883417,2.356937037081204,nan,0.039810340305671606,2.128696445964282,2.128696445964282,0.9789564210173892,0.03981034038052157,0.03511868990384615,0.034574068509615384,0.8000827936025766,0.026216947115384616,0.026216947115384616
actor,paired_recorded,1,factual,2,chop_logs,512,1.343874462414533,1.356270105810836,-0.01239564009665628,1.4004151404369622,1.4149086424149573,1.375981539772148,1.434892407469952,1.4996434222167698,nan,0.023808982412032335,1.3521725573601158,1.3521725573601158,0.9783671689702443,0.023808982598537125,0.0228424072265625,0.02874755859375,1.0139170587062836,0.0421905517578125,0.0421905517578125
actor,paired_recorded,1,counterfactual,0,kill_goblin,2020,1.8024788967453607,1.8054329784789889,-0.002954080041571714,2.0124964510450267,2.0114951451226037,1.9644930118302395,2.050525583250041,2.09834952338121,nan,0.03129214869436385,1.9332008631358757,1.9332008631358757,0.977184359484287,0.03129214867659169,0.02908802599009901,0.0311146349009901,0.8772923611178256,0.030681466584158417,0.030681466584158417
actor,paired_recorded,1,counterfactual,1,bury_bones,1664,1.7605313951722705,1.7672904941181724,-0.006759102827345487,2.2437502923779764,2.2479446544670143,2.188849410825589,2.3009740614572154,2.365471647479633,nan,0.027157516607060003,2.1616918942185284,2.1616918942185284,0.9864428741656047,0.027157516549049514,0.02099609375,0.018352801983173076,0.8011452693205613,0.026630108173076924,0.026630108173076924
actor,paired_recorded,1,counterfactual,2,chop_logs,2048,1.4053839124972,1.4190217084251344,-0.013637794017540728,1.436348536692094,1.4514490666333586,1.3951021961263543,1.465074257533799,1.5457892736895669,nan,0.03373560480546403,1.3613665913208903,1.3613665913208903,0.9676832399609978,0.03373560497197085,0.032581329345703125,0.041839599609375,1.0133952498435974,0.04027557373046875,0.04027557373046875
actor,paired_recorded,3,factual,0,kill_goblin,376,1.9189526245315025,1.9191963542649086,-0.00024373534858781605,2.130379102331527,2.126592841871241,2.1080359268375353,2.1773256678688697,2.220756498871149,nan,0.0034682398940311383,2.104567686943504,2.104567686943504,0.998361554778385,0.0036990730138344555,0.0016206781914893617,0.0007272273936170212,0.887507863184239,0.02908909574468085,0.024462544326241138
actor,paired_recorded,3,factual,1,bury_bones,275,1.909343880740079,1.9131192437085238,-0.0037753636051308026,2.2948955761302603,2.296471937352961,2.2146130986766317,2.343565573539058,2.4290382418081764,nan,0.028978709878781775,2.1856343887978498,2.1856343887978498,0.9850203789877229,0.029262891463276302,0.024289772727272726,0.023039772727272728,0.82325979644602,0.026732954545454546,0.023759469696969696
actor,paired_recorded,3,factual,2,chop_logs,383,1.356478392299722,1.3697562205262346,-0.013277825714616645,1.4398326637228227,1.4560776061862317,1.4261727059171052,1.489947546128683,1.6409227162763957,nan,0.0012433578298672668,1.4249293480872376,1.4249293480872376,0.9990850584989237,0.0013643169645128242,0.0007343342036553525,0.0005711488250652742,1.0540801338053871,0.042468994778067884,0.03416693864229765
actor,paired_recorded,3,counterfactual,0,kill_goblin,1504,1.839748648569939,1.842979656334253,-0.0032310064577378648,2.0953912470251956,2.0926707069924535,2.0749015009352347,2.1476443453132723,2.1956862800311754,nan,0.001985537749635392,2.0729159631855993,2.0729159631855993,0.9990602324469927,0.002149820646427732,0.0011947307180851063,0.0004051695478723404,0.8860058948952467,0.03113052692819149,0.02575597019060284
actor,paired_recorded,3,counterfactual,1,bury_bones,1100,1.8374463321945884,1.8421776334805922,-0.004731303002177314,2.2968770321932706,2.2972480512749067,2.2397524801928532,2.358307565060901,2.441413727531258,nan,0.018955842937829787,2.220796637255024,2.220796637255024,0.9912911809547482,0.019203220812170678,0.01291903409090909,0.010703125,0.8239859842983159,0.027485795454545454,0.02427793560606061
actor,paired_recorded,3,counterfactual,2,chop_logs,1532,1.428645171244524,1.4432848971288448,-0.014639723532913403,1.4739549400445375,1.4907427812213998,1.4407406644864156,1.5126144308388487,1.677902408974179,nan,0.003439516840267028,1.4373011476461486,1.4373011476461486,0.9973750767815157,0.003897986068419489,0.0024987761096605743,0.0026007669712793734,1.0536765581478338,0.040444476174934726,0.03292774967362924
actor,paired_recorded,6,factual,0,kill_goblin,366,1.9300007722416863,1.930079071248164,-7.830489976484267e-05,2.1536728716938875,2.1498460929250456,2.1163693476581242,2.19691511981363,2.2584218664294435,nan,0.0059185060213963695,2.110450841636728,2.110450841636728,0.9972999223969092,0.006816497534560529,0.003927595628415301,0.0010032445355191257,0.8625905668474937,0.029649077868852458,0.01764927709471767
actor,paired_recorded,6,factual,1,bury_bones,260,1.936219720198558,1.9400404036045074,-0.0038206805761616964,2.285022167976086,2.2871438228167023,2.186993109176689,2.3288906970480494,2.4285972082231946,nan,0.030443235454378863,2.156549873722311,2.156549873722311,0.9842467281702805,0.0308757911122401,0.025811298076923075,0.023768028846153845,0.828859181702137,0.027403846153846154,0.017052283653846152
actor,paired_recorded,6,factual,2,chop_logs,379,1.357438836059973,1.3707890284092885,-0.013350190238481618,1.454975771086197,1.4721630610388,1.4303893760765818,1.5049477388949364,1.691848643978934,nan,0.0013607487518641798,1.4290286273247175,1.4290286273247175,0.9989971453141725,0.0015146716704300543,0.0007626978891820581,0.0006184036939313985,1.0590037176665656,0.04256678759894459,0.024931975593667548
actor,paired_recorded,6,counterfactual,0,kill_goblin,1464,1.8500895803091957,1.853226760697495,-0.003137178016734905,2.120084001718323,2.116973558898832,2.084061907348518,2.167672330142411,2.2335215816295713,nan,0.004123768421526796,2.079938138926991,2.079938138926991,0.9980512253167767,0.004937191440537687,0.0033352544398907104,0.0010085809426229509,0.862520904326048,0.031740949453551916,0.018361687443078326
actor,paired_recorded,6,counterfactual,1,bury_bones,1040,1.8661977330079444,1.8709897209818547,-0.004791989814167699,2.2874399036169053,2.288216218352318,2.214771786447645,2.3470905754940183,2.4444664830227785,nan,0.019795416443115242,2.19497637000453,2.19497637000453,0.9908642477580227,0.020217057909819754,0.01376953125,0.010817307692307692,0.8293430897478874,0.028185096153846154,0.017451672676282053
actor,paired_recorded,6,counterfactual,2,chop_logs,1516,1.4298129857844601,1.4445533606181988,-0.014740372598810137,1.4880227557430166,1.5059850969226505,1.4316258970906095,1.5162427365430218,1.7077855351543945,nan,0.003835355175794502,1.427790541914815,1.427790541914815,0.9970316749676107,0.004485242625210973,0.002700362796833773,0.0029116507255936676,1.0584284382476656,0.040536362137203165,0.023915045074758133
actor,paired_recorded,15,factual,0,kill_goblin,329,1.9543380255394793,1.9537945358948867,0.0005434846029953754,2.185467425450728,2.1820139124038374,2.1091213107325766,2.2102087787064244,2.3019460459542636,nan,0.012081799383673306,2.0970395113489038,2.0970395113489038,0.9944208473135272,0.023230939392426656,0.010282104863221885,0.004179331306990881,0.8505492853538605,0.030775075987841946,0.010953330800405269
actor,paired_recorded,15,factual,1,bury_bones,247,1.936146013167223,1.9400773526203294,-0.003931337088979931,2.324305421910305,2.3271735592892298,2.1729741301901067,2.348741216065543,2.491603851298623,nan,0.03531364145294467,2.1376604887371613,2.1376604887371613,0.9821780162578495,0.04387311578178291,0.03245192307692308,0.02350075910931174,0.82625461300375,0.027992155870445345,0.010952260458839406
actor,paired_recorded,15,factual,2,chop_logs,347,1.3551033367684664,1.3686611109576927,-0.013557773507508832,1.4662499417489132,1.4842081956286253,1.4189157840268638,1.5192872913597009,1.7616166068892332,nan,0.0015859172924875065,1.4173298667343763,1.4173298667343763,0.9988149765510511,0.0018644241175448195,0.0009005763688760807,0.0006754322766570605,1.065913440342939,0.04394812680115274,0.016518071565802112
actor,paired_recorded,15,counterfactual,0,kill_goblin,1316,1.8735134780044613,1.876290788766461,-0.0027773086219391925,2.1541284095371385,2.1510683542689293,2.078623772767967,2.1820570470579455,2.283814319411922,nan,0.009984574168937084,2.06863919859903,2.06863919859903,0.9952639961966028,0.02140390677225328,0.010080262158054711,0.004666128419452888,0.8510291118933437,0.03302502849544073,0.011306357649442756
actor,paired_recorded,15,counterfactual,1,bury_bones,988,1.8654502228445369,1.8704225195322925,-0.00497229832134055,2.3261992519924997,2.3277802250163275,2.2049824828720674,2.369172595556863,2.5156210959102934,nan,0.024576001351101287,2.1804064815209663,2.1804064815209663,0.9887235840739549,0.031953397882843265,0.020148026315789474,0.010619622975708502,0.8267704680381034,0.028798709514170042,0.011165759952766531
actor,paired_recorded,15,counterfactual,2,chop_logs,1388,1.4310487023519851,1.4460808334158202,-0.01503212890260308,1.5001125788310763,1.5196844830636675,1.3982395537103725,1.5093289932683345,1.749679348167675,nan,0.004704599520439716,1.3935349541899327,1.3935349541899327,0.9963062790123506,0.005987044708814674,0.003360275576368876,0.003258960734870317,1.0651350574895353,0.04169668587896254,0.016034387007684916
actor,paired_recorded,20,factual,0,kill_goblin,315,1.9527327159094432,1.9514851346848503,0.0012475757105719475,2.1931731969591173,2.1902943020775205,2.1010463498431062,2.2086075544202757,2.320171601990982,nan,0.01679756514430669,2.0842487846988,2.0842487846988,0.9922425016086551,0.04800097134109537,0.01654265873015873,0.007217261904761905,0.8486450102594164,0.030555555555555555,0.009243551587301588
actor,paired_recorded,20,factual,1,bury_bones,239,1.9233858864676503,1.9271376507052818,-0.0037517621684585653,2.3373241798648277,2.339762250748638,2.1578329128232796,2.3477154578908253,2.5047986519023384,nan,0.0422572703846995,2.1155756424385803,2.1155756424385803,0.9793224651350686,0.06622409718415043,0.039977771966527194,0.025202667364016735,0.8282501186287053,0.028406119246861924,0.009566226464435145
actor,paired_recorded,20,factual,2,chop_logs,324,1.3541548517015245,1.3677867069656466,-0.013631853933250646,1.470352440704534,1.4882817533281114,1.4137451693086684,1.5227495606724872,1.7883952326083454,nan,0.0017752201425174775,1.411969949166151,1.411969949166151,0.9986691029113919,0.002214541149876287,0.001109182098765432,0.0007474922839506172,1.0650004676462692,0.04480131172839506,0.014707513503086422
actor,paired_recorded,20,counterfactual,0,kill_goblin,1260,1.8710749153106931,1.8731329477022565,-0.0020580311047120226,2.161784913331743,2.1592480367138274,2.0703054094200617,2.1805704370429364,2.297968204372588,nan,0.0141678936065535,2.056137515813508,2.056137515813508,0.9932653040179017,0.04502048088535345,0.015674603174603174,0.008060515873015874,0.8494811948329684,0.03280009920634921,0.009552331349206349
actor,paired_recorded,20,counterfactual,1,bury_bones,956,1.8514582602050016,1.8561998816464236,-0.0047416223522868,2.339563809179362,2.340447509139153,2.1938618662463054,2.3738422611865158,2.5359305597061947,nan,0.031199533537373317,2.162662332708932,2.162662332708932,0.9861617530902405,0.051905505411566154,0.027474503138075312,0.011424555439330544,0.8285540812434512,0.029223326359832637,0.009741517390167364
actor,paired_recorded,20,counterfactual,2,chop_logs,1296,1.4318845697943074,1.4469936861668105,-0.015109115053129233,1.5049393575316594,1.5247874585566696,1.3857347276174041,1.5055909912551837,1.7670870292464929,nan,0.005249337380702645,1.3804853902367014,1.3804853902367014,0.9958642924647539,0.007268842084836745,0.003839940200617284,0.003641010802469136,1.0642935535698026,0.04268542631172839,0.014271677276234568
recorded,paired_recorded,1,factual,0,kill_goblin,505,1.8726283271714013,1.8731666605071267,-0.000538336605497516,1.9132474859162132,1.9140925626943608,1.8197308430632275,1.8828573908205624,1.930177105215522,1.6929981697959007,0.12707536465952174,1.6926554784037056,1.6926554784037056,0.8781820795012774,0.12707536445171477,0.12716584158415842,0.12631497524752475,0.8331921568011293,0.0078125,0.0078125
recorded,paired_recorded,1,factual,1,bury_bones,416,1.8194983369455888,1.8261916660345519,-0.0066933259076904505,1.9033689464514072,1.924357744650199,1.7627044497450914,1.8702042558032397,1.9671917402899515,1.6088582958989375,0.1915724876023341,1.5711319621427573,1.5711319621427573,0.8226048846825721,0.19157248762592932,0.19142503004807693,0.19392277644230768,0.7518813793475811,0.0078125,0.0078125
recorded,paired_recorded,1,factual,2,chop_logs,512,1.343874939950183,1.356269698124379,-0.012394753359330934,1.3572281589731574,1.3702979274094105,1.324666747741423,1.3749492874926013,1.421410944690472,1.199666747741423,0.047186216257993914,1.277480531483429,1.277480531483429,0.9524660535629739,0.04718621601574953,0.0464019775390625,0.055999755859375,0.983060896396637,0.0078125,0.0078125
recorded,paired_recorded,1,counterfactual,0,kill_goblin,2020,1.8024792666482454,1.8054301834342503,-0.002950914828844442,1.8659924284066305,1.8683731082642432,1.7850603921272028,1.8568193919875577,1.9082618810899534,nan,0.11781173930140079,1.667248652825802,1.667248652825802,0.8887262938335865,0.11781173850533538,0.11945776608910891,0.12131420173267327,0.8331921568011293,0.0078125,0.0078125
recorded,paired_recorded,1,counterfactual,1,bury_bones,1664,1.7605339480707278,1.767289015177924,-0.00675506940304051,1.870111296311594,1.8882223508822231,1.7802566562298747,1.8907686815942255,1.9839035859158793,nan,0.17553534543040689,1.6047213107994678,1.6047213107994678,0.8446694750377923,0.17553534548041186,0.17448542668269232,0.16572453425480768,0.7518813793475811,0.0078125,0.0078125
recorded,paired_recorded,1,counterfactual,2,chop_logs,2048,1.4053838487016037,1.4190215597627684,-0.013637709169870504,1.3905974520603195,1.4043413948384114,1.3410805856160692,1.3962437925101439,1.4521906322896774,nan,0.06031771471421964,1.2807628709018495,1.2807628709018495,0.9377967693461349,0.060317714526580295,0.060024261474609375,0.07166290283203125,0.983060896396637,0.0078125,0.0078125
recorded,paired_recorded,3,factual,0,kill_goblin,376,1.918954259854682,1.9191905034983412,-0.00023624899628710874,1.9477556779029521,1.946965898288057,1.9213595185001,2.005854063000626,2.052215150778857,1.9133807950958446,0.015910752116515027,1.9054487663835848,1.9054487663835848,0.989013581489438,0.018463684597432386,0.012445977393617021,0.01070063164893617,0.8270981312590711,0.0078125,0.005741633421985816
recorded,paired_recorded,3,factual,1,bury_bones,275,1.909348313591697,1.9131238677284934,-0.0037755522538315167,2.031098115227439,2.048659461628307,1.9197165803652223,2.055044179275439,2.1426403658325697,1.9088074894561313,0.07763575362627805,1.8420808267389441,1.8420808267389441,0.9402005246768809,0.08306676950787892,0.07610795454545455,0.0796875,0.7592706859111786,0.0078125,0.005464015151515151
recorded,paired_recorded,3,factual,2,chop_logs,383,1.3564790306763612,1.369755675525018,-0.013276640311194774,1.3720795688056449,1.3852949995284916,1.3597009435895577,1.4071482930058936,1.4971357498659386,1.3570899775321164,0.0019214124687563575,1.3577795311208016,1.3577795311208016,0.9985735891336279,0.0021836444022224244,0.0014074738903394257,0.0013258812010443863,0.9978016574451257,0.0078125,0.0058474760661444735
recorded,paired_recorded,3,counterfactual,0,kill_goblin,1504,1.8397491453809942,1.842975902351293,-0.0032267553076653324,1.9034366309642792,1.9043283632144015,1.879693178740764,1.9654575579397102,2.0121676918549047,nan,0.01091580237111079,1.8687773763696531,1.8687773763696531,0.9922413186953851,0.012688418607993524,0.009095536901595746,0.007989112367021276,0.8270981312590711,0.0078125,0.0057416334219858155
recorded,paired_recorded,3,counterfactual,1,bury_bones,1100,1.8374501940337093,1.8421753962473435,-0.004725201531228694,2.0143828157945114,2.029741795388135,1.9466233293875113,2.0695134962161768,2.1516956610721265,nan,0.06221617860065773,1.8844071507868532,1.8844071507868532,0.9563249254045689,0.06739677204014287,0.05779119318181818,0.05130681818181818,0.7592706859111786,0.0078125,0.005464015151515151
recorded,paired_recorded,3,counterfactual,2,chop_logs,1532,1.4286450859616382,1.4432846983948202,-0.014639610107307256,1.4042018103381673,1.4177984838074866,1.3695924626372626,1.4237289141175422,1.51624585806107,nan,0.004572346071289147,1.3650201165659734,1.3650201165659734,0.9960706008003088,0.005665724038498748,0.003702268276762402,0.005053647193211488,0.9978016574451257,0.0078125,0.005847476066144473
recorded,paired_recorded,6,factual,0,kill_goblin,366,1.9300007657275173,1.930078498001307,-7.773806783752364e-05,1.962114060837063,1.961236295152883,1.9195618706367967,2.0112150667460695,2.0688923410283766,1.9140973897624798,0.0175015619494225,1.9020603086873742,1.9020603086873742,0.988840372470032,0.02520781401683822,0.013789275956284153,0.010822233606557378,0.7942493066110247,0.0078125,0.0044007570582877955
recorded,paired_recorded,6,factual,1,bury_bones,260,1.9362198219849514,1.9400401156682234,-0.00382029081766422,2.070685999210064,2.0855062035413887,1.9406454208831008,2.0793245417056765,2.164012855158445,1.932953113190793,0.07302784223087268,1.8676175786522282,1.8676175786522282,0.9459322267818696,0.0790255604545864,0.07349759615384616,0.07536057692307692,0.7499465260368127,0.0078125,0.0038812099358974364
recorded,paired_recorded,6,factual,2,chop_logs,379,1.3574392462154177,1.370788695315258,-0.013349445040354943,1.372620565910138,1.385633877525229,1.3491894100019992,1.4048045936045659,1.4979414208906094,1.3412738427196773,0.004952509529465424,1.3442369004725339,1.3442369004725339,0.9958315224973575,0.006334159440104093,0.005029683377308707,0.005936675461741424,0.9763966065126233,0.0078125,0.004479991204925242
recorded,paired_recorded,6,counterfactual,0,kill_goblin,1464,1.8500895395142134,1.8532267722601448,-0.0031372309844340377,1.9180099747545731,1.918563764847693,1.878674250979702,1.9695139418338676,2.0234101026210705,nan,0.012156676228755593,1.8665175747509468,1.8665175747509468,0.9918503507637976,0.017792280744269095,0.010032445355191258,0.00877838968579235,0.7942493066110247,0.0078125,0.0044007570582877955
recorded,paired_recorded,6,counterfactual,1,bury_bones,1040,1.8661976902530744,1.8709898873017385,-0.004792196217637795,2.062080367711874,2.0754197038136994,1.9767661826587868,2.1006654192750407,2.1817835312612637,nan,0.057543003786383655,1.919223178872403,1.919223178872403,0.9614827767961555,0.06356025629109807,0.055010516826923074,0.04773137019230769,0.7499465260368127,0.0078125,0.0038812099358974364
recorded,paired_recorded,6,counterfactual,2,chop_logs,1516,1.4298129128120192,1.4445533473290366,-0.014740432393282535,1.4050263809654517,1.4183683503114455,1.3436932386408709,1.407881545793162,1.5027276218719963,nan,0.00851264891662332,1.3351805897242475,1.3351805897242475,0.9922248823993375,0.011613395659165315,0.008554584432717678,0.011837277374670184,0.9763966065126233,0.0078125,0.004479991204925242
recorded,paired_recorded,15,factual,0,kill_goblin,329,1.9543380599616147,1.9537943326231195,0.0005437198964069317,1.9946785273885292,1.9935080287666669,1.916906236052171,2.013623313483811,2.0802525375204057,1.9108272086965479,0.026640293645723328,1.8902659424064479,1.8902659424064479,0.9836488385782497,0.05465905059875661,0.027118161094224925,0.021941489361702128,0.7709404173049521,0.0078125,0.0031424138804457954
recorded,paired_recorded,15,factual,1,bury_bones,247,1.936145846177692,1.9400772406504705,-0.0039313934283398905,2.0455927544759835,2.0606320951631676,1.9041702069268442,2.036492562364133,2.1331456874272385,1.900121623930893,0.06963449891586994,1.8345357080109743,1.8345357080109743,0.9490847486110839,0.07735974030189292,0.07088183198380567,0.0717042004048583,0.7395728042251185,0.0078125,0.0024291497975708507
recorded,paired_recorded,15,factual,2,chop_logs,347,1.355103438800625,1.3686607935243107,-0.013557353762839989,1.3730323345585584,1.3853870073725236,1.3294032868349688,1.3931521986517725,1.4942097987238494,1.323639598074162,0.00757060640922802,1.321832680425741,1.321832680425741,0.9936823893126313,0.013468737412344122,0.01037914265129683,0.012450468299711815,0.9566757647207903,0.0078125,0.0032240634005763686
recorded,paired_recorded,15,counterfactual,0,kill_goblin,1316,1.8735134087978524,1.8762907520797114,-0.0027773420759519183,1.9546436332279427,1.9548088621042419,1.8800409295351044,1.9736140950547156,2.036167994703398,nan,0.019034588788770818,1.8610063407463335,1.8610063407463335,0.9876944933852208,0.041576642471841965,0.021502184650455926,0.019703409954407294,0.7709404173049521,0.0078125,0.003142413880445795
recorded,paired_recorded,15,counterfactual,1,bury_bones,988,1.8654501196826518,1.8704224502750737,-0.004972329470687187,2.0406620473514203,2.054303789307714,1.945041216603036,2.065294512247761,2.1583280082281138,nan,0.05483520270693828,1.8902060138960974,1.8902060138960974,0.9646792709159365,0.06294326988470286,0.05291624493927125,0.044320913461538464,0.7395728042251185,0.0078125,0.0024291497975708503
recorded,paired_recorded,15,counterfactual,2,chop_logs,1388,1.431048641115513,1.446080724341038,-0.015032081411861591,1.4053378013265923,1.418074026317349,1.294265648338858,1.3700200617472111,1.4735267860448313,nan,0.0124857077703389,1.281779940568519,1.281779940568519,0.9886777702031615,0.02315894355561313,0.016170974423631124,0.022525666426512967,0.9566757647207903,0.0078125,0.0032240634005763686
recorded,paired_recorded,20,factual,0,kill_goblin,315,1.9527327159094432,1.9514851346848503,0.0012475757105719475,2.0019125938415527,2.0004513025283814,1.912206144408842,2.0130381167533984,2.080302935004956,1.8995077317104294,0.028595673029389188,1.8836104713794528,1.8836104713794528,0.982856178703621,0.06507071416588561,0.03159722222222222,0.02663690476190476,0.7694891476441943,0.0078125,0.002855902777777778
recorded,paired_recorded,20,factual,1,bury_bones,239,1.9233858864676503,1.9271376507052818,-0.0037517621684585653,2.046511791241219,2.0615579917341096,1.893313457052871,2.024543679249347,2.1212587259408546,1.893313457052871,0.06865599796646499,1.824657459086406,1.824657459086406,0.949652021701398,0.07477687581497343,0.06759937238493724,0.0682531380753138,0.7405623040438696,0.0078125,0.0020985878661087865
recorded,paired_recorded,20,factual,2,chop_logs,324,1.3541548517015245,1.3677867069656466,-0.013631853933250646,1.3685152810296894,1.3806946549886538,1.3216142180347912,1.3864203781727993,1.492113689690347,1.3123549587755319,0.007090169641090993,1.3145240483937002,1.3145240483937002,0.994249448853225,0.012990252346253983,0.009379822530864198,0.011791087962962963,0.952633976476428,0.0078125,0.00285132137345679
recorded,paired_recorded,20,counterfactual,0,kill_goblin,1260,1.8710749153106931,1.8731329477022565,-0.0020580311047120226,1.9614236447546216,1.9611507063820248,1.8762323872585873,1.9730147056514686,2.035527490454605,nan,0.020128618702418694,1.856103768556168,1.856103768556168,0.9873508505451571,0.048936873201426485,0.024541170634920634,0.02322668650793651,0.7694891476441943,0.0078125,0.002855902777777778
recorded,paired_recorded,20,counterfactual,1,bury_bones,956,1.8514582602050016,1.8561998816464236,-0.0047416223522868,2.044098893344153,2.058044294308419,1.937907750365258,2.0572288640679726,2.1488807426308525,nan,0.053583180127989086,1.8843245702372686,1.8843245702372686,0.9656975677338496,0.06027306431555964,0.04937565376569038,0.04038637552301255,0.7405623040438696,0.0078125,0.002098587866108786
recorded,paired_recorded,20,counterfactual,2,chop_logs,1296,1.4318845697943074,1.4469936861668105,-0.015109115053129233,1.400961352535236,1.4136055803593295,1.2761849459861965,1.3558312090609919,1.4593567190678238,nan,0.013067540738661858,1.2631174052475345,1.2631174052475345,0.9883590649493655,0.025607599072497947,0.01751784336419753,0.025010850694444444,0.952633976476428,0.0078125,0.00285132137345679
