actent,adapt_actor_grad_norm_mean,adapt_actor_loss_mean,adapt_actor_steps_mean,adapt_actor_update_rms_mean,adapt_adapt_triggers_mean,agent_seed,canonical_stage,checkpoint_kind,complete,compute_actor_updates_mean,compute_actor_updates_sum,compute_adapt_seconds_mean,compute_adapt_seconds_sum,compute_cheap_seconds_mean,compute_cheap_seconds_sum,compute_consequence_seconds_mean,compute_consequence_seconds_sum,compute_imagined_transitions_mean,compute_imagined_transitions_sum,compute_posterior_samples_mean,compute_posterior_samples_sum,condition,deaths,direction_threshold,entropy_threshold,environment_seed,environment_steps,episode_count_exact,episodes,evaluation_seconds,family,gate_actor_entropy_mean,gate_actor_entropy_sum,gate_cheap_pass_mean,gate_cheap_pass_sum,gate_consequence_evaluated_mean,gate_consequence_evaluated_sum,gate_consequence_pass_mean,gate_consequence_pass_sum,gate_enabled,gate_evaluated_mean,gate_evaluated_sum,gate_final_pass_mean,gate_final_pass_sum,gate_js_disagreement_mean,gate_js_disagreement_sum,gate_kind,gate_posterior_entropy_mean,gate_posterior_entropy_sum,gate_success_action_concentration_mean,gate_success_action_concentration_sum,gate_success_action_divergence_mean,gate_success_action_divergence_sum,gate_success_rate_mean,gate_success_rate_sum,goal,horizon,integrity_equal,js_threshold,last_step,logdir,mean_action_length,median_action_length,min_success_rate,mix_beta,objective,objective_label,paired_rng_verified,phase,policy_mode,replicate,requested_episodes,reset_count,returncode,seed,source_checkpoint,steps_per_second,success_rate,successes,trace_rows,warmup_episodes,warmup_seconds
0.0,nan,nan,nan,nan,nan,71000,stage5a,stage4a_counterfactual_bounded,True,nan,0.0,nan,0.0,nan,0.0,nan,0.0,nan,0.0,nan,0.0,no_ir,0,1.0,1.0,61000,3391,True,20,406.57856966299005,no_ir,nan,0.0,nan,0.0,nan,0.0,nan,0.0,False,nan,0.0,nan,0.0,nan,0.0,none,nan,0.0,nan,0.0,nan,0.0,nan,0.0,kill_goblin,15,True,1.0,3592,/home/localadmin/imagined_rehearsal/logs/rlscape/m4_reservoir_3goal_500k_seed0/stage5a_gating/evaluations/qualification_consequence/replicate_00/no_ir/kill_goblin/sampled/attempt_01,168.55,200.0,0.03125,0.0,standard,no_ir,True,qualification_consequence,sampled,0,20,21,0,61000,/home/localadmin/imagined_rehearsal/logs/rlscape/m4_reservoir_3goal_500k_seed0/stage4a_counterfactual_head_repair/checkpoints/counterfactual_bounded,8.3403313726318,0.25,5,3391,1,37.54289080799208
0.0,nan,nan,nan,nan,nan,71000,stage5a,stage4a_counterfactual_bounded,True,nan,0.0,nan,0.0,nan,0.0,nan,0.0,nan,0.0,nan,0.0,no_ir,0,1.0,1.0,61000,1672,True,10,200.19376983400434,no_ir,nan,0.0,nan,0.0,nan,0.0,nan,0.0,False,nan,0.0,nan,0.0,nan,0.0,none,nan,0.0,nan,0.0,nan,0.0,nan,0.0,kill_goblin,15,True,1.0,1873,/home/localadmin/imagined_rehearsal/logs/rlscape/m4_reservoir_3goal_500k_seed0/stage5a_gating/evaluations/qualification_consequence/replicate_00/no_ir/kill_goblin/deterministic/attempt_01,166.2,200.0,0.03125,0.0,standard,no_ir,True,qualification_consequence,deterministic,0,10,11,0,61000,/home/localadmin/imagined_rehearsal/logs/rlscape/m4_reservoir_3goal_500k_seed0/stage4a_counterfactual_head_repair/checkpoints/counterfactual_bounded,8.351908260613607,0.3,3,1672,1,33.41210950497771
0.0,nan,nan,nan,nan,nan,71000,stage5a,stage4a_counterfactual_bounded,True,nan,0.0,nan,0.0,nan,0.0,nan,0.0,nan,0.0,nan,0.0,no_ir,0,1.0,1.0,61000,2185,True,20,261.0613220289815,no_ir,nan,0.0,nan,0.0,nan,0.0,nan,0.0,False,nan,0.0,nan,0.0,nan,0.0,none,nan,0.0,nan,0.0,nan,0.0,nan,0.0,bury_bones,15,True,1.0,2386,/home/localadmin/imagined_rehearsal/logs/rlscape/m4_reservoir_3goal_500k_seed0/stage5a_gating/evaluations/qualification_consequence/replicate_00/no_ir/bury_bones/sampled/attempt_01,108.25,111.0,0.03125,0.0,standard,no_ir,True,qualification_consequence,sampled,0,20,21,0,61000,/home/localadmin/imagined_rehearsal/logs/rlscape/m4_reservoir_3goal_500k_seed0/stage4a_counterfactual_head_repair/checkpoints/counterfactual_bounded,8.369681050482974,0.65,13,2185,1,33.36157748301048
0.0,nan,nan,nan,nan,nan,71000,stage5a,stage4a_counterfactual_bounded,True,nan,0.0,nan,0.0,nan,0.0,nan,0.0,nan,0.0,nan,0.0,no_ir,0,1.0,1.0,61000,1611,True,10,192.81834849499865,no_ir,nan,0.0,nan,0.0,nan,0.0,nan,0.0,False,nan,0.0,nan,0.0,nan,0.0,none,nan,0.0,nan,0.0,nan,0.0,nan,0.0,bury_bones,15,True,1.0,1812,/home/localadmin/imagined_rehearsal/logs/rlscape/m4_reservoir_3goal_500k_seed0/stage5a_gating/evaluations/qualification_consequence/replicate_00/no_ir/bury_bones/deterministic/attempt_01,160.1,200.0,0.03125,0.0,standard,no_ir,True,qualification_consequence,deterministic,0,10,11,0,61000,/home/localadmin/imagined_rehearsal/logs/rlscape/m4_reservoir_3goal_500k_seed0/stage4a_counterfactual_head_repair/checkpoints/counterfactual_bounded,8.355013994126116,0.3,3,1611,1,33.39118108100956
0.0,nan,nan,nan,nan,nan,71000,stage5a,stage4a_counterfactual_bounded,True,nan,0.0,nan,0.0,nan,0.0,nan,0.0,nan,0.0,nan,0.0,no_ir,0,1.0,1.0,61000,2458,True,20,294.2365270850132,no_ir,nan,0.0,nan,0.0,nan,0.0,nan,0.0,False,nan,0.0,nan,0.0,nan,0.0,none,nan,0.0,nan,0.0,nan,0.0,nan,0.0,chop_logs,15,True,1.0,2659,/home/localadmin/imagined_rehearsal/logs/rlscape/m4_reservoir_3goal_500k_seed0/stage5a_gating/evaluations/qualification_consequence/replicate_00/no_ir/chop_logs/sampled/attempt_01,121.9,110.5,0.03125,0.0,standard,no_ir,True,qualification_consequence,sampled,0,20,21,0,61000,/home/localadmin/imagined_rehearsal/logs/rlscape/m4_reservoir_3goal_500k_seed0/stage4a_counterfactual_head_repair/checkpoints/counterfactual_bounded,8.35382345064797,0.6,12,2458,1,33.447971718007466
0.0,nan,nan,nan,nan,nan,71000,stage5a,stage4a_counterfactual_bounded,True,nan,0.0,nan,0.0,nan,0.0,nan,0.0,nan,0.0,nan,0.0,no_ir,0,1.0,1.0,61000,1091,True,10,130.29576294199796,no_ir,nan,0.0,nan,0.0,nan,0.0,nan,0.0,False,nan,0.0,nan,0.0,nan,0.0,none,nan,0.0,nan,0.0,nan,0.0,nan,0.0,chop_logs,15,True,1.0,1133,/home/localadmin/imagined_rehearsal/logs/rlscape/m4_reservoir_3goal_500k_seed0/stage5a_gating/evaluations/qualification_consequence/replicate_00/no_ir/chop_logs/deterministic/attempt_01,108.1,92.0,0.03125,0.0,standard,no_ir,True,qualification_consequence,deterministic,0,10,11,0,61000,/home/localadmin/imagined_rehearsal/logs/rlscape/m4_reservoir_3goal_500k_seed0/stage4a_counterfactual_head_repair/checkpoints/counterfactual_bounded,8.373257697456102,0.8,8,1091,1,18.387277709000045
0.0,0.02948241116826323,-0.006813668291680728,158.25,1.1996096873719473e-05,158.25,71000,stage5a,stage4a_counterfactual_bounded,True,1.0,3165.0,0.014408060298323349,45.6015108441934,0.0,0.0,0.0,0.0,1920.0,6076800.0,128.0,405120.0,always_standard,0,1.0,1.0,61000,3185,True,20,415.16544965602225,always,nan,0.0,0.0,0.0,0.0,0.0,0.0,0.0,False,0.0,0.0,1.0,3165.0,nan,0.0,none,nan,0.0,nan,0.0,nan,0.0,nan,0.0,kill_goblin,15,True,1.0,3386,/home/localadmin/imagined_rehearsal/logs/rlscape/m4_reservoir_3goal_500k_seed0/stage5a_gating/evaluations/qualification_consequence/replicate_00/always_standard/kill_goblin/sampled/attempt_01,158.25,200.0,0.03125,0.0,standard,standard,True,qualification_consequence,sampled,0,20,21,0,61000,/home/localadmin/imagined_rehearsal/logs/rlscape/m4_reservoir_3goal_500k_seed0/stage4a_counterfactual_head_repair/checkpoints/counterfactual_bounded,7.671640312648544,0.35,7,3185,1,37.913654047995806
0.0,0.025909718369336858,-0.008588678303112569,146.1,1.2285058654501859e-05,146.1,71000,stage5a,stage4a_counterfactual_bounded,True,1.0,1461.0,0.014384072741862031,21.01513027586043,0.0,0.0,0.0,0.0,1920.0,2805120.0,128.0,187008.0,always_standard,0,1.0,1.0,61000,1471,True,10,192.5894081760198,always,nan,0.0,0.0,0.0,0.0,0.0,0.0,0.0,False,0.0,0.0,1.0,1461.0,nan,0.0,none,nan,0.0,nan,0.0,nan,0.0,nan,0.0,kill_goblin,15,True,1.0,1672,/home/localadmin/imagined_rehearsal/logs/rlscape/m4_reservoir_3goal_500k_seed0/stage5a_gating/evaluations/qualification_consequence/replicate_00/always_standard/kill_goblin/deterministic/attempt_01,146.1,200.0,0.03125,0.0,standard,standard,True,qualification_consequence,deterministic,0,10,11,0,61000,/home/localadmin/imagined_rehearsal/logs/rlscape/m4_reservoir_3goal_500k_seed0/stage4a_counterfactual_head_repair/checkpoints/counterfactual_bounded,7.638010905851888,0.4,4,1471,1,42.73912941900198
0.0,0.029039676030923146,0.006890137391685131,200.0,1.1934840705748684e-05,200.0,71000,stage5a,stage4a_counterfactual_bounded,True,1.0,4000.0,0.014360114907147363,57.44045962858945,0.0,0.0,0.0,0.0,1920.0,7680000.0,128.0,512000.0,always_standard,0,1.0,1.0,61000,4020,True,20,520.8961419920088,always,nan,0.0,0.0,0.0,0.0,0.0,0.0,0.0,False,0.0,0.0,1.0,4000.0,nan,0.0,none,nan,0.0,nan,0.0,nan,0.0,nan,0.0,bury_bones,15,True,1.0,4221,/home/localadmin/imagined_rehearsal/logs/rlscape/m4_reservoir_3goal_500k_seed0/stage5a_gating/evaluations/qualification_consequence/replicate_00/always_standard/bury_bones/sampled/attempt_01,200.0,200.0,0.03125,0.0,standard,standard,True,qualification_consequence,sampled,0,20,21,0,61000,/home/localadmin/imagined_rehearsal/logs/rlscape/m4_reservoir_3goal_500k_seed0/stage4a_counterfactual_head_repair/checkpoints/counterfactual_bounded,7.717469330117773,0.0,0,4020,1,42.3737115469994
0.0,0.06760411593021855,0.006270736619334684,200.0,1.324993090179305e-05,200.0,71000,stage5a,stage4a_counterfactual_bounded,True,1.0,2000.0,0.014364519484806805,28.72903896961361,0.0,0.0,0.0,0.0,1920.0,3840000.0,128.0,256000.0,always_standard,0,1.0,1.0,61000,2010,True,10,261.6472061999957,always,nan,0.0,0.0,0.0,0.0,0.0,0.0,0.0,False,0.0,0.0,1.0,2000.0,nan,0.0,none,nan,0.0,nan,0.0,nan,0.0,nan,0.0,bury_bones,15,True,1.0,2211,/home/localadmin/imagined_rehearsal/logs/rlscape/m4_reservoir_3goal_500k_seed0/stage5a_gating/evaluations/qualification_consequence/replicate_00/always_standard/bury_bones/deterministic/attempt_01,200.0,200.0,0.03125,0.0,standard,standard,True,qualification_consequence,deterministic,0,10,11,0,61000,/home/localadmin/imagined_rehearsal/logs/rlscape/m4_reservoir_3goal_500k_seed0/stage4a_counterfactual_head_repair/checkpoints/counterfactual_bounded,7.682099989493536,0.0,0,2010,1,42.903975419001654
0.0,0.02527665074055746,-0.004437121048776362,177.15,1.1097782053446349e-05,177.15,71000,stage5a,stage4a_counterfactual_bounded,True,1.0,3543.0,0.01442071455634653,51.09259167313576,0.0,0.0,0.0,0.0,1920.0,6802560.0,128.0,453504.0,always_standard,0,1.0,1.0,61000,3563,True,20,467.9117345830018,always,nan,0.0,0.0,0.0,0.0,0.0,0.0,0.0,False,0.0,0.0,1.0,3543.0,nan,0.0,none,nan,0.0,nan,0.0,nan,0.0,nan,0.0,chop_logs,15,True,1.0,3764,/home/localadmin/imagined_rehearsal/logs/rlscape/m4_reservoir_3goal_500k_seed0/stage5a_gating/evaluations/qualification_consequence/replicate_00/always_standard/chop_logs/sampled/attempt_01,177.15,200.0,0.03125,0.0,standard,standard,True,qualification_consequence,sampled,0,20,21,0,61000,/home/localadmin/imagined_rehearsal/logs/rlscape/m4_reservoir_3goal_500k_seed0/stage4a_counterfactual_head_repair/checkpoints/counterfactual_bounded,7.614684002689758,0.2,4,3563,1,38.71595815202454
0.0,0.02706765124731141,-0.012243450352581137,192.6,1.1699492675831375e-05,192.6,71000,stage5a,stage4a_counterfactual_bounded,True,1.0,1926.0,0.014392508916761861,27.719972173683345,0.0,0.0,0.0,0.0,1920.0,3697920.0,128.0,246528.0,always_standard,0,1.0,1.0,61000,1936,True,10,252.7607858130068,always,nan,0.0,0.0,0.0,0.0,0.0,0.0,0.0,False,0.0,0.0,1.0,1926.0,nan,0.0,none,nan,0.0,nan,0.0,nan,0.0,nan,0.0,chop_logs,15,True,1.0,2008,/home/localadmin/imagined_rehearsal/logs/rlscape/m4_reservoir_3goal_500k_seed0/stage5a_gating/evaluations/qualification_consequence/replicate_00/always_standard/chop_logs/deterministic/attempt_01,192.6,200.0,0.03125,0.0,standard,standard,True,qualification_consequence,deterministic,0,10,11,0,61000,/home/localadmin/imagined_rehearsal/logs/rlscape/m4_reservoir_3goal_500k_seed0/stage4a_counterfactual_head_repair/checkpoints/counterfactual_bounded,7.659415972192216,0.1,1,1936,1,21.652196810988244
0.0,0.01928377621529538,0.003369377996564738,123.0,1.4339130633410144e-05,123.0,71000,stage5a,stage4a_counterfactual_bounded,True,1.0,2460.0,0.014778817668027145,36.35589146334678,0.0,0.0,0.0,0.0,1920.0,4723200.0,128.0,314880.0,always_reward_only,0,1.0,1.0,61000,2480,True,20,325.56951145100174,always,nan,0.0,0.0,0.0,0.0,0.0,0.0,0.0,False,0.0,0.0,1.0,2460.0,nan,0.0,none,nan,0.0,nan,0.0,nan,0.0,nan,0.0,kill_goblin,15,True,1.0,2681,/home/localadmin/imagined_rehearsal/logs/rlscape/m4_reservoir_3goal_500k_seed0/stage5a_gating/evaluations/qualification_consequence/replicate_00/always_reward_only/kill_goblin/sampled/attempt_01,123.0,140.0,0.03125,0.0,mixed_bounded,reward_only,True,qualification_consequence,sampled,0,20,21,0,61000,/home/localadmin/imagined_rehearsal/logs/rlscape/m4_reservoir_3goal_500k_seed0/stage4a_counterfactual_head_repair/checkpoints/counterfactual_bounded,7.617420897144542,0.6,12,2480,1,43.38310115100467
0.0,0.07249395878207347,0.013435845738962116,146.2,1.5823023095421836e-05,146.2,71000,stage5a,stage4a_counterfactual_bounded,True,1.0,1462.0,0.014776309437428062,21.602964397519827,0.0,0.0,0.0,0.0,1920.0,2807040.0,128.0,187136.0,always_reward_only,0,1.0,1.0,61000,1472,True,10,193.0341721640143,always,nan,0.0,0.0,0.0,0.0,0.0,0.0,0.0,False,0.0,0.0,1.0,1462.0,nan,0.0,none,nan,0.0,nan,0.0,nan,0.0,nan,0.0,kill_goblin,15,True,1.0,1673,/home/localadmin/imagined_rehearsal/logs/rlscape/m4_reservoir_3goal_500k_seed0/stage5a_gating/evaluations/qualification_consequence/replicate_00/always_reward_only/kill_goblin/deterministic/attempt_01,146.2,160.0,0.03125,0.0,mixed_bounded,reward_only,True,qualification_consequence,deterministic,0,10,11,0,61000,/home/localadmin/imagined_rehearsal/logs/rlscape/m4_reservoir_3goal_500k_seed0/stage4a_counterfactual_head_repair/checkpoints/counterfactual_bounded,7.625592834150078,0.6,6,1472,1,38.874470431008376
0.0,0.023148654295436763,0.0068848482123133,83.85,1.8209101776342563e-05,83.85,71000,stage5a,stage4a_counterfactual_bounded,True,1.0,1677.0,0.014809040703128227,24.834761259146035,0.0,0.0,0.0,0.0,1920.0,3219840.0,128.0,214656.0,always_reward_only,0,1.0,1.0,61000,1697,True,20,222.2974964749883,always,nan,0.0,0.0,0.0,0.0,0.0,0.0,0.0,False,0.0,0.0,1.0,1677.0,nan,0.0,none,nan,0.0,nan,0.0,nan,0.0,nan,0.0,bury_bones,15,True,1.0,1898,/home/localadmin/imagined_rehearsal/logs/rlscape/m4_reservoir_3goal_500k_seed0/stage5a_gating/evaluations/qualification_consequence/replicate_00/always_reward_only/bury_bones/sampled/attempt_01,83.85,79.0,0.03125,0.0,mixed_bounded,reward_only,True,qualification_consequence,sampled,0,20,21,0,61000,/home/localadmin/imagined_rehearsal/logs/rlscape/m4_reservoir_3goal_500k_seed0/stage4a_counterfactual_head_repair/checkpoints/counterfactual_bounded,7.6339141326809195,0.95,19,1697,1,39.286870846990496
0.0,0.013040140386687294,0.0034269231033087545,200.0,1.2301158891698806e-05,200.0,71000,stage5a,stage4a_counterfactual_bounded,True,1.0,2000.0,0.014769206208642572,29.538412417285144,0.0,0.0,0.0,0.0,1920.0,3840000.0,128.0,256000.0,always_reward_only,0,1.0,1.0,61000,2010,True,10,262.3748160410032,always,nan,0.0,0.0,0.0,0.0,0.0,0.0,0.0,False,0.0,0.0,1.0,2000.0,nan,0.0,none,nan,0.0,nan,0.0,nan,0.0,nan,0.0,bury_bones,15,True,1.0,2211,/home/localadmin/imagined_rehearsal/logs/rlscape/m4_reservoir_3goal_500k_seed0/stage5a_gating/evaluations/qualification_consequence/replicate_00/always_reward_only/bury_bones/deterministic/attempt_01,200.0,200.0,0.03125,0.0,mixed_bounded,reward_only,True,qualification_consequence,deterministic,0,10,11,0,61000,/home/localadmin/imagined_rehearsal/logs/rlscape/m4_reservoir_3goal_500k_seed0/stage4a_counterfactual_head_repair/checkpoints/counterfactual_bounded,7.660796224001478,0.0,0,2010,1,43.39138743100921
0.0,0.03782170680332795,0.021863948103094333,104.55,1.715920713353479e-05,104.55,71000,stage5a,stage4a_counterfactual_bounded,True,1.0,2091.0,0.014761317967620265,30.865915870293975,0.0,0.0,0.0,0.0,1920.0,4014720.0,128.0,267648.0,always_reward_only,0,1.0,1.0,61000,2111,True,20,275.77512027701596,always,nan,0.0,0.0,0.0,0.0,0.0,0.0,0.0,False,0.0,0.0,1.0,2091.0,nan,0.0,none,nan,0.0,nan,0.0,nan,0.0,nan,0.0,chop_logs,15,True,1.0,2312,/home/localadmin/imagined_rehearsal/logs/rlscape/m4_reservoir_3goal_500k_seed0/stage5a_gating/evaluations/qualification_consequence/replicate_00/always_reward_only/chop_logs/sampled/attempt_01,104.55,91.0,0.03125,0.0,mixed_bounded,reward_only,True,qualification_consequence,sampled,0,20,21,0,61000,/home/localadmin/imagined_rehearsal/logs/rlscape/m4_reservoir_3goal_500k_seed0/stage4a_counterfactual_head_repair/checkpoints/counterfactual_bounded,7.654787704849885,0.85,17,2111,1,38.98119856699486
0.0,0.0264816828992822,0.022563634635102536,91.8,1.5489378707213436e-05,91.8,71000,stage5a,stage4a_counterfactual_bounded,True,1.0,918.0,0.014777049833141705,13.565331746824086,0.0,0.0,0.0,0.0,1920.0,1762560.0,128.0,117504.0,always_reward_only,0,1.0,1.0,61000,928,True,10,120.81776023699786,always,nan,0.0,0.0,0.0,0.0,0.0,0.0,0.0,False,0.0,0.0,1.0,918.0,nan,0.0,none,nan,0.0,nan,0.0,nan,0.0,nan,0.0,chop_logs,15,True,1.0,1129,/home/localadmin/imagined_rehearsal/logs/rlscape/m4_reservoir_3goal_500k_seed0/stage5a_gating/evaluations/qualification_consequence/replicate_00/always_reward_only/chop_logs/deterministic/attempt_01,91.8,73.5,0.03125,0.0,mixed_bounded,reward_only,True,qualification_consequence,deterministic,0,10,11,0,61000,/home/localadmin/imagined_rehearsal/logs/rlscape/m4_reservoir_3goal_500k_seed0/stage4a_counterfactual_head_repair/checkpoints/counterfactual_bounded,7.680989932106189,0.9,9,928,1,38.43697272599093
0.0,0.016368199689549588,0.0036328457309091227,120.6,1.4460474538399243e-05,120.6,71000,stage5a,stage4a_counterfactual_bounded,True,1.0,2412.0,0.014816858909582445,35.738263689912856,0.0,0.0,0.0,0.0,1920.0,4631040.0,128.0,308736.0,always_mixed_b005,0,1.0,1.0,61000,2432,True,20,315.7757663850207,always,nan,0.0,0.0,0.0,0.0,0.0,0.0,0.0,False,0.0,0.0,1.0,2412.0,nan,0.0,none,nan,0.0,nan,0.0,nan,0.0,nan,0.0,kill_goblin,15,True,1.0,2633,/home/localadmin/imagined_rehearsal/logs/rlscape/m4_reservoir_3goal_500k_seed0/stage5a_gating/evaluations/qualification_consequence/replicate_00/always_mixed_b005/kill_goblin/sampled/attempt_01,120.6,128.5,0.03125,0.05,mixed_bounded,mixed_b005,True,qualification_consequence,sampled,0,20,21,0,61000,/home/localadmin/imagined_rehearsal/logs/rlscape/m4_reservoir_3goal_500k_seed0/stage4a_counterfactual_head_repair/checkpoints/counterfactual_bounded,7.701667635364705,0.6,12,2432,1,43.412754514982225
0.0,0.03375184737662015,0.009170642780461122,148.2,1.603645754795528e-05,148.2,71000,stage5a,stage4a_counterfactual_bounded,True,1.0,1482.0,0.014771664133056616,21.891606245189905,0.0,0.0,0.0,0.0,1920.0,2845440.0,128.0,189696.0,always_mixed_b005,0,1.0,1.0,61000,1492,True,10,195.2340983550239,always,nan,0.0,0.0,0.0,0.0,0.0,0.0,0.0,False,0.0,0.0,1.0,1482.0,nan,0.0,none,nan,0.0,nan,0.0,nan,0.0,nan,0.0,kill_goblin,15,True,1.0,1693,/home/localadmin/imagined_rehearsal/logs/rlscape/m4_reservoir_3goal_500k_seed0/stage5a_gating/evaluations/qualification_consequence/replicate_00/always_mixed_b005/kill_goblin/deterministic/attempt_01,148.2,200.0,0.03125,0.05,mixed_bounded,mixed_b005,True,qualification_consequence,deterministic,0,10,11,0,61000,/home/localadmin/imagined_rehearsal/logs/rlscape/m4_reservoir_3goal_500k_seed0/stage4a_counterfactual_head_repair/checkpoints/counterfactual_bounded,7.642107667518556,0.3,3,1492,1,38.86474506300874
0.0,0.018291914500247874,0.005049280122738215,106.15,1.643452068157966e-05,106.15,71000,stage5a,stage4a_counterfactual_bounded,True,1.0,2123.0,0.014730412124345116,31.27266493998468,0.0,0.0,0.0,0.0,1920.0,4076160.0,128.0,271744.0,always_mixed_b005,0,1.0,1.0,61000,2143,True,20,278.5859273840033,always,nan,0.0,0.0,0.0,0.0,0.0,0.0,0.0,False,0.0,0.0,1.0,2123.0,nan,0.0,none,nan,0.0,nan,0.0,nan,0.0,nan,0.0,bury_bones,15,True,1.0,2344,/home/localadmin/imagined_rehearsal/logs/rlscape/m4_reservoir_3goal_500k_seed0/stage5a_gating/evaluations/qualification_consequence/replicate_00/always_mixed_b005/bury_bones/sampled/attempt_01,106.15,107.5,0.03125,0.05,mixed_bounded,mixed_b005,True,qualification_consequence,sampled,0,20,21,0,61000,/home/localadmin/imagined_rehearsal/logs/rlscape/m4_reservoir_3goal_500k_seed0/stage4a_counterfactual_head_repair/checkpoints/counterfactual_bounded,7.6924201452792165,0.9,18,2143,1,38.33166748401709
0.0,0.017860659303186623,0.004339205094585205,83.3,1.823388735676423e-05,83.3,71000,stage5a,stage4a_counterfactual_bounded,True,1.0,833.0,0.014812652821041026,12.338939799927175,0.0,0.0,0.0,0.0,1920.0,1599360.0,128.0,106624.0,always_mixed_b005,0,1.0,1.0,61000,843,True,10,111.30916899000295,always,nan,0.0,0.0,0.0,0.0,0.0,0.0,0.0,False,0.0,0.0,1.0,833.0,nan,0.0,none,nan,0.0,nan,0.0,nan,0.0,nan,0.0,bury_bones,15,True,1.0,951,/home/localadmin/imagined_rehearsal/logs/rlscape/m4_reservoir_3goal_500k_seed0/stage5a_gating/evaluations/qualification_consequence/replicate_00/always_mixed_b005/bury_bones/deterministic/attempt_01,83.3,79.0,0.03125,0.05,mixed_bounded,mixed_b005,True,qualification_consequence,deterministic,0,10,11,0,61000,/home/localadmin/imagined_rehearsal/logs/rlscape/m4_reservoir_3goal_500k_seed0/stage4a_counterfactual_head_repair/checkpoints/counterfactual_bounded,7.573500077749324,1.0,10,843,1,26.78124650401878
0.0,0.034708913834827104,0.017745499211592405,98.35,1.722485695460366e-05,98.35,71000,stage5a,stage4a_counterfactual_bounded,True,1.0,1967.0,0.014740373128688936,28.994313944131136,0.0,0.0,0.0,0.0,1920.0,3776640.0,128.0,251776.0,always_mixed_b005,0,1.0,1.0,61000,1987,True,20,260.579079594987,always,nan,0.0,0.0,0.0,0.0,0.0,0.0,0.0,False,0.0,0.0,1.0,1967.0,nan,0.0,none,nan,0.0,nan,0.0,nan,0.0,nan,0.0,chop_logs,15,True,1.0,2188,/home/localadmin/imagined_rehearsal/logs/rlscape/m4_reservoir_3goal_500k_seed0/stage5a_gating/evaluations/qualification_consequence/replicate_00/always_mixed_b005/chop_logs/sampled/attempt_01,98.35,78.0,0.03125,0.05,mixed_bounded,mixed_b005,True,qualification_consequence,sampled,0,20,21,0,61000,/home/localadmin/imagined_rehearsal/logs/rlscape/m4_reservoir_3goal_500k_seed0/stage4a_counterfactual_head_repair/checkpoints/counterfactual_bounded,7.625324347174591,0.85,17,1987,1,42.8462058659934
0.0,0.02560740770410066,0.02167894698060645,129.4,1.4556970218838981e-05,129.4,71000,stage5a,stage4a_counterfactual_bounded,True,1.0,1294.0,0.014761027469770434,19.10076954588294,0.0,0.0,0.0,0.0,1920.0,2484480.0,128.0,165632.0,always_mixed_b005,0,1.0,1.0,61000,1304,True,10,171.76002825199976,always,nan,0.0,0.0,0.0,0.0,0.0,0.0,0.0,False,0.0,0.0,1.0,1294.0,nan,0.0,none,nan,0.0,nan,0.0,nan,0.0,nan,0.0,chop_logs,15,True,1.0,1505,/home/localadmin/imagined_rehearsal/logs/rlscape/m4_reservoir_3goal_500k_seed0/stage5a_gating/evaluations/qualification_consequence/replicate_00/always_mixed_b005/chop_logs/deterministic/attempt_01,129.4,142.5,0.03125,0.05,mixed_bounded,mixed_b005,True,qualification_consequence,deterministic,0,10,11,0,61000,/home/localadmin/imagined_rehearsal/logs/rlscape/m4_reservoir_3goal_500k_seed0/stage4a_counterfactual_head_repair/checkpoints/counterfactual_bounded,7.591987572840993,0.6,6,1304,1,42.879004524991615
0.0,0.10555536106011743,0.018331686809808748,17.4375,2.4407599147730627e-05,13.95,71000,stage5a,stage4a_counterfactual_bounded,True,0.08560908254065665,279.0,0.00140860583347415,4.590646411292255,0.0011060187208671128,3.604515011305921,0.004266454853790739,13.904376368504018,1224.817428659098,3991680.0,209.65449524393986,683264.0,two_stage_reward_only_q0,0,0.025276806205511093,0.3088764399290085,61000,3279,True,20,400.469715913001,two_stage,0.21723829405180253,707.9796003148244,0.6379257440932802,2079.0,0.6379257440932802,2079.0,0.08560908254065665,279.0,True,1.0,3259.0,0.08560908254065665,279.0,0.0026466695916763875,8.625496199273346,two_stage,0.21765803412087897,709.3475331999446,0.44927810022310816,1464.1973286271095,0.04175469132680244,136.07853903404916,0.028903133629947838,94.1953125,kill_goblin,15,True,0.0012551833060570061,3480,/home/localadmin/imagined_rehearsal/logs/rlscape/m4_reservoir_3goal_500k_seed0/stage5a_gating/evaluations/qualification_consequence/replicate_00/two_stage_reward_only_q0/kill_goblin/sampled/attempt_01,162.95,200.0,0.03125,0.0,mixed_bounded,reward_only,True,qualification_consequence,sampled,0,20,21,0,61000,/home/localadmin/imagined_rehearsal/logs/rlscape/m4_reservoir_3goal_500k_seed0/stage4a_counterfactual_head_repair/checkpoints/counterfactual_bounded,8.187885050245193,0.35,7,3279,1,35.38765423500445
0.0,0.10508240126283637,0.016219632509420198,17.8,2.3368654705645137e-05,17.8,71000,stage5a,stage4a_counterfactual_bounded,True,0.10464432686654909,178.0,0.00216382510548371,3.6806665044277906,0.0010912815179524703,1.856269862037152,0.0032477918467530955,5.524493931327015,931.2169312169312,1584000.0,190.08112874779542,323328.0,two_stage_reward_only_q0,0,0.025276806205511093,0.3088764399290085,61000,1711,True,10,210.29098934598733,two_stage,0.1041950658554399,177.23580702010327,0.48500881834215165,825.0,0.48500881834215165,825.0,0.10464432686654909,178.0,True,1.0,1701.0,0.10464432686654909,178.0,0.0027253962324926256,4.635898991469956,two_stage,0.1042788960584088,177.37840219535337,0.4104447689987084,698.166552066803,0.033960927660549214,57.76753795059421,0.03819444444444445,64.96875,kill_goblin,15,True,0.0012551833060570061,1912,/home/localadmin/imagined_rehearsal/logs/rlscape/m4_reservoir_3goal_500k_seed0/stage5a_gating/evaluations/qualification_consequence/replicate_00/two_stage_reward_only_q0/kill_goblin/deterministic/attempt_01,170.1,200.0,0.03125,0.0,mixed_bounded,reward_only,True,qualification_consequence,deterministic,0,10,11,0,61000,/home/localadmin/imagined_rehearsal/logs/rlscape/m4_reservoir_3goal_500k_seed0/stage4a_counterfactual_head_repair/checkpoints/counterfactual_bounded,8.136344811165102,0.4,4,1711,1,35.16657398699317
0.0,0.05586580041739526,0.006389293821077003,4.7272727272727275,3.101314635139054e-05,2.6,71000,stage5a,stage4a_counterfactual_bounded,True,0.013,52.0,0.0005918206488713622,2.367282595485449,0.0010765826552960789,4.3063306211843155,0.004647129987250082,18.58851994900033,1337.76,5351040.0,217.184,868736.0,two_stage_reward_only_q0,0,0.025276806205511093,0.3088764399290085,61000,4020,True,20,485.6033161779924,two_stage,0.22218880049806022,888.7552019922409,0.69675,2787.0,0.69675,2787.0,0.013,52.0,True,1.0,4000.0,0.013,52.0,0.00269389754064334,10.77559016257336,two_stage,0.22156460631708672,886.2584252683469,0.4959527622908354,1983.8110491633415,0.016125232262432586,64.50092904973035,0.001802734375,7.2109375,bury_bones,15,True,0.0012551833060570061,4221,/home/localadmin/imagined_rehearsal/logs/rlscape/m4_reservoir_3goal_500k_seed0/stage5a_gating/evaluations/qualification_consequence/replicate_00/two_stage_reward_only_q0/bury_bones/sampled/attempt_01,200.0,200.0,0.03125,0.0,mixed_bounded,reward_only,True,qualification_consequence,sampled,0,20,21,0,61000,/home/localadmin/imagined_rehearsal/logs/rlscape/m4_reservoir_3goal_500k_seed0/stage4a_counterfactual_head_repair/checkpoints/counterfactual_bounded,8.278361918200975,0.0,0,4020,1,39.57196411100449
0.0,0.0502908121380541,0.005102087491347144,4.0,3.3498672584957804e-05,1.6,71000,stage5a,stage4a_counterfactual_bounded,True,0.008533333333333334,16.0,0.001073211793601513,2.0122721130028367,0.0011084830700730285,2.0784057563869283,0.0047991238522032895,8.998357222881168,1378.304,2584320.0,219.88693333333333,412288.0,two_stage_reward_only_q0,0,0.025276806205511093,0.3088764399290085,61000,1885,True,10,227.88194801297504,two_stage,0.23444115519211628,439.577165985218,0.7178666666666667,1346.0,0.7178666666666667,1346.0,0.008533333333333334,16.0,True,1.0,1875.0,0.008533333333333334,16.0,0.0026172757975029327,4.907392120317999,two_stage,0.23441731817382144,439.5324715759152,0.4989834412574768,935.593952357769,0.013342983847343863,25.01809471376974,0.0018875,3.5390625,bury_bones,15,True,0.0012551833060570061,2086,/home/localadmin/imagined_rehearsal/logs/rlscape/m4_reservoir_3goal_500k_seed0/stage5a_gating/evaluations/qualification_consequence/replicate_00/two_stage_reward_only_q0/bury_bones/deterministic/attempt_01,187.5,200.0,0.03125,0.0,mixed_bounded,reward_only,True,qualification_consequence,deterministic,0,10,11,0,61000,/home/localadmin/imagined_rehearsal/logs/rlscape/m4_reservoir_3goal_500k_seed0/stage4a_counterfactual_head_repair/checkpoints/counterfactual_bounded,8.271826778892871,0.1,1,1885,1,35.20758511999156
0.0,0.05008340782364314,0.032494822311162436,25.0,2.2994560540396303e-05,17.5,71000,stage5a,stage4a_counterfactual_bounded,True,0.141643059490085,350.0,0.0021353863712621816,5.276539723388851,0.0010938637149122588,2.7029372395481914,0.0062845529170909645,15.529130258131772,1799.5629299878592,4446720.0,247.97086199919062,612736.0,two_stage_reward_only_q0,0,0.025276806205511093,0.3088764399290085,61000,2491,True,20,306.0150957980077,two_stage,0.6564552707414613,1622.100974002151,0.9372723593686767,2316.0,0.9372723593686767,2316.0,0.141643059490085,350.0,True,1.0,2471.0,0.141643059490085,350.0,0.0012539319284057425,3.09846579509059,two_stage,0.6560075517037722,1620.9946602600212,0.438026203529307,1082.3627489209175,0.1999265481388505,494.01850045109956,0.02171754856333468,53.6640625,chop_logs,15,True,0.0012551833060570061,2692,/home/localadmin/imagined_rehearsal/logs/rlscape/m4_reservoir_3goal_500k_seed0/stage5a_gating/evaluations/qualification_consequence/replicate_00/two_stage_reward_only_q0/chop_logs/sampled/attempt_01,123.55,115.5,0.03125,0.0,mixed_bounded,reward_only,True,qualification_consequence,sampled,0,20,21,0,61000,/home/localadmin/imagined_rehearsal/logs/rlscape/m4_reservoir_3goal_500k_seed0/stage4a_counterfactual_head_repair/checkpoints/counterfactual_bounded,8.140121301872774,0.55,11,2491,1,35.37730123801157
0.0,0.055859519267656844,0.03910095648094621,31.0,2.230831937445388e-05,21.7,71000,stage5a,stage4a_counterfactual_bounded,True,0.1636500754147813,217.0,0.0030447895881659487,4.037390993908048,0.001082743342290176,1.4357176718767732,0.006002589604756929,7.959433815907687,1723.076923076923,2284800.0,242.87179487179486,322048.0,two_stage_reward_only_q0,0,0.025276806205511093,0.3088764399290085,61000,1336,True,10,165.53761123600998,two_stage,0.6403868911161411,849.1530176200031,0.8974358974358975,1190.0,0.8974358974358975,1190.0,0.1636500754147813,217.0,True,1.0,1326.0,0.1636500754147813,217.0,0.0009993099199327377,1.3250849538308103,two_stage,0.6406930703248593,849.5590112507634,0.3673866972394658,487.1547605395317,0.1303580850276752,172.85482074669733,0.028080222473604827,37.234375,chop_logs,15,True,0.0012551833060570061,1537,/home/localadmin/imagined_rehearsal/logs/rlscape/m4_reservoir_3goal_500k_seed0/stage5a_gating/evaluations/qualification_consequence/replicate_00/two_stage_reward_only_q0/chop_logs/deterministic/attempt_01,132.6,137.5,0.03125,0.0,mixed_bounded,reward_only,True,qualification_consequence,deterministic,0,10,11,0,61000,/home/localadmin/imagined_rehearsal/logs/rlscape/m4_reservoir_3goal_500k_seed0/stage4a_counterfactual_head_repair/checkpoints/counterfactual_bounded,8.070673425963847,0.5,5,1336,1,35.263693453976884
0.0,0.059523015127621134,0.009648339909772907,6.714285714285714,2.7933594351164654e-05,4.7,71000,stage5a,stage4a_counterfactual_bounded,True,0.027309703660662404,94.0,0.0008092752524166174,2.785525418817997,0.0010932587099634706,3.762996479694266,0.0045792231493711226,15.761686080135405,1313.097036606624,4519680.0,215.5398024404416,741888.0,two_stage_mixed_b005_q0,0,0.025276806205511093,0.3088764399290085,61000,3462,True,20,419.84802255398245,two_stage,0.22467866237267772,773.3439558867567,0.68390470656595,2354.0,0.68390470656595,2354.0,0.027309703660662404,94.0,True,1.0,3442.0,0.027309703660662404,94.0,0.0028933698721205453,9.958979099838917,two_stage,0.22406466579445164,771.2305796645026,0.48585929659686067,1672.3276988863945,0.027389517529755093,94.27471933741703,0.00457809776292853,15.7578125,kill_goblin,15,True,0.0012551833060570061,3663,/home/localadmin/imagined_rehearsal/logs/rlscape/m4_reservoir_3goal_500k_seed0/stage5a_gating/evaluations/qualification_consequence/replicate_00/two_stage_mixed_b005_q0/kill_goblin/sampled/attempt_01,172.1,200.0,0.03125,0.05,mixed_bounded,mixed_b005,True,qualification_consequence,sampled,0,20,21,0,61000,/home/localadmin/imagined_rehearsal/logs/rlscape/m4_reservoir_3goal_500k_seed0/stage4a_counterfactual_head_repair/checkpoints/counterfactual_bounded,8.24584090914676,0.35,7,3462,1,39.55447845297749
0.0,0.10888914760598425,0.01768069815481849,15.3,2.541620783682043e-05,15.3,71000,stage5a,stage4a_counterfactual_bounded,True,0.13575865128660158,153.0,0.0030203946042201006,3.4039847189560533,0.0010789281336079123,1.2159520065761171,0.003558928310167054,4.01091220555827,1020.4791481810115,1150080.0,196.03194321206743,220928.0,two_stage_mixed_b005_q0,0,0.025276806205511093,0.3088764399290085,61000,1137,True,10,141.03531062198454,two_stage,0.09551137362237166,107.64131807241287,0.5314995563442768,599.0,0.5314995563442768,599.0,0.13575865128660158,153.0,True,1.0,1127.0,0.13575865128660158,153.0,0.0035628524526328314,4.015334714117201,two_stage,0.09603034404376846,108.22619773732706,0.46541207198453566,524.5194051265717,0.04968535736484328,55.99539775017838,0.04155113132209406,46.828125,kill_goblin,15,True,0.0012551833060570061,1338,/home/localadmin/imagined_rehearsal/logs/rlscape/m4_reservoir_3goal_500k_seed0/stage5a_gating/evaluations/qualification_consequence/replicate_00/two_stage_mixed_b005_q0/kill_goblin/deterministic/attempt_01,112.7,110.5,0.03125,0.05,mixed_bounded,mixed_b005,True,qualification_consequence,deterministic,0,10,11,0,61000,/home/localadmin/imagined_rehearsal/logs/rlscape/m4_reservoir_3goal_500k_seed0/stage4a_counterfactual_head_repair/checkpoints/counterfactual_bounded,8.061810868396561,0.8,8,1137,1,35.18625906598754
0.0,0.08353218735816578,0.027338378113627177,9.153846153846153,2.9253285188739384e-05,5.95,71000,stage5a,stage4a_counterfactual_bounded,True,0.04943913585375987,119.0,0.0012725957533507907,3.0631379783153534,0.001086481951483176,2.6151620572200045,0.0041329632613824946,9.948042570147663,1184.5450768591609,2851200.0,206.96967179061073,498176.0,two_stage_mixed_b005_q0,0,0.025276806205511093,0.3088764399290085,61000,2427,True,20,295.14449110100395,two_stage,0.19372746762278115,466.3020145680342,0.6169505608641462,1485.0,0.6169505608641462,1485.0,0.04943913585375987,119.0,True,1.0,2407.0,0.04943913585375987,119.0,0.0028615577223065026,6.887769437591752,two_stage,0.19395862372787195,466.85840731298777,0.46148731993796865,1110.7999790906906,0.036231223585468,87.20855517022147,0.014128713128375572,34.0078125,bury_bones,15,True,0.0012551833060570061,2628,/home/localadmin/imagined_rehearsal/logs/rlscape/m4_reservoir_3goal_500k_seed0/stage5a_gating/evaluations/qualification_consequence/replicate_00/two_stage_mixed_b005_q0/bury_bones/sampled/attempt_01,120.35,119.0,0.03125,0.05,mixed_bounded,mixed_b005,True,qualification_consequence,sampled,0,20,21,0,61000,/home/localadmin/imagined_rehearsal/logs/rlscape/m4_reservoir_3goal_500k_seed0/stage4a_counterfactual_head_repair/checkpoints/counterfactual_bounded,8.223090971294583,0.7,14,2427,1,35.325352784013376
0.0,0.08105569488058488,0.011294735750804344,2.6666666666666665,3.363317788777446e-05,0.8,71000,stage5a,stage4a_counterfactual_bounded,True,0.004,8.0,0.0009884598571807146,1.9769197143614292,0.001124087123956997,2.248174247913994,0.005457936234073714,10.915872468147427,1557.12,3114240.0,231.808,463616.0,two_stage_mixed_b005_q0,0,0.025276806205511093,0.3088764399290085,61000,2010,True,10,243.30786165298196,two_stage,0.294136660151833,588.273320303666,0.811,1622.0,0.811,1622.0,0.004,8.0,True,1.0,2000.0,0.004,8.0,0.002494232879015669,4.988465758031339,two_stage,0.2934213646354056,586.8427292708111,0.5340044347345829,1068.0088694691658,0.012186496276086287,24.372992552172576,0.00055859375,1.1171875,bury_bones,15,True,0.0012551833060570061,2211,/home/localadmin/imagined_rehearsal/logs/rlscape/m4_reservoir_3goal_500k_seed0/stage5a_gating/evaluations/qualification_consequence/replicate_00/two_stage_mixed_b005_q0/bury_bones/deterministic/attempt_01,200.0,200.0,0.03125,0.05,mixed_bounded,mixed_b005,True,qualification_consequence,deterministic,0,10,11,0,61000,/home/localadmin/imagined_rehearsal/logs/rlscape/m4_reservoir_3goal_500k_seed0/stage4a_counterfactual_head_repair/checkpoints/counterfactual_bounded,8.261138733226648,0.0,0,2010,1,39.33703978601261
0.0,0.06032403655144852,0.023999599520149798,21.214285714285715,1.9743339130241827e-05,14.85,71000,stage5a,stage4a_counterfactual_bounded,True,0.16345624656026417,297.0,0.0028376135755746523,5.155943866819143,0.001103286161163056,2.004670954833273,0.005859511545113502,10.646732477471232,1672.735277930655,3039360.0,239.515685195377,435200.0,two_stage_mixed_b005_q0,0,0.025276806205511093,0.3088764399290085,61000,1837,True,20,227.37399140899652,two_stage,0.5618757134908696,1020.9281714129102,0.8712162905888827,1583.0,0.8712162905888827,1583.0,0.16345624656026417,297.0,True,1.0,1817.0,0.16345624656026417,297.0,0.00163899023301695,2.978045253391798,two_stage,0.5605400308293252,1018.5012360168839,0.4080010367148383,741.3378837108612,0.11973575728854396,217.5598709932844,0.029444138690148596,53.5,chop_logs,15,True,0.0012551833060570061,2038,/home/localadmin/imagined_rehearsal/logs/rlscape/m4_reservoir_3goal_500k_seed0/stage5a_gating/evaluations/qualification_consequence/replicate_00/two_stage_mixed_b005_q0/chop_logs/sampled/attempt_01,90.85,72.5,0.03125,0.05,mixed_bounded,mixed_b005,True,qualification_consequence,sampled,0,20,21,0,61000,/home/localadmin/imagined_rehearsal/logs/rlscape/m4_reservoir_3goal_500k_seed0/stage4a_counterfactual_head_repair/checkpoints/counterfactual_bounded,8.079200213781862,0.9,18,1837,1,35.30007069298881
0.0,0.05089268343327607,0.02437301528028113,25.285714285714285,2.1390951257870817e-05,17.7,71000,stage5a,stage4a_counterfactual_bounded,True,0.14762301918265222,177.0,0.0030310615466859463,3.6342427944764495,0.0011004127423299183,1.319394878053572,0.0061234127224467265,7.341971854213625,1751.85988323603,2100480.0,244.790658882402,293504.0,two_stage_mixed_b005_q0,0,0.025276806205511093,0.3088764399290085,61000,1209,True,10,149.44438303398783,two_stage,0.6102360075460945,731.6729730477673,0.9124270225187656,1094.0,0.9124270225187656,1094.0,0.14762301918265222,177.0,True,1.0,1199.0,0.14762301918265222,177.0,0.0015611781041506697,1.871852546876653,two_stage,0.6099607225588959,731.3429063481162,0.4106675186586738,492.3903548717499,0.14329077871466506,171.8056436788834,0.021026636780650542,25.2109375,chop_logs,15,True,0.0012551833060570061,1410,/home/localadmin/imagined_rehearsal/logs/rlscape/m4_reservoir_3goal_500k_seed0/stage5a_gating/evaluations/qualification_consequence/replicate_00/two_stage_mixed_b005_q0/chop_logs/deterministic/attempt_01,119.9,110.5,0.03125,0.05,mixed_bounded,mixed_b005,True,qualification_consequence,deterministic,0,10,11,0,61000,/home/localadmin/imagined_rehearsal/logs/rlscape/m4_reservoir_3goal_500k_seed0/stage4a_counterfactual_head_repair/checkpoints/counterfactual_bounded,8.089966149648058,0.7,7,1209,1,39.418079061986646
0.0,0.053512696601923496,0.011402273059246088,7.8,2.6784461719909725e-05,5.85,71000,stage5a,stage4a_counterfactual_bounded,True,0.036471321695760596,117.0,0.0009318204954303709,2.9892801493406296,0.0010812691328094858,3.4687113780528307,0.004755116338688332,15.25441321451217,1363.9900249376558,4375680.0,218.93266832917706,702336.0,two_stage_reward_only_q1,0,0.11048844456672668,0.3088764399290085,61000,3228,True,20,391.3944132269826,two_stage,0.20422127803106252,655.1418599236486,0.7104114713216958,2279.0,0.7104114713216958,2279.0,0.036471321695760596,117.0,True,1.0,3208.0,0.036471321695760596,117.0,0.002896915592243087,9.293305219915823,two_stage,0.2034526377901047,652.6760620306559,0.5510765454195384,1767.8535577058792,0.05916816294950298,189.81146674200556,0.01202560006234414,38.578125,kill_goblin,15,True,0.0012551833060570061,3429,/home/localadmin/imagined_rehearsal/logs/rlscape/m4_reservoir_3goal_500k_seed0/stage5a_gating/evaluations/qualification_consequence/replicate_00/two_stage_reward_only_q1/kill_goblin/sampled/attempt_01,160.4,200.0,0.03125,0.0,mixed_bounded,reward_only,True,qualification_consequence,sampled,0,20,21,0,61000,/home/localadmin/imagined_rehearsal/logs/rlscape/m4_reservoir_3goal_500k_seed0/stage4a_counterfactual_head_repair/checkpoints/counterfactual_bounded,8.247435044832834,0.3,6,3228,1,39.65699889700045
0.0,0.04818318276148703,0.008618449074371407,5.5,2.9188449540621757e-05,3.3,71000,stage5a,stage4a_counterfactual_bounded,True,0.019020172910662825,33.0,0.001263059910268708,2.1914089443162084,0.001085195370066793,1.8828139670658857,0.005318126733004188,9.226949881762266,1523.8270893371757,2643840.0,229.58847262247838,398336.0,two_stage_reward_only_q1,0,0.11048844456672668,0.3088764399290085,61000,1745,True,10,212.10649891899084,two_stage,0.27895472450932557,483.98644702367983,0.7936599423631124,1377.0,0.7936599423631124,1377.0,0.019020172910662825,33.0,True,1.0,1735.0,0.019020172910662825,33.0,0.0028470381044404616,4.939611111204201,two_stage,0.27813561103170975,482.5652851400164,0.5487563588090176,952.0922825336456,0.0568075240828962,98.56105428382492,0.007182096541786744,12.4609375,kill_goblin,15,True,0.0012551833060570061,1946,/home/localadmin/imagined_rehearsal/logs/rlscape/m4_reservoir_3goal_500k_seed0/stage5a_gating/evaluations/qualification_consequence/replicate_00/two_stage_reward_only_q1/kill_goblin/deterministic/attempt_01,173.5,200.0,0.03125,0.0,mixed_bounded,reward_only,True,qualification_consequence,deterministic,0,10,11,0,61000,/home/localadmin/imagined_rehearsal/logs/rlscape/m4_reservoir_3goal_500k_seed0/stage4a_counterfactual_head_repair/checkpoints/counterfactual_bounded,8.226999214514697,0.2,2,1745,1,39.32061491400236
0.0,0.0941054761254539,0.009270867755630106,3.5,3.509913018559827e-05,1.4,71000,stage5a,stage4a_counterfactual_bounded,True,0.010941774130519734,28.0,0.0008466196755597302,2.1664997497573495,0.0011203270772882912,2.8669169907807373,0.004021083854754638,10.289953584317118,1150.94958968347,2945280.0,204.7299726455647,523904.0,two_stage_reward_only_q1,0,0.11048844456672668,0.3088764399290085,61000,2579,True,20,312.3792441840051,two_stage,0.21848648753678732,559.1069216066387,0.599452911293474,1534.0,0.599452911293474,1534.0,0.010941774130519734,28.0,True,1.0,2559.0,0.010941774130519734,28.0,0.0022885466424788373,5.856390858103345,two_stage,0.2186499968364793,559.5253419045505,0.4090174033614796,1046.6755352020264,0.020294938410726365,51.93474739304877,0.003422357366158656,8.7578125,bury_bones,15,True,0.0012551833060570061,2780,/home/localadmin/imagined_rehearsal/logs/rlscape/m4_reservoir_3goal_500k_seed0/stage5a_gating/evaluations/qualification_consequence/replicate_00/two_stage_reward_only_q1/bury_bones/sampled/attempt_01,127.95,136.0,0.03125,0.0,mixed_bounded,reward_only,True,qualification_consequence,sampled,0,20,21,0,61000,/home/localadmin/imagined_rehearsal/logs/rlscape/m4_reservoir_3goal_500k_seed0/stage4a_counterfactual_head_repair/checkpoints/counterfactual_bounded,8.25599026829342,0.6,12,2579,1,35.37883018000866
0.0,0.08081648622949918,0.007257673889398575,1.3333333333333333,3.74519228595697e-05,0.4,71000,stage5a,stage4a_counterfactual_bounded,True,0.002,4.0,0.0009399633035063744,1.8799266070127487,0.001102022457343992,2.2040449146879837,0.0059597708822693675,11.919541764538735,1704.96,3409920.0,241.664,483328.0,two_stage_reward_only_q1,0,0.11048844456672668,0.3088764399290085,61000,2010,True,10,243.23060946798068,two_stage,0.4187048585231296,837.4097170462592,0.888,1776.0,0.888,1776.0,0.002,4.0,True,1.0,2000.0,0.002,4.0,0.0017022958011150351,3.40459160223007,two_stage,0.4187205893518003,837.4411787036006,0.47976277232170106,959.5255446434021,0.008193119745584647,16.38623949116929,0.0005390625,1.078125,bury_bones,15,True,0.0012551833060570061,2211,/home/localadmin/imagined_rehearsal/logs/rlscape/m4_reservoir_3goal_500k_seed0/stage5a_gating/evaluations/qualification_consequence/replicate_00/two_stage_reward_only_q1/bury_bones/deterministic/attempt_01,200.0,200.0,0.03125,0.0,mixed_bounded,reward_only,True,qualification_consequence,deterministic,0,10,11,0,61000,/home/localadmin/imagined_rehearsal/logs/rlscape/m4_reservoir_3goal_500k_seed0/stage4a_counterfactual_head_repair/checkpoints/counterfactual_bounded,8.2637625436884,0.0,0,2010,1,39.322512817016104
0.0,0.04846725919182923,0.026197250646314264,9.055555555555555,2.5603505814974163e-05,8.15,71000,stage5a,stage4a_counterfactual_bounded,True,0.0890223921354451,163.0,0.0020745401176588906,3.7984829554334283,0.0011016255891731833,2.017076453776099,0.006160399810411545,11.279692052863538,1762.7089022392136,3227520.0,245.51392681594757,449536.0,two_stage_reward_only_q1,0,0.11048844456672668,0.3088764399290085,61000,1851,True,20,226.72720950699295,two_stage,0.6324459760692497,1158.008582182796,0.9180775532495904,1681.0,0.9180775532495904,1681.0,0.0890223921354451,163.0,True,1.0,1831.0,0.0890223921354451,163.0,0.0013955006833550343,2.5551617512230678,two_stage,0.631695432910301,1156.634337658761,0.43430192225751557,795.206819653511,0.18228725670216625,333.7679670216664,0.022631075914800656,41.4375,chop_logs,15,True,0.0012551833060570061,2052,/home/localadmin/imagined_rehearsal/logs/rlscape/m4_reservoir_3goal_500k_seed0/stage5a_gating/evaluations/qualification_consequence/replicate_00/two_stage_reward_only_q1/chop_logs/sampled/attempt_01,91.55,72.5,0.03125,0.0,mixed_bounded,reward_only,True,qualification_consequence,sampled,0,20,21,0,61000,/home/localadmin/imagined_rehearsal/logs/rlscape/m4_reservoir_3goal_500k_seed0/stage4a_counterfactual_head_repair/checkpoints/counterfactual_bounded,8.163995861038945,0.8,16,1851,1,35.50233528399258
0.0,0.05575319334934008,0.03530664234612139,38.142857142857146,2.0508085276200026e-05,26.7,71000,stage5a,stage4a_counterfactual_bounded,True,0.20257966616084977,267.0,0.0033909699841429323,4.469298439100385,0.0011167235530090372,1.4718416428659111,0.006178222721716748,8.142897547222674,1765.5842185128984,2327040.0,245.70561456752657,323840.0,two_stage_reward_only_q1,0,0.11048844456672668,0.3088764399290085,61000,1328,True,10,164.98087555501843,two_stage,0.5469312908818226,720.8554413822421,0.9195751138088012,1212.0,0.9195751138088012,1212.0,0.20257966616084977,267.0,True,1.0,1318.0,0.20257966616084977,267.0,0.0020341894465505566,2.6810616905536335,two_stage,0.5464851813859726,720.2674690667118,0.47863600933316625,630.8422603011131,0.15886502607564243,209.38410436769672,0.03736129552352049,49.2421875,chop_logs,15,True,0.0012551833060570061,1371,/home/localadmin/imagined_rehearsal/logs/rlscape/m4_reservoir_3goal_500k_seed0/stage5a_gating/evaluations/qualification_consequence/replicate_00/two_stage_reward_only_q1/chop_logs/deterministic/attempt_01,131.8,154.5,0.03125,0.0,mixed_bounded,reward_only,True,qualification_consequence,deterministic,0,10,11,0,61000,/home/localadmin/imagined_rehearsal/logs/rlscape/m4_reservoir_3goal_500k_seed0/stage4a_counterfactual_head_repair/checkpoints/counterfactual_bounded,8.049417822110744,0.5,5,1328,1,20.397359952999977
0.0,0.06696702045382473,0.011490376087135405,4.363636363636363,3.195330423029911e-05,2.4,71000,stage5a,stage4a_counterfactual_bounded,True,0.01705150976909414,48.0,0.0008258832327452477,2.324861300177872,0.0010878236411217116,3.0622235497576185,0.004369896432288904,12.301258456893265,1251.5808170515097,3523200.0,211.43872113676733,595200.0,two_stage_mixed_b005_q1,0,0.11048844456672668,0.3088764399290085,61000,2835,True,20,342.84687306400156,two_stage,0.20671828249628724,581.9119652270485,0.6518650088809946,1835.0,0.6518650088809946,1835.0,0.01705150976909414,48.0,True,1.0,2815.0,0.01705150976909414,48.0,0.002789142078044599,7.8514349496955465,two_stage,0.20561226676063246,578.7985309311804,0.4743511346474846,1335.298444032669,0.03421033461358517,96.30209193724225,0.005783747779751332,16.28125,kill_goblin,15,True,0.0012551833060570061,3036,/home/localadmin/imagined_rehearsal/logs/rlscape/m4_reservoir_3goal_500k_seed0/stage5a_gating/evaluations/qualification_consequence/replicate_00/two_stage_mixed_b005_q1/kill_goblin/sampled/attempt_01,140.75,200.0,0.03125,0.05,mixed_bounded,mixed_b005,True,qualification_consequence,sampled,0,20,21,0,61000,/home/localadmin/imagined_rehearsal/logs/rlscape/m4_reservoir_3goal_500k_seed0/stage4a_counterfactual_head_repair/checkpoints/counterfactual_bounded,8.268997685945852,0.4,8,2835,1,35.460627703985665
0.0,0.07134780696489744,0.011378249461348683,7.666666666666667,2.7457013614669754e-05,2.3,71000,stage5a,stage4a_counterfactual_bounded,True,0.01208617971623752,23.0,0.0011103873342252128,2.11306709703058,0.0011036603327552312,2.100265613233205,0.005035229786326086,9.582042283378541,1441.76563321072,2743680.0,224.11770888071467,426496.0,two_stage_mixed_b005_q1,0,0.11048844456672668,0.3088764399290085,61000,1913,True,10,232.28328303602757,two_stage,0.26890452525431097,511.72531155895376,0.7509196006305833,1429.0,0.7509196006305833,1429.0,0.01208617971623752,23.0,True,1.0,1903.0,0.01208617971623752,23.0,0.0034913719792639135,6.644080876539228,two_stage,0.2686836158585681,511.3049209788551,0.5003679807538179,952.2002673745155,0.025662765229874557,48.83624223245128,0.0044214726747241195,8.4140625,kill_goblin,15,True,0.0012551833060570061,2114,/home/localadmin/imagined_rehearsal/logs/rlscape/m4_reservoir_3goal_500k_seed0/stage5a_gating/evaluations/qualification_consequence/replicate_00/two_stage_mixed_b005_q1/kill_goblin/deterministic/attempt_01,190.3,200.0,0.03125,0.05,mixed_bounded,mixed_b005,True,qualification_consequence,deterministic,0,10,11,0,61000,/home/localadmin/imagined_rehearsal/logs/rlscape/m4_reservoir_3goal_500k_seed0/stage4a_counterfactual_head_repair/checkpoints/counterfactual_bounded,8.235633554840406,0.1,1,1913,1,39.255311070999596
0.0,0.09236235499980858,0.022041033309998258,5.3076923076923075,3.218444682753598e-05,3.45,71000,stage5a,stage4a_counterfactual_bounded,True,0.02920016927634363,69.0,0.0011884169400816643,2.808229229412973,0.0010943776480356957,2.586014382308349,0.0045050356116964054,10.645399150438607,1289.4794752433347,3047040.0,213.96529834955564,505600.0,two_stage_mixed_b005_q1,0,0.11048844456672668,0.3088764399290085,61000,2383,True,20,289.62773785501486,two_stage,0.2667413693742885,630.3098558314437,0.6716038933559035,1587.0,0.6716038933559035,1587.0,0.02920016927634363,69.0,True,1.0,2363.0,0.02920016927634363,69.0,0.0023486085523864593,5.5497620092892035,two_stage,0.26634680636182057,629.3775034329819,0.45396324201403054,1072.7151408791542,0.05069159108584161,119.78422973584372,0.009769757723233179,23.0859375,bury_bones,15,True,0.0012551833060570061,2584,/home/localadmin/imagined_rehearsal/logs/rlscape/m4_reservoir_3goal_500k_seed0/stage5a_gating/evaluations/qualification_consequence/replicate_00/two_stage_mixed_b005_q1/bury_bones/sampled/attempt_01,118.15,106.5,0.03125,0.05,mixed_bounded,mixed_b005,True,qualification_consequence,sampled,0,20,21,0,61000,/home/localadmin/imagined_rehearsal/logs/rlscape/m4_reservoir_3goal_500k_seed0/stage4a_counterfactual_head_repair/checkpoints/counterfactual_bounded,8.227803102177006,0.65,13,2383,1,35.350199278007494
0.0,0.059645376478632293,0.007083980470067926,1.6666666666666667,3.5723697793501844e-05,0.5,71000,stage5a,stage4a_counterfactual_bounded,True,0.0025,5.0,0.0010103592867963015,2.020718573592603,0.0011148579239379614,2.229715847875923,0.004805899140192196,9.611798280384392,1373.76,2747520.0,219.584,439168.0,two_stage_mixed_b005_q1,0,0.11048844456672668,0.3088764399290085,61000,2010,True,10,243.53832080899156,two_stage,0.22949232611788897,458.98465223577796,0.7155,1431.0,0.7155,1431.0,0.0025,5.0,True,1.0,2000.0,0.0025,5.0,0.003198684491594438,6.397368983188876,two_stage,0.2297252015076881,459.4504030153762,0.5041105505526066,1008.2211011052132,0.010013531754199686,20.027063508399372,0.00037890625,0.7578125,bury_bones,15,True,0.0012551833060570061,2211,/home/localadmin/imagined_rehearsal/logs/rlscape/m4_reservoir_3goal_500k_seed0/stage5a_gating/evaluations/qualification_consequence/replicate_00/two_stage_mixed_b005_q1/bury_bones/deterministic/attempt_01,200.0,200.0,0.03125,0.05,mixed_bounded,mixed_b005,True,qualification_consequence,deterministic,0,10,11,0,61000,/home/localadmin/imagined_rehearsal/logs/rlscape/m4_reservoir_3goal_500k_seed0/stage4a_counterfactual_head_repair/checkpoints/counterfactual_bounded,8.2533212568894,0.0,0,2010,1,39.257611456007
0.0,0.048526974144037976,0.029518596715430254,15.444444444444445,2.2657146569944383e-05,13.9,71000,stage5a,stage4a_counterfactual_bounded,True,0.16238317757009346,278.0,0.0026271261218238934,4.497639920562506,0.0011174993804535201,1.9131589393364266,0.006018440745320502,10.3035705559887,1721.4953271028037,2947200.0,242.7663551401869,415616.0,two_stage_mixed_b005_q1,0,0.11048844456672668,0.3088764399290085,61000,1732,True,20,212.99740929098334,two_stage,0.5648240744723763,966.9788154967082,0.8966121495327103,1535.0,0.8966121495327103,1535.0,0.16238317757009346,278.0,True,1.0,1712.0,0.16238317757009346,278.0,0.0015998707403698127,2.7389787075131196,two_stage,0.5642112511577101,965.9296619819997,0.4700147352555645,804.6652267575264,0.1803234809318231,308.71379935528114,0.031820422021028034,54.4765625,chop_logs,15,True,0.0012551833060570061,1933,/home/localadmin/imagined_rehearsal/logs/rlscape/m4_reservoir_3goal_500k_seed0/stage5a_gating/evaluations/qualification_consequence/replicate_00/two_stage_mixed_b005_q1/chop_logs/sampled/attempt_01,85.6,76.0,0.03125,0.05,mixed_bounded,mixed_b005,True,qualification_consequence,sampled,0,20,21,0,61000,/home/localadmin/imagined_rehearsal/logs/rlscape/m4_reservoir_3goal_500k_seed0/stage4a_counterfactual_head_repair/checkpoints/counterfactual_bounded,8.13155430277489,0.95,19,1732,1,35.35046750298352
0.0,0.055209499469341394,0.03363629713975327,31.333333333333332,2.3406405119551715e-05,9.4,71000,stage5a,stage4a_counterfactual_bounded,True,0.05389908256880734,94.0,0.0016627463436292467,2.8998296232894063,0.0011069967135172358,1.9306022683740593,0.00615458664166049,10.733599103055894,1758.165137614679,3066240.0,245.21100917431193,427648.0,two_stage_mixed_b005_q1,0,0.11048844456672668,0.3088764399290085,61000,1754,True,10,213.64039100697846,two_stage,0.5034161930303159,877.9578406448709,0.9157110091743119,1597.0,0.9157110091743119,1597.0,0.05389908256880734,94.0,True,1.0,1744.0,0.05389908256880734,94.0,0.0010249152614887611,1.7874522160363995,two_stage,0.5026340006505953,876.5936971346382,0.4694251603352914,818.6774796247482,0.06076068566911106,105.96663580692969,0.007879694667431193,13.7421875,chop_logs,15,True,0.0012551833060570061,1955,/home/localadmin/imagined_rehearsal/logs/rlscape/m4_reservoir_3goal_500k_seed0/stage5a_gating/evaluations/qualification_consequence/replicate_00/two_stage_mixed_b005_q1/chop_logs/deterministic/attempt_01,174.4,200.0,0.03125,0.05,mixed_bounded,mixed_b005,True,qualification_consequence,deterministic,0,10,11,0,61000,/home/localadmin/imagined_rehearsal/logs/rlscape/m4_reservoir_3goal_500k_seed0/stage4a_counterfactual_head_repair/checkpoints/counterfactual_bounded,8.210057993868334,0.3,3,1754,1,39.26967501800391
0.0,0.08860924871017535,0.007586569091977759,2.1666666666666665,3.397955088581108e-05,0.65,71000,stage5a,stage4a_counterfactual_bounded,True,0.0033713692946058093,13.0,0.0005156090468577886,1.9881884846836329,0.0011064549768409987,4.266490390698891,0.004463434340123133,17.211002815514803,1273.6929460580914,4911360.0,212.91286307053943,820992.0,two_stage_reward_only_q2,0,0.33717454075813313,0.3088764399290085,61000,3876,True,20,467.91098804501235,two_stage,0.15485489390199036,597.1204708860748,0.6633817427385892,2558.0,0.6633817427385892,2558.0,0.0033713692946058093,13.0,True,1.0,3856.0,0.0033713692946058093,13.0,0.003977732797283909,15.338137666326755,two_stage,0.15481478890825395,596.9658260302273,0.5359214141315691,2066.5129728913307,0.040663705027125754,156.79924658459691,0.009735234050829876,37.5390625,kill_goblin,15,True,0.0012551833060570061,4077,/home/localadmin/imagined_rehearsal/logs/rlscape/m4_reservoir_3goal_500k_seed0/stage5a_gating/evaluations/qualification_consequence/replicate_00/two_stage_reward_only_q2/kill_goblin/sampled/attempt_01,192.8,200.0,0.03125,0.0,mixed_bounded,reward_only,True,qualification_consequence,sampled,0,20,21,0,61000,/home/localadmin/imagined_rehearsal/logs/rlscape/m4_reservoir_3goal_500k_seed0/stage4a_counterfactual_head_repair/checkpoints/counterfactual_bounded,8.283626798751591,0.1,2,3876,1,39.451862282003276
0.0,0.0874544233083725,0.011004605796188116,1.0,3.8894345379958395e-05,0.4,71000,stage5a,stage4a_counterfactual_bounded,True,0.0038948393378773127,4.0,0.001962132078161084,2.0151096442714334,0.0011105137761997853,1.1404976481571794,0.004379535176425795,4.4977826261892915,1252.5803310613437,1286400.0,211.50535540408958,217216.0,two_stage_reward_only_q2,0,0.33717454075813313,0.3088764399290085,61000,1037,True,10,126.22567505599,two_stage,0.14918088470876195,153.20876859589853,0.6523855890944499,670.0,0.6523855890944499,670.0,0.0038948393378773127,4.0,True,1.0,1027.0,0.0038948393378773127,4.0,0.003822000262984403,3.925194270084982,two_stage,0.15011208231081666,154.1651085332087,0.5363354902884977,550.8165485262871,0.05116824917311716,52.54979190079132,0.014057935735150925,14.4375,kill_goblin,15,True,0.0012551833060570061,1238,/home/localadmin/imagined_rehearsal/logs/rlscape/m4_reservoir_3goal_500k_seed0/stage5a_gating/evaluations/qualification_consequence/replicate_00/two_stage_reward_only_q2/kill_goblin/deterministic/attempt_01,102.7,82.5,0.03125,0.0,mixed_bounded,reward_only,True,qualification_consequence,deterministic,0,10,11,0,61000,/home/localadmin/imagined_rehearsal/logs/rlscape/m4_reservoir_3goal_500k_seed0/stage4a_counterfactual_head_repair/checkpoints/counterfactual_bounded,8.21544427898696,0.8,8,1037,1,35.18160989199532
0.0,0.04983711987733841,0.005446543218567967,1.0,3.891136475431267e-05,0.1,71000,stage5a,stage4a_counterfactual_bounded,True,0.0005,2.0,0.0004761852934025228,1.9047411736100912,0.0010999093701684615,4.399637480673846,0.00458061619149521,18.32246476598084,1310.4,5241600.0,215.36,861440.0,two_stage_reward_only_q2,0,0.33717454075813313,0.3088764399290085,61000,4020,True,20,484.3057492389926,two_stage,0.18270779972527765,730.8311989011106,0.6825,2730.0,0.6825,2730.0,0.0005,2.0,True,1.0,4000.0,0.0005,2.0,0.0040218049564914446,16.08721982596578,two_stage,0.1827636647020926,731.0546588083704,0.5156961435079574,2062.78457403183,0.020107554372501148,80.4302174900046,0.00117578125,4.703125,bury_bones,15,True,0.0012551833060570061,4221,/home/localadmin/imagined_rehearsal/logs/rlscape/m4_reservoir_3goal_500k_seed0/stage5a_gating/evaluations/qualification_consequence/replicate_00/two_stage_reward_only_q2/bury_bones/sampled/attempt_01,200.0,200.0,0.03125,0.0,mixed_bounded,reward_only,True,qualification_consequence,sampled,0,20,21,0,61000,/home/localadmin/imagined_rehearsal/logs/rlscape/m4_reservoir_3goal_500k_seed0/stage4a_counterfactual_head_repair/checkpoints/counterfactual_bounded,8.300541561434638,0.0,0,4020,1,39.518932359991595
0.0,nan,nan,nan,nan,0.0,71000,stage5a,stage4a_counterfactual_bounded,True,0.0,0.0,0.0,0.0,0.0011175295122957322,2.2350590245914645,0.005115616787457838,10.231233574915677,1459.2,2918400.0,225.28,450560.0,two_stage_reward_only_q2,0,0.33717454075813313,0.3088764399290085,61000,2010,True,10,241.26134352199733,two_stage,0.2974112522292398,594.8225044584797,0.76,1520.0,0.76,1520.0,0.0,0.0,True,1.0,2000.0,0.0,0.0,0.0025132726500298962,5.026545300059793,two_stage,0.29657833033869746,593.1566606773949,0.4768358020484447,953.6716040968895,0.007070925709196868,14.141851418393736,0.00098046875,1.9609375,bury_bones,15,True,0.0012551833060570061,2211,/home/localadmin/imagined_rehearsal/logs/rlscape/m4_reservoir_3goal_500k_seed0/stage5a_gating/evaluations/qualification_consequence/replicate_00/two_stage_reward_only_q2/bury_bones/deterministic/attempt_01,200.0,200.0,0.03125,0.0,mixed_bounded,reward_only,True,qualification_consequence,deterministic,0,10,11,0,61000,/home/localadmin/imagined_rehearsal/logs/rlscape/m4_reservoir_3goal_500k_seed0/stage4a_counterfactual_head_repair/checkpoints/counterfactual_bounded,8.33121448574183,0.0,0,2010,1,35.28190765401814
0.0,0.049116618440014546,0.03653271601599368,6.222222222222222,2.91095190686453e-05,5.6,71000,stage5a,stage4a_counterfactual_bounded,True,0.04840103716508211,112.0,0.0012687338904905081,2.935850222595036,0.0010981892263800528,2.541209869843442,0.0060898334332464095,14.09187456453219,1742.437337942956,4032000.0,244.16248919619707,564992.0,two_stage_reward_only_q2,0,0.33717454075813313,0.3088764399290085,61000,2334,True,20,283.86269276199164,two_stage,0.6270943870791942,1451.0964117012554,0.9075194468452895,2100.0,0.9075194468452895,2100.0,0.04840103716508211,112.0,True,1.0,2314.0,0.04840103716508211,112.0,0.0013372143563234386,3.094314020532437,two_stage,0.6266640878135761,1450.100699200615,0.3942290928565745,912.2461208701134,0.1425160267861826,329.7820859832266,0.025355175021607605,58.671875,chop_logs,15,True,0.0012551833060570061,2355,/home/localadmin/imagined_rehearsal/logs/rlscape/m4_reservoir_3goal_500k_seed0/stage5a_gating/evaluations/qualification_consequence/replicate_00/two_stage_reward_only_q2/chop_logs/sampled/attempt_01,115.7,92.0,0.03125,0.0,mixed_bounded,reward_only,True,qualification_consequence,sampled,0,20,21,0,61000,/home/localadmin/imagined_rehearsal/logs/rlscape/m4_reservoir_3goal_500k_seed0/stage4a_counterfactual_head_repair/checkpoints/counterfactual_bounded,8.222285138248063,0.75,15,2334,1,13.688258723996114
0.0,0.04771495392410996,0.0344271259571857,9.875,2.681528364680607e-05,7.9,71000,stage5a,stage4a_counterfactual_bounded,True,0.07596153846153846,79.0,0.002599854615982622,2.703848800621927,0.0010792891128893153,1.122460677404888,0.0063041553913185805,6.5563216069713235,1805.5384615384614,1877760.0,248.36923076923077,258304.0,two_stage_reward_only_q2,0,0.33717454075813313,0.3088764399290085,61000,1050,True,10,129.34114216000307,two_stage,0.6753902427501368,702.4058524601423,0.9403846153846154,978.0,0.9403846153846154,978.0,0.07596153846153846,79.0,True,1.0,1040.0,0.07596153846153846,79.0,0.0011242497580212785,1.1692197483421296,two_stage,0.6752829744339789,702.294293411338,0.39739769485134346,413.2936026453972,0.17115929918055506,178.00567114777726,0.01853215144230769,19.2734375,chop_logs,15,True,0.0012551833060570061,1251,/home/localadmin/imagined_rehearsal/logs/rlscape/m4_reservoir_3goal_500k_seed0/stage5a_gating/evaluations/qualification_consequence/replicate_00/two_stage_reward_only_q2/chop_logs/deterministic/attempt_01,104.0,76.5,0.03125,0.0,mixed_bounded,reward_only,True,qualification_consequence,deterministic,0,10,11,0,61000,/home/localadmin/imagined_rehearsal/logs/rlscape/m4_reservoir_3goal_500k_seed0/stage4a_counterfactual_head_repair/checkpoints/counterfactual_bounded,8.118066552258247,0.7,7,1050,1,35.36878930698731
0.0,0.07375520745461638,0.03388310862197118,5.666666666666667,2.9641904742068922e-05,0.85,71000,stage5a,stage4a_counterfactual_bounded,True,0.0049047893825735715,17.0,0.0005904421590771623,2.0464725233614445,0.001077073303726945,3.733136070717592,0.004382609234815404,15.190123607870191,1255.8107328332371,4352640.0,211.7207155222158,733824.0,two_stage_mixed_b005_q2,0,0.33717454075813313,0.3088764399290085,61000,3486,True,20,421.2243790400098,two_stage,0.2324627179854586,805.7157805375995,0.654068090017311,2267.0,0.654068090017311,2267.0,0.0049047893825735715,17.0,True,1.0,3466.0,0.0049047893825735715,17.0,0.0030556273142682364,10.590804271253708,two_stage,0.2322914541168549,805.122179969019,0.4477834558975332,1552.01745814085,0.024851370181253177,86.13484904822351,0.004546397143681477,15.7578125,kill_goblin,15,True,0.0012551833060570061,3687,/home/localadmin/imagined_rehearsal/logs/rlscape/m4_reservoir_3goal_500k_seed0/stage5a_gating/evaluations/qualification_consequence/replicate_00/two_stage_mixed_b005_q2/kill_goblin/sampled/attempt_01,173.3,200.0,0.03125,0.05,mixed_bounded,mixed_b005,True,qualification_consequence,sampled,0,20,21,0,61000,/home/localadmin/imagined_rehearsal/logs/rlscape/m4_reservoir_3goal_500k_seed0/stage4a_counterfactual_head_repair/checkpoints/counterfactual_bounded,8.275874269064763,0.2,4,3486,1,35.310960136004724
0.0,0.04120790818706155,0.011870471513248049,1.75,3.631812796811573e-05,0.7,71000,stage5a,stage4a_counterfactual_bounded,True,0.004084014002333722,7.0,0.0011659200545595992,1.998386973515153,0.0010961417427388113,1.8787869470543228,0.005662294218529672,9.705172290559858,1624.2707117852976,2784000.0,236.28471411901984,404992.0,two_stage_mixed_b005_q2,0,0.33717454075813313,0.3088764399290085,61000,1724,True,10,209.22006815401255,two_stage,0.37722110396803576,646.5569722012133,0.8459743290548425,1450.0,0.8459743290548425,1450.0,0.004084014002333722,7.0,True,1.0,1714.0,0.004084014002333722,7.0,0.002181676921489555,3.7393942434330967,two_stage,0.37700003752679984,646.1780643209349,0.5003845551884717,857.6591275930405,0.04428036210358934,75.89654064555214,0.0044349839556592765,7.6015625,kill_goblin,15,True,0.0012551833060570061,1925,/home/localadmin/imagined_rehearsal/logs/rlscape/m4_reservoir_3goal_500k_seed0/stage5a_gating/evaluations/qualification_consequence/replicate_00/two_stage_mixed_b005_q2/kill_goblin/deterministic/attempt_01,171.4,200.0,0.03125,0.05,mixed_bounded,mixed_b005,True,qualification_consequence,deterministic,0,10,11,0,61000,/home/localadmin/imagined_rehearsal/logs/rlscape/m4_reservoir_3goal_500k_seed0/stage4a_counterfactual_head_repair/checkpoints/counterfactual_bounded,8.240127322446511,0.2,2,1724,1,39.31460194999818
0.0,0.06544607818465341,0.04656479253687642,6.0,3.163102775777754e-05,0.6,71000,stage5a,stage4a_counterfactual_bounded,True,0.0036855036855036856,12.0,0.0006144838276060632,2.000759342685342,0.0011099159049637632,3.613886186562013,0.004656598724611332,15.161885447334498,1330.3194103194103,4331520.0,216.6879606879607,705536.0,two_stage_mixed_b005_q2,0,0.33717454075813313,0.3088764399290085,61000,3276,True,20,395.0027662299981,two_stage,0.24984934940367537,813.509481658367,0.6928746928746928,2256.0,0.6928746928746928,2256.0,0.0036855036855036856,12.0,True,1.0,3256.0,0.0036855036855036856,12.0,0.0031599472775877403,10.288788335825682,two_stage,0.24968342719490183,812.9692389466004,0.46467414844314353,1512.9790273308754,0.016315412671339652,53.1229836578819,0.0010845362407862409,3.53125,bury_bones,15,True,0.0012551833060570061,3477,/home/localadmin/imagined_rehearsal/logs/rlscape/m4_reservoir_3goal_500k_seed0/stage5a_gating/evaluations/qualification_consequence/replicate_00/two_stage_mixed_b005_q2/bury_bones/sampled/attempt_01,162.8,200.0,0.03125,0.05,mixed_bounded,mixed_b005,True,qualification_consequence,sampled,0,20,21,0,61000,/home/localadmin/imagined_rehearsal/logs/rlscape/m4_reservoir_3goal_500k_seed0/stage4a_counterfactual_head_repair/checkpoints/counterfactual_bounded,8.293612804960674,0.35,7,3276,1,35.26950588999898
0.0,nan,nan,nan,nan,0.0,71000,stage5a,stage4a_counterfactual_bounded,True,0.0,0.0,0.0,0.0,0.0011189790790085681,2.237958158017136,0.005318503016140312,10.637006032280624,1520.64,3041280.0,229.376,458752.0,two_stage_mixed_b005_q2,0,0.33717454075813313,0.3088764399290085,61000,2010,True,10,241.68963551902561,two_stage,0.3491297104844748,698.2594209689496,0.792,1584.0,0.792,1584.0,0.0,0.0,True,1.0,2000.0,0.0,0.0,0.002441052930336234,4.882105860672468,two_stage,0.3481224797780678,696.2449595561357,0.4643901076614857,928.7802153229713,0.006942656188560466,13.885312377120933,0.00030078125,0.6015625,bury_bones,15,True,0.0012551833060570061,2211,/home/localadmin/imagined_rehearsal/logs/rlscape/m4_reservoir_3goal_500k_seed0/stage5a_gating/evaluations/qualification_consequence/replicate_00/two_stage_mixed_b005_q2/bury_bones/deterministic/attempt_01,200.0,200.0,0.03125,0.05,mixed_bounded,mixed_b005,True,qualification_consequence,deterministic,0,10,11,0,61000,/home/localadmin/imagined_rehearsal/logs/rlscape/m4_reservoir_3goal_500k_seed0/stage4a_counterfactual_head_repair/checkpoints/counterfactual_bounded,8.316450954479487,0.0,0,2010,1,35.34678749900195
0.0,0.04313998945572382,0.028692155759484323,10.166666666666666,2.573108725431469e-05,9.15,71000,stage5a,stage4a_counterfactual_bounded,True,0.0814419225634179,183.0,0.0018338220659021701,4.120598182082176,0.001079155989617116,2.4248635086696595,0.005946867658064917,13.362611627671868,1705.5273698264352,3832320.0,241.7018246550957,543104.0,two_stage_mixed_b005_q2,0,0.33717454075813313,0.3088764399290085,61000,2267,True,20,277.14393205501256,two_stage,0.5343651116370198,1200.7184058483836,0.888295505117935,1996.0,0.888295505117935,1996.0,0.0814419225634179,183.0,True,1.0,2247.0,0.0814419225634179,183.0,0.0015895723948667053,3.571769171265487,two_stage,0.5343638827837327,1200.7156446150475,0.5298606788629312,1190.5969454050064,0.22872652611306518,513.9485041760574,0.027425456163773922,61.625,chop_logs,15,True,0.0012551833060570061,2364,/home/localadmin/imagined_rehearsal/logs/rlscape/m4_reservoir_3goal_500k_seed0/stage5a_gating/evaluations/qualification_consequence/replicate_00/two_stage_mixed_b005_q2/chop_logs/sampled/attempt_01,112.35,95.5,0.03125,0.05,mixed_bounded,mixed_b005,True,qualification_consequence,sampled,0,20,21,0,61000,/home/localadmin/imagined_rehearsal/logs/rlscape/m4_reservoir_3goal_500k_seed0/stage4a_counterfactual_head_repair/checkpoints/counterfactual_bounded,8.17986518120846,0.8,16,2267,1,22.863630313018803
0.0,0.041431704404228276,0.018605243712458967,4.571428571428571,3.085791748948822e-05,3.2,71000,stage5a,stage4a_counterfactual_bounded,True,0.03319502074688797,32.0,0.002332495042428189,2.248525220900774,0.0010864316907646598,1.047320149897132,0.006223253076857427,5.99921596609056,1784.5643153526971,1720320.0,246.97095435684648,238080.0,two_stage_mixed_b005_q2,0,0.33717454075813313,0.3088764399290085,61000,974,True,10,119.39429349100101,two_stage,0.6392423307663564,616.2296068587675,0.9294605809128631,896.0,0.9294605809128631,896.0,0.03319502074688797,32.0,True,1.0,964.0,0.03319502074688797,32.0,0.0013031917655705956,1.2562768620100542,two_stage,0.6398156043682041,616.7822426109487,0.4043329706206856,389.7769836783409,0.14505314207158387,139.83122895700686,0.01658940612033195,15.9921875,chop_logs,15,True,0.0012551833060570061,1175,/home/localadmin/imagined_rehearsal/logs/rlscape/m4_reservoir_3goal_500k_seed0/stage5a_gating/evaluations/qualification_consequence/replicate_00/two_stage_mixed_b005_q2/chop_logs/deterministic/attempt_01,96.4,63.0,0.03125,0.05,mixed_bounded,mixed_b005,True,qualification_consequence,deterministic,0,10,11,0,61000,/home/localadmin/imagined_rehearsal/logs/rlscape/m4_reservoir_3goal_500k_seed0/stage4a_counterfactual_head_repair/checkpoints/counterfactual_bounded,8.157843825872737,0.8,8,974,1,35.21628283400787
