best_goal_success,condition,episodes,horizon,mean_goal_delta_vs_frozen,mean_goal_delta_vs_reward_only,mean_goal_success,mix_beta,policy_mode,replicate_delta_max,replicate_delta_mean,replicate_delta_min,replicate_delta_std,replicate_macro_max,replicate_macro_mean,replicate_macro_min,replicate_macro_std,replicate_positive_delta_count,update_rms_clip,value_correction_clip,worst_goal_delta_vs_reward_only,worst_goal_success
0.76,frozen,450,0,0.0,-0.11777777777777777,0.62,0.0,sampled,-0.08666666666666667,-0.1177777777777778,-0.16666666666666663,0.03499559055116357,0.6733333333333333,0.62,0.58,0.03925227051701267,0,0.0,0.0,-0.3,0.5
0.9,reward_only_h15,450,15,0.11777777777777777,0.0,0.7377777777777778,0.0,sampled,0.0,0.0,0.0,0.0,0.7733333333333334,0.7377777777777778,0.6933333333333334,0.03325917677132394,0,0.0,0.0,0.0,0.5133333333333333
0.94,mixed_b005_h15,450,15,0.2555555555555556,0.1377777777777778,0.8755555555555555,0.05,sampled,0.21333333333333326,0.13777777777777775,0.06666666666666676,0.05995883361436456,0.9066666666666666,0.8755555555555555,0.8133333333333334,0.04399775527382959,3,0.0,0.0,0.04,0.7866666666666666
0.9533333333333334,mixed_b010_h15,450,15,0.20444444444444446,0.08666666666666667,0.8244444444444445,0.1,sampled,0.1466666666666666,0.08666666666666663,0.046666666666666745,0.043204937989385704,0.84,0.8244444444444444,0.7933333333333333,0.021998877636914795,3,0.0,0.0,0.02,0.6
0.88,mixed_b025_h15,450,15,0.22,0.10222222222222221,0.84,0.25,sampled,0.18666666666666654,0.10222222222222214,0.033333333333333326,0.06355710953811147,0.8799999999999999,0.8399999999999999,0.7799999999999999,0.04320493798938574,3,0.0,0.0,-0.020000000000000007,0.76
0.94,mixed_b025_clip050_h15,450,15,0.24222222222222223,0.12444444444444443,0.8622222222222223,0.25,sampled,0.16666666666666663,0.12444444444444447,0.08666666666666678,0.03281071791162972,0.8933333333333334,0.8622222222222223,0.8333333333333334,0.024545246704860604,3,0.0,0.5,9.25185853854297e-18,0.7466666666666667
0.92,mixed_b025_ucap15e6_h15,450,15,0.21555555555555553,0.09777777777777778,0.8355555555555556,0.25,sampled,0.12,0.09777777777777778,0.08666666666666656,0.01571348402636772,0.8933333333333334,0.8355555555555556,0.7799999999999999,0.046294814791110424,3,1.5e-05,0.0,-0.08,0.7666666666666667
0.8733333333333333,mixed_b025_h6,450,6,0.1911111111111111,0.07333333333333333,0.811111111111111,0.25,sampled,0.1066666666666668,0.07333333333333329,0.0066666666666664876,0.04714045207910326,0.8533333333333334,0.811111111111111,0.7799999999999999,0.030951973949298103,3,0.0,0.0,-0.02666666666666667,0.7733333333333333
0.7866666666666666,mixed_b100_h15,450,15,0.10222222222222221,-0.015555555555555553,0.7222222222222222,1.0,sampled,-0.0066666666666664876,-0.015555555555555508,-0.020000000000000018,0.006285393610547182,0.7533333333333334,0.7222222222222223,0.6733333333333333,0.03499559055116364,0,0.0,0.0,-0.18666666666666668,0.6133333333333333
0.7466666666666667,frozen,225,0,0.0,-0.22666666666666666,0.5866666666666668,0.0,deterministic,-0.10666666666666669,-0.2266666666666667,-0.38666666666666677,0.11775681155103798,0.7466666666666667,0.5866666666666667,0.37333333333333335,0.15700908206805061,0,0.0,0.0,-0.3333333333333333,0.4266666666666667
0.92,reward_only_h15,225,15,0.22666666666666666,0.0,0.8133333333333335,0.0,deterministic,0.0,0.0,0.0,0.0,0.8533333333333334,0.8133333333333335,0.7600000000000001,0.03925227051701263,0,0.0,0.0,0.0,0.76
0.9066666666666666,mixed_b005_h15,225,15,0.2088888888888889,-0.017777777777777778,0.7955555555555556,0.05,deterministic,0.13333333333333308,-0.017777777777777892,-0.1333333333333333,0.1117316007997913,0.8933333333333332,0.7955555555555556,0.7200000000000001,0.0724866952457781,1,0.0,0.0,-0.13333333333333333,0.6266666666666667
0.9466666666666667,mixed_b010_h15,225,15,0.2088888888888889,-0.017777777777777778,0.7955555555555556,0.1,deterministic,0.026666666666666616,-0.01777777777777778,-0.06666666666666665,0.03823255674241165,0.8133333333333335,0.7955555555555556,0.7866666666666667,0.012570787221094207,1,0.0,0.0,-0.09333333333333334,0.6666666666666666
0.8,mixed_b025_h15,225,15,0.13333333333333333,-0.09333333333333334,0.7200000000000001,0.25,deterministic,-0.02666666666666684,-0.09333333333333342,-0.13333333333333341,0.047453681120139105,0.7999999999999999,0.7200000000000001,0.6266666666666667,0.07138834846315112,0,0.0,0.0,-0.12000000000000001,0.6533333333333333
0.7866666666666666,mixed_b025_clip050_h15,225,15,0.12888888888888891,-0.09777777777777778,0.7155555555555555,0.25,deterministic,-0.026666666666666616,-0.09777777777777778,-0.14666666666666672,0.05144816401240104,0.8000000000000002,0.7155555555555556,0.6133333333333334,0.07723620976436789,0,0.0,0.5,-0.17333333333333334,0.5866666666666667
0.7733333333333333,mixed_b025_ucap15e6_h15,225,15,0.16444444444444445,-0.06222222222222223,0.7511111111111112,0.25,deterministic,0.0,-0.062222222222222213,-0.16000000000000003,0.06999118110232724,0.8000000000000002,0.7511111111111113,0.6933333333333334,0.04399775527382968,0,1.5e-05,0.0,-0.21333333333333335,0.7066666666666667
0.6933333333333334,mixed_b025_h6,225,6,0.06222222222222221,-0.16444444444444442,0.648888888888889,0.25,deterministic,-0.09333333333333349,-0.1644444444444446,-0.20000000000000018,0.050283148884376704,0.6666666666666666,0.6488888888888887,0.6266666666666666,0.016629588385661982,0,0.0,0.0,-0.27999999999999997,0.6133333333333333
0.8666666666666667,mixed_b100_h15,225,15,0.13777777777777778,-0.08888888888888889,0.7244444444444444,1.0,deterministic,0.0,-0.0888888888888889,-0.20000000000000007,0.08314794192830985,0.7600000000000001,0.7244444444444446,0.6533333333333333,0.05028314888437677,0,0.0,0.0,-0.18666666666666668,0.5733333333333334
